Customer ID,Age,Gender,Item Purchased,Category,Purchase Amount (USD),Location,Size,Color,Season,Review Rating,Subscription Status,Shipping Type,Discount Applied,Promo Code Used,Previous Purchases,Payment Method,Frequency of Purchases,purchases_per_year,loyalty_factor,eltv,discount_premium,satisfaction_index,category_affinity,loyalty_tier,H_score,F_score,M_score,rfm_score,segment
1,55,Male,Blouse,Clothing,53,Kentucky,L,Gray,Winter,3.1,1,Express,1,1,14,Venmo,Fortnightly,26,0.5755005388401039,59.68722417378027,0.4712640708417055,0.5871001077680208,0.8829605616511932,Silver,2,2,3,7,Occasional Buyer
2,19,Male,Sweater,Clothing,64,Maine,L,Maroon,Winter,3.1,1,Express,1,1,2,Cash,Fortnightly,26,0.41176612508188887,44.69065303861837,0.4712640708417055,0.5543532250163777,1.0662165272769124,Bronze,1,2,3,6,Occasional Buyer
3,50,Male,Jeans,Clothing,73,Massachusetts,S,Maroon,Spring,3.1,1,Free Shipping,1,1,23,Credit Card,Weekly,52,0.9233158463485474,206.64859822209448,0.4712640708417055,0.7566631692697096,1.2161532264252284,Silver,3,3,4,10,Promo-Dependent
4,21,Male,Sandals,Footwear,90,Rhode Island,M,Maroon,Spring,3.5,1,Next Day Air,1,1,49,PayPal,Weekly,52,0.9979854012719828,234.09214060402334,-2.7198160345219193,0.8195970802543966,1.493641426315352,Platinum,5,3,5,13,Loyal Promo-User
5,45,Male,Blouse,Clothing,49,Oregon,M,Turquoise,Spring,2.7,1,Free Shipping,1,1,31,PayPal,Annually,1,0.3641213303162258,1.4244510209641763,0.4712640708417055,0.400670419909399,0.8163220286963861,Gold,4,1,2,7,Occasional Buyer
6,46,Male,Sneakers,Footwear,20,Wyoming,M,White,Summer,2.9,1,Standard,1,1,14,Venmo,Weekly,52,0.8755005388401038,138.60501380635745,-2.7198160345219193,0.7231001077680208,0.3319203169589671,Silver,2,3,1,6,Occasional Buyer
7,63,Male,Shirt,Clothing,85,Montana,M,Gray,Fall,3.2,1,Free Shipping,1,1,49,Cash,Quarterly,4,0.44413924742582894,7.913401823725235,0.4712640708417055,0.4882124648697812,1.4160688252896494,Platinum,5,1,5,11,Loyal Promo-User
8,27,Male,Shorts,Clothing,34,Louisiana,L,Charcoal,Winter,3.2,1,Free Shipping,1,1,19,Credit Card,Weekly,52,0.9047675612693207,167.27170694298394,0.4712640708417055,0.7649535122538642,0.5664275301158598,Silver,2,3,1,6,Occasional Buyer
9,26,Male,Coat,Outerwear,97,West Virginia,L,Silver,Summer,2.6,1,Express,1,1,8,Venmo,Annually,1,0.2350707117022393,1.077791568342713,3.3361111111111157,0.3628602961866017,1.6966098034981645,Bronze,1,1,5,7,Occasional Buyer
10,57,Male,Handbag,Accessories,31,Missouri,M,Pink,Spring,4.8,1,2-Day Shipping,1,1,4,Cash,Quarterly,4,0.20988825991206111,2.909669111813563,2.3996554557680767,0.6333622673670276,0.5180592991913747,Bronze,1,1,1,3,At-Risk / One-Timer
11,53,Male,Shoes,Footwear,34,Arkansas,L,Purple,Fall,4.1,1,Store Pickup,1,1,26,Bank Transfer,Bi-Weekly,26,0.6352983752456667,58.726378019323434,-2.7198160345219193,0.7190596750491334,0.5642645388302441,Gold,3,2,1,6,Occasional Buyer
12,30,Male,Shorts,Clothing,68,Hawaii,S,Olive,Winter,4.9,1,Store Pickup,1,1,10,Bank Transfer,Fortnightly,26,0.5439472648879285,59.88139696291654,0.4712640708417055,0.7967894529775857,1.1328550602317196,Bronze,1,2,3,6,Occasional Buyer
13,61,Male,Coat,Outerwear,72,Delaware,M,Gold,Winter,4.5,1,Express,1,1,37,Venmo,Fortnightly,26,0.6700658675655395,74.74715111988428,3.3361111111111157,0.7740131735131079,1.2593392355862665,Gold,4,2,4,10,Promo-Dependent
14,65,Male,Dress,Clothing,51,New Hampshire,M,Violet,Spring,4.7,1,Express,1,1,31,PayPal,Weekly,52,0.9525828687777642,195.72212798769368,0.4712640708417055,0.9545165737555529,0.8496412951737896,Gold,4,3,2,9,Promo-Dependent
15,64,Male,Coat,Outerwear,53,New York,L,Teal,Winter,4.7,1,Free Shipping,1,1,34,Debit Card,Weekly,52,0.9616994641775043,199.48259865006074,3.3361111111111157,0.9563398928355009,0.9270136039732239,Gold,4,3,3,10,Promo-Dependent
16,64,Male,Skirt,Clothing,81,Rhode Island,M,Teal,Winter,2.8,1,Store Pickup,1,1,8,PayPal,Monthly,12,0.3619937886253162,19.142459948703465,0.4712640708417055,0.4545526038789094,1.3494302923348425,Bronze,1,2,4,7,Occasional Buyer
17,25,Male,Sunglasses,Accessories,36,Alabama,S,Gray,Spring,4.1,1,Next Day Air,1,1,44,Debit Card,Bi-Weekly,26,0.6872666639219928,64.5232511954982,2.3996554557680767,0.7294533327843985,0.6016172506738545,Platinum,5,2,2,9,Promo-Dependent
18,53,Male,Dress,Clothing,38,Mississippi,XL,Lavender,Winter,4.7,1,2-Day Shipping,1,1,36,Venmo,Quarterly,4,0.413506648637333,6.059628393469364,0.4712640708417055,0.662085945112082,0.6330660630706668,Gold,4,1,2,7,Occasional Buyer
19,52,Male,Sweater,Clothing,48,Montana,S,Black,Summer,4.6,1,Free Shipping,1,1,17,Cash,Weekly,52,0.8940488239193305,180.93282274242156,0.4712640708417055,0.9308097647838661,0.7996623954576844,Silver,2,3,2,7,Occasional Buyer
20,66,Male,Pants,Clothing,90,Rhode Island,M,Green,Summer,3.3,1,Standard,1,1,46,Debit Card,Bi-Weekly,26,0.6916905744410977,81.12309408542889,0.4712640708417055,0.6343381148882196,1.4993669914831582,Platinum,5,2,5,12,Loyal Promo-User
21,21,Male,Pants,Clothing,51,Louisiana,M,Black,Winter,2.8,1,Express,1,1,50,Cash,Every 3 Months,4,0.4461538461538462,7.051450328545317,0.4712640708417055,0.4406153846153846,0.8496412951737896,Platinum,5,1,2,8,Promo-Dependent
22,31,Male,Pants,Clothing,62,North Carolina,M,Charcoal,Winter,4.1,1,Store Pickup,1,1,22,Debit Card,Quarterly,4,0.3651399364659534,6.051295803057958,0.4712640708417055,0.580412602677806,1.032897260799509,Silver,3,1,3,7,Occasional Buyer
23,56,Male,Pants,Clothing,37,California,M,Peach,Summer,3.2,1,Store Pickup,1,1,32,Debit Card,Annually,1,0.367251851508279,1.3359102521804054,0.4712640708417055,0.46129652414780964,0.616406429831965,Gold,4,1,2,7,Occasional Buyer
24,31,Male,Pants,Clothing,88,Oklahoma,XL,White,Winter,4.4,1,Express,1,1,40,Credit Card,Weekly,52,0.9777962110828611,228.22652503314637,0.4712640708417055,0.9235592422165722,1.4660477250057546,Platinum,4,3,5,12,Loyal Promo-User
25,18,Male,Jacket,Outerwear,22,Florida,M,Green,Fall,2.9,1,Store Pickup,1,1,16,Debit Card,Weekly,52,0.8882338749181111,144.8227132142998,3.3361111111111157,0.7256467749836223,0.3847980997624703,Silver,2,3,1,6,Occasional Buyer
26,18,Male,Hoodie,Clothing,25,Texas,M,Silver,Summer,3.6,1,Express,1,1,14,PayPal,Annually,1,0.28703900037856545,0.935200773410551,0.4712640708417055,0.49325395392186694,0.4164908309675439,Silver,2,1,1,4,At-Risk / One-Timer
27,38,Male,Jewelry,Accessories,20,Nevada,M,Red,Spring,3.6,1,Next Day Air,1,1,13,Credit Card,Annually,1,0.2800200857133037,0.8525274339673893,2.3996554557680767,0.49185017098881456,0.33423180592991913,Bronze,2,1,1,4,At-Risk / One-Timer
28,56,Male,Shorts,Clothing,56,Kentucky,L,Cyan,Summer,5.0,1,Next Day Air,1,1,7,Bank Transfer,Every 3 Months,4,0.2577035674205047,4.167634939939832,0.4712640708417055,0.6669253288687164,0.9329394613672984,Bronze,1,1,3,5,At-Risk / One-Timer
29,54,Male,Handbag,Accessories,94,North Carolina,M,Gray,Fall,4.4,1,Free Shipping,1,1,41,PayPal,Every 3 Months,4,0.42640159541057726,7.767121487527324,2.3996554557680767,0.6286649344667308,1.57088948787062,Platinum,5,1,5,11,Loyal Promo-User
30,31,Male,Dress,Clothing,48,Wyoming,S,Black,Fall,4.1,1,Store Pickup,1,1,14,Credit Card,Weekly,52,0.8755005388401038,177.17911993936477,0.4712640708417055,0.8671001077680207,0.7996623954576844,Silver,2,3,2,7,Occasional Buyer
31,57,Male,Jewelry,Accessories,31,North Carolina,L,Black,Winter,4.7,1,Standard,1,1,16,Credit Card,Monthly,12,0.4266954133796496,17.74576336451787,2.3996554557680767,0.6954929288297762,0.5180592991913747,Silver,2,2,1,5,At-Risk / One-Timer
32,33,Male,Dress,Clothing,79,West Virginia,L,Brown,Winter,4.7,1,Store Pickup,1,1,45,Venmo,Monthly,12,0.5279642025291986,27.762638371647643,0.4712640708417055,0.715746686659686,1.3161110258574389,Platinum,5,2,4,11,Loyal Promo-User
33,36,Male,Jacket,Outerwear,67,Kansas,M,Silver,Summer,4.9,1,Free Shipping,1,1,37,Venmo,Annually,1,0.38160432910400116,1.6101824069828918,3.3361111111111157,0.6681670196669541,1.1718851220038868,Gold,4,1,3,8,Promo-Dependent
34,54,Male,Pants,Clothing,38,Colorado,L,Green,Summer,3.3,1,Store Pickup,1,1,45,Cash,Quarterly,4,0.43565651022150625,6.3842179269367945,0.4712640708417055,0.4985159174289166,0.6330660630706668,Platinum,5,1,2,8,Promo-Dependent
35,36,Male,T-shirt,Clothing,91,North Dakota,L,Violet,Spring,4.6,1,2-Day Shipping,1,1,38,PayPal,Quarterly,4,0.4188623015480085,7.576027081985022,0.4712640708417055,0.6511570756942171,1.51602662472186,Gold,4,1,5,10,Promo-Dependent
36,54,Male,Blouse,Clothing,33,Massachusetts,M,Cyan,Summer,4.0,1,2-Day Shipping,1,1,48,Credit Card,Bi-Weekly,26,0.6959301008385788,63.80661132272203,0.4712640708417055,0.7191860201677157,0.549767896877158,Platinum,5,2,1,8,Promo-Dependent
37,35,Male,T-shirt,Clothing,69,Illinois,M,Maroon,Winter,4.6,1,Free Shipping,1,1,44,PayPal,Fortnightly,26,0.6872666639219928,75.91607794398479,0.4712640708417055,0.7894533327843984,1.1495146934704212,Platinum,5,2,4,11,Loyal Promo-User
38,35,Male,Jeans,Clothing,45,Indiana,S,Cyan,Summer,2.8,1,Store Pickup,1,1,10,PayPal,Weekly,52,0.8439472648879285,168.02091460979088,0.4712640708417055,0.7047894529775858,0.7496834957415791,Bronze,1,3,2,6,Occasional Buyer
39,29,Male,Dress,Clothing,37,Florida,M,Red,Winter,3.8936333319609964,1,2-Day Shipping,1,1,44,Venmo,Every 3 Months,4,0.4334205100758389,6.306417795173688,0.4712640708417055,0.5693047172351027,0.616406429831965,Platinum,5,1,2,8,Promo-Dependent
40,70,Male,Pants,Clothing,60,Arizona,S,Turquoise,Summer,4.2,1,Express,1,1,18,Credit Card,Monthly,12,0.43801083227152526,21.60728739131776,0.4712640708417055,0.6377560126081513,0.9995779943221055,Silver,2,2,3,7,Occasional Buyer
41,69,Male,Handbag,Accessories,76,Louisiana,L,Beige,Winter,4.6,1,Next Day Air,1,1,31,Debit Card,Quarterly,4,0.3987367149316104,6.928138816848224,2.3996554557680767,0.6471319583709374,1.2700808625336928,Gold,4,1,4,9,Promo-Dependent
42,67,Male,Scarf,Accessories,39,Alaska,M,Orange,Spring,4.5,1,Standard,1,1,40,Venmo,Annually,1,0.38933467262132265,1.4362086746069729,2.3996554557680767,0.6217130883704184,0.6517520215633423,Platinum,4,1,2,7,Occasional Buyer
43,20,Male,Coat,Outerwear,100,Tennessee,M,Beige,Spring,4.1,1,Free Shipping,1,1,15,PayPal,Annually,1,0.2936047565606729,1.3550213358453451,3.3361111111111157,0.5545671051582883,1.7490822716475922,Silver,2,1,5,8,Promo-Dependent
44,25,Male,Scarf,Accessories,69,Ohio,L,Lavender,Fall,3.7,1,Store Pickup,1,1,19,PayPal,Fortnightly,26,0.6047675612693206,66.80315477156108,2.3996554557680767,0.6649535122538641,1.1530997304582211,Silver,2,2,4,8,Promo-Dependent
45,39,Male,Hat,Accessories,53,Kentucky,S,Silver,Summer,4.6,1,Free Shipping,1,1,45,PayPal,Weekly,52,0.9895026640676601,205.24973773193472,2.3996554557680767,0.949900532813532,0.8857142857142858,Platinum,5,3,3,11,Loyal Promo-User
46,50,Male,Socks,Clothing,21,Tennessee,XL,Indigo,Fall,2.9,1,2-Day Shipping,1,1,25,PayPal,Annually,1,0.3429973656062879,1.0602194184790994,0.4712640708417055,0.4204456269674114,0.34985229801273693,Silver,3,1,1,5,At-Risk / One-Timer
47,57,Male,Shirt,Clothing,43,California,L,White,Summer,2.9,1,Store Pickup,1,1,45,Cash,Quarterly,4,0.43565651022150625,6.594427399716915,0.4712640708417055,0.4505159174289166,0.7163642292641755,Platinum,5,1,2,8,Promo-Dependent
48,55,Male,Jewelry,Accessories,54,Montana,M,Charcoal,Winter,4.5,1,Free Shipping,1,1,36,Cash,Weekly,52,0.9673528024834868,201.57825933542486,2.3996554557680767,0.9334705604966973,0.9024258760107817,Gold,4,3,3,10,Promo-Dependent
49,42,Male,Shirt,Clothing,55,Nevada,M,Orange,Summer,2.7,1,Store Pickup,1,1,38,Cash,Monthly,12,0.5111699938557008,24.691667988241456,0.4712640708417055,0.4723878449249863,0.9162798281285967,Gold,4,2,3,9,Promo-Dependent
50,68,Male,Hoodie,Clothing,30,New Jersey,S,Indigo,Spring,4.6,1,Next Day Air,1,1,34,Debit Card,Bi-Weekly,26,0.6616994641775042,59.0789548232059,0.4712640708417055,0.7843398928355008,0.49978899716105274,Gold,4,2,1,7,Occasional Buyer
51,49,Male,Blouse,Clothing,28,Maryland,M,Red,Spring,3.887642067512437,1,Store Pickup,1,1,39,Debit Card,Bi-Weekly,26,0.6752841350248735,59.120917750057274,0.4712640708417055,0.7015738751064671,0.4664697306836492,Platinum,4,2,1,7,Occasional Buyer
52,59,Male,Skirt,Clothing,59,Vermont,XL,Gray,Winter,4.7,1,2-Day Shipping,1,1,7,Credit Card,Quarterly,4,0.2577035674205047,4.22050879973352,0.4712640708417055,0.6309253288687163,0.9829183610834037,Bronze,1,1,3,5,At-Risk / One-Timer
53,42,Male,T-shirt,Clothing,20,Alaska,M,Green,Summer,2.6,1,Free Shipping,1,1,26,Credit Card,Weekly,52,0.9352983752456666,148.07191824888807,0.4712640708417055,0.6990596750491334,0.33319266477403514,Gold,3,3,1,7,Occasional Buyer
54,29,Male,Skirt,Clothing,24,Mississippi,S,Peach,Winter,3.9,1,Next Day Air,1,1,35,Credit Card,Weekly,52,0.9645653976748835,161.45044448416334,0.4712640708417055,0.8609130795349766,0.3998311977288422,Gold,4,3,1,8,Promo-Dependent
55,47,Male,Coat,Outerwear,94,New Mexico,M,Brown,Summer,4.2,1,Next Day Air,1,1,35,Debit Card,Bi-Weekly,26,0.6645653976748835,78.68507419315337,3.3361111111111157,0.7369130795349768,1.6441373353487367,Gold,4,2,5,11,Loyal Promo-User
56,40,Male,Jacket,Outerwear,28,South Carolina,M,Lavender,Winter,3.0,1,2-Day Shipping,1,1,49,Credit Card,Annually,1,0.40952386281044434,1.378987995521562,3.3361111111111157,0.4457509264082427,0.4897430360613258,Platinum,5,1,1,7,Occasional Buyer
57,41,Male,Backpack,Accessories,73,Mississippi,XL,Brown,Summer,4.7,1,Store Pickup,1,1,46,Credit Card,Weekly,52,0.9916905744410976,221.95164080499904,2.3996554557680767,0.9623381148882195,1.2199460916442049,Platinum,5,3,4,12,Loyal Promo-User
58,21,Male,Coat,Outerwear,64,West Virginia,M,White,Summer,4.4,1,Store Pickup,1,1,17,Debit Card,Fortnightly,26,0.5940488239193306,64.47453605489854,3.3361111111111157,0.7468097647838661,1.119412653854459,Silver,2,2,3,7,Occasional Buyer
59,69,Male,Hoodie,Clothing,54,Missouri,M,Charcoal,Summer,4.2,1,Free Shipping,1,1,29,Venmo,Monthly,12,0.4844786510571952,23.29760851101793,0.4712640708417055,0.6470495763652853,0.8996201948898949,Gold,3,2,3,8,Promo-Dependent
60,63,Male,Belt,Accessories,79,Louisiana,L,Yellow,Spring,4.6,1,Standard,1,1,4,Debit Card,Weekly,52,0.7637344137582149,174.0286362310881,2.3996554557680767,0.904746882751643,1.3202156334231807,Bronze,1,3,4,8,Promo-Dependent
61,50,Male,Sweater,Clothing,37,Idaho,L,Brown,Summer,4.0,1,Express,1,1,17,Cash,Weekly,52,0.8940488239193305,169.11334065644766,0.4712640708417055,0.8588097647838661,0.616406429831965,Silver,2,3,2,7,Occasional Buyer
62,55,Male,Scarf,Accessories,68,Texas,M,Orange,Winter,4.7,1,Store Pickup,1,1,21,Credit Card,Every 3 Months,4,0.36061768479732753,6.107574739492676,2.3996554557680767,0.6515081523440809,1.136388140161725,Silver,3,1,3,7,Occasional Buyer
63,30,Male,Sneakers,Footwear,21,Mississippi,S,Magenta,Spring,3.8,1,Free Shipping,1,1,31,Credit Card,Fortnightly,26,0.6525828687777642,52.44619514488713,-2.7198160345219193,0.6865165737555528,0.34851633280691546,Gold,4,2,1,7,Occasional Buyer
64,33,Male,Sunglasses,Accessories,79,Arizona,L,Lavender,Winter,2.7,1,2-Day Shipping,1,1,43,Credit Card,Weekly,52,0.9849804123990342,224.44294089176083,2.3996554557680767,0.7209960824798068,1.3202156334231807,Platinum,5,3,4,12,Loyal Promo-User
65,65,Male,Boots,Footwear,83,Alabama,S,Green,Fall,4.8,1,Standard,1,1,18,Debit Card,Fortnightly,26,0.5995492938099868,69.0688201514463,-2.7198160345219193,0.7959098587619973,1.3774693153797135,Silver,2,2,4,8,Promo-Dependent
66,65,Male,Backpack,Accessories,36,New Jersey,M,Purple,Spring,4.8,1,2-Day Shipping,1,1,44,Venmo,Every 3 Months,4,0.4334205100758389,6.260183534160973,2.3996554557680767,0.6780687173997832,0.6016172506738545,Platinum,5,1,2,8,Promo-Dependent
67,31,Male,Blouse,Clothing,94,Pennsylvania,S,Magenta,Winter,4.7,1,2-Day Shipping,1,1,3,Venmo,Every 3 Months,4,0.18718699366495184,3.409706099436004,0.4712640708417055,0.6168220141176057,1.5660055244379651,Bronze,1,1,5,7,Occasional Buyer
68,45,Male,Coat,Outerwear,33,Connecticut,L,Gray,Winter,4.4,1,Store Pickup,1,1,49,Debit Card,Monthly,12,0.5364469397335212,22.70046374192921,3.3361111111111157,0.6814432341005505,0.5771971496437054,Platinum,5,2,1,8,Promo-Dependent
69,57,Male,Handbag,Accessories,46,Utah,L,Silver,Summer,3.9,1,Next Day Air,1,1,21,Cash,Every 3 Months,4,0.36061768479732753,5.553725257026658,2.3996554557680767,0.5555081523440809,0.768733153638814,Silver,3,1,2,6,Occasional Buyer
70,48,Male,Belt,Accessories,70,Tennessee,S,Cyan,Summer,4.4,1,Express,1,1,5,Cash,Weekly,52,0.7822826988374417,173.4002773615806,2.3996554557680767,0.8844565397674884,1.169811320754717,Bronze,1,3,4,8,Promo-Dependent
71,22,Male,Belt,Accessories,29,Alabama,M,Magenta,Fall,4.2,1,Express,1,1,32,Debit Card,Every 3 Months,4,0.4018672361236636,5.467319165118448,2.3996554557680767,0.599758062609348,0.4846361185983828,Gold,4,1,1,6,Occasional Buyer
72,36,Male,Dress,Clothing,48,Virginia,L,Gold,Summer,2.9,1,Express,1,1,34,Bank Transfer,Annually,1,0.37323792571596587,1.4525749353261022,0.4712640708417055,0.426493738989347,0.7996623954576844,Gold,4,1,2,7,Occasional Buyer
73,18,Male,Dress,Clothing,26,Georgia,M,Olive,Winter,2.9,1,Store Pickup,1,1,21,Bank Transfer,Every 3 Months,4,0.36061768479732753,4.754148240352644,0.4712640708417055,0.43550815234408086,0.4331504642062457,Silver,3,1,1,5,At-Risk / One-Timer
74,48,Male,Pants,Clothing,85,Hawaii,M,Teal,Spring,2.7,1,Free Shipping,1,1,43,Bank Transfer,Bi-Weekly,26,0.6849804123990342,79.3296568468625,0.4712640708417055,0.5609960824798069,1.4160688252896494,Platinum,5,2,5,12,Loyal Promo-User
75,49,Male,Gloves,Accessories,58,Indiana,L,Violet,Spring,4.5,1,Express,1,1,3,Cash,Monthly,12,0.27949468597264415,13.675800569113528,2.3996554557680767,0.6420527833483751,0.9692722371967656,Bronze,1,2,3,6,Occasional Buyer
76,64,Male,Scarf,Accessories,85,Utah,M,Blue,Summer,2.7,1,Free Shipping,1,1,21,Credit Card,Annually,1,0.32600230018194293,1.4521274643878617,2.3996554557680767,0.3930466138825424,1.4204851752021563,Silver,3,1,5,9,Promo-Dependent
77,50,Male,Hat,Accessories,43,Delaware,S,Teal,Summer,4.2,1,Free Shipping,1,1,32,Venmo,Monthly,12,0.4941749284313559,22.440619698146826,2.3996554557680767,0.6489888318401174,0.7185983827493262,Gold,4,2,2,8,Promo-Dependent
78,22,Male,Dress,Clothing,53,Delaware,L,Gold,Summer,3.3,1,Next Day Air,1,1,36,Debit Card,Fortnightly,26,0.6673528024834868,69.21355174595129,0.4712640708417055,0.6294705604966974,0.8829605616511932,Gold,4,2,3,9,Promo-Dependent
79,50,Male,Skirt,Clothing,91,Nebraska,M,Maroon,Spring,4.7,1,Free Shipping,1,1,50,Venmo,Fortnightly,26,0.7,82.29655210229252,0.4712640708417055,0.804,1.51602662472186,Platinum,5,2,5,12,Loyal Promo-User
80,38,Male,Jacket,Outerwear,96,Iowa,M,Olive,Winter,2.6,1,2-Day Shipping,1,1,43,Bank Transfer,Every 3 Months,4,0.43113425855288035,7.889258503243111,3.3361111111111157,0.4136114670951915,1.6791189807816886,Platinum,5,1,5,11,Loyal Promo-User
81,19,Male,Sandals,Footwear,72,New York,XL,Blue,Summer,3.963734413758215,1,Store Pickup,1,1,24,Credit Card,Every 3 Months,4,0.3736226736702761,6.412051710702961,-2.7198160345219193,0.5657572797696564,1.1949131410522815,Silver,3,1,4,8,Promo-Dependent
82,67,Male,Shoes,Footwear,96,Virginia,L,Maroon,Summer,2.6,1,Express,1,1,36,Credit Card,Every 3 Months,4,0.413506648637333,7.566693620821392,-2.7198160345219193,0.41008594511208196,1.5932175214030422,Gold,4,1,5,10,Promo-Dependent
83,19,Male,Pants,Clothing,28,Georgia,S,Olive,Spring,4.0,1,2-Day Shipping,1,1,21,Credit Card,Every 3 Months,4,0.36061768479732753,4.857225704949671,0.4712640708417055,0.5675081523440809,0.4664697306836492,Silver,3,1,1,5,At-Risk / One-Timer
84,36,Male,Dress,Clothing,40,Texas,M,Turquoise,Summer,4.1,1,Standard,1,1,34,Bank Transfer,Weekly,52,0.9616994641775043,185.70969387017215,0.4712640708417055,0.8843398928355009,0.6663853295480703,Gold,4,3,2,9,Promo-Dependent
85,52,Male,Coat,Outerwear,32,Arizona,S,Peach,Spring,4.4,1,Standard,1,1,42,Bank Transfer,Every 3 Months,4,0.4287954449459535,5.997146062303641,3.3361111111111157,0.6291437043738061,0.5597063269272295,Platinum,5,1,1,7,Occasional Buyer
86,53,Male,Sunglasses,Accessories,95,New Mexico,M,Charcoal,Winter,4.5,1,Next Day Air,1,1,2,Debit Card,Bi-Weekly,26,0.41176612508188887,48.86554317645619,2.3996554557680767,0.7223532250163778,1.587601078167116,Bronze,1,2,5,8,Promo-Dependent
87,24,Male,Hoodie,Clothing,41,Nevada,L,Pink,Spring,3.7,1,2-Day Shipping,1,1,47,Cash,Bi-Weekly,26,0.6938324201041003,67.42622527688108,0.4712640708417055,0.6827664840208201,0.6830449627867721,Platinum,5,2,2,9,Promo-Dependent
88,52,Male,Shoes,Footwear,53,Ohio,M,Green,Fall,3.7,1,2-Day Shipping,1,1,44,Debit Card,Fortnightly,26,0.6872666639219928,71.27888971112728,-2.7198160345219193,0.6814533327843986,0.8795888399412628,Platinum,5,2,3,10,Promo-Dependent
89,33,Male,T-shirt,Clothing,47,Wyoming,M,Orange,Fall,3.5,1,Free Shipping,1,1,35,Credit Card,Monthly,12,0.5030269361364219,23.36782060422259,0.4712640708417055,0.5667592333811305,0.7830027622189826,Gold,4,2,2,8,Promo-Dependent
90,47,Male,Jacket,Outerwear,83,California,XL,Pink,Fall,3.6,1,Next Day Air,1,1,15,Cash,Quarterly,4,0.3282201411760575,5.817133260966398,3.3361111111111157,0.5130286436198269,1.4517382854675016,Silver,2,1,4,7,Occasional Buyer
91,25,Male,Hat,Accessories,48,South Carolina,L,Violet,Summer,2.9,1,Express,1,1,29,Credit Card,Monthly,12,0.4844786510571952,22.62604617822777,2.3996554557680767,0.4910495763652852,0.802156334231806,Gold,3,2,2,7,Occasional Buyer
92,44,Male,Scarf,Accessories,99,South Carolina,S,Green,Winter,4.6,1,Standard,1,1,18,Credit Card,Every 3 Months,4,0.34570313996383295,6.368087173455648,2.3996554557680767,0.6365252433773819,1.6544474393531,Silver,2,1,5,8,Promo-Dependent
93,61,Male,Jacket,Outerwear,87,Texas,M,Olive,Winter,4.4,1,2-Day Shipping,1,1,13,Venmo,Every 3 Months,4,0.3146354703286883,5.634915897773207,3.3361111111111157,0.6063117094503531,1.5217015763334052,Bronze,2,1,5,8,Promo-Dependent
94,37,Male,Sweater,Clothing,62,Florida,M,Purple,Fall,4.5,1,Standard,1,1,46,Credit Card,Weekly,52,0.9916905744410976,213.65279815370812,0.4712640708417055,0.9383381148882195,1.032897260799509,Platinum,5,3,3,11,Loyal Promo-User
95,58,Male,Skirt,Clothing,76,Nevada,S,Silver,Spring,4.6,1,Free Shipping,1,1,28,Credit Card,Weekly,52,0.9425681751459875,212.90530298262541,0.4712640708417055,0.9405136350291975,1.2661321261413336,Gold,3,3,4,10,Promo-Dependent
96,37,Male,Sneakers,Footwear,100,Missouri,L,Pink,Fall,3.8,1,Free Shipping,1,1,48,PayPal,Monthly,12,0.5343916393001171,29.595381822748855,-2.7198160345219193,0.6090321740138696,1.6596015847948355,Platinum,5,2,5,12,Loyal Promo-User
97,32,Male,Gloves,Accessories,73,Delaware,S,Gold,Spring,3.992490206199517,1,Express,1,1,43,Venmo,Every 3 Months,4,0.43113425855288035,7.422519650887655,2.3996554557680767,0.5807102918391335,1.2199460916442049,Platinum,5,1,4,10,Promo-Dependent
98,21,Male,Shoes,Footwear,92,Virginia,M,Teal,Winter,4.8,1,Store Pickup,1,1,37,Cash,Annually,1,0.38160432910400116,1.729659588681884,-2.7198160345219193,0.656167019666954,1.5268334580112486,Gold,4,1,5,10,Promo-Dependent
99,20,Male,Jeans,Clothing,67,New York,XL,Teal,Spring,2.6,1,Next Day Air,1,1,20,Bank Transfer,Annually,1,0.3212696370396398,1.3555997089278913,0.4712640708417055,0.3801000812540818,1.1161954269930177,Silver,2,1,3,6,Occasional Buyer
100,26,Male,Hoodie,Clothing,40,Missouri,XL,Indigo,Summer,3.7,1,Express,1,1,33,Debit Card,Quarterly,4,0.40490429482751017,6.014565115840189,0.4712640708417055,0.5403654743501174,0.6663853295480703,Gold,4,1,2,7,Occasional Buyer
101,62,Male,Sunglasses,Accessories,98,South Dakota,M,Maroon,Fall,2.7,1,Express,1,1,31,Cash,Fortnightly,26,0.6525828687777642,77.96610884864049,2.3996554557680767,0.5545165737555529,1.6377358490566039,Gold,4,2,5,11,Loyal Promo-User
102,27,Male,Coat,Outerwear,85,North Dakota,XL,White,Spring,4.6,1,Express,1,1,50,Credit Card,Bi-Weekly,26,0.7,81.06912079181383,3.3361111111111157,0.7919999999999999,1.4867199309004533,Platinum,5,2,5,12,Loyal Promo-User
103,51,Male,Socks,Clothing,67,Oklahoma,L,Violet,Winter,4.8,1,Next Day Air,1,1,35,Credit Card,Quarterly,4,0.41071924382872965,6.932132055997716,0.4712640708417055,0.6735284641503614,1.1161954269930177,Gold,4,1,3,8,Promo-Dependent
104,54,Male,Boots,Footwear,89,West Virginia,L,Red,Winter,4.0,1,Next Day Air,1,1,22,Venmo,Bi-Weekly,26,0.6189860903121072,72.41830946964491,-2.7198160345219193,0.7037972180624215,1.4770454104674036,Silver,3,2,5,10,Promo-Dependent
105,55,Male,Sunglasses,Accessories,24,New Hampshire,L,Pink,Spring,4.4,1,2-Day Shipping,1,1,1,PayPal,Monthly,12,0.2089781122170913,8.072095120106269,2.3996554557680767,0.6159494685972645,0.401078167115903,Bronze,1,2,1,4,At-Risk / One-Timer
106,69,Male,Backpack,Accessories,96,New York,M,Charcoal,Fall,3.6,1,Next Day Air,1,1,4,Bank Transfer,Annually,1,0.1752728752966765,0.8018227468535604,2.3996554557680767,0.4709007289054891,1.604312668463612,Bronze,1,1,5,7,Occasional Buyer
107,64,Male,Jacket,Outerwear,35,Minnesota,L,White,Summer,3.7,1,Standard,1,1,31,Credit Card,Monthly,12,0.4910444072393027,21.11600319557995,3.3361111111111157,0.5883627276017067,0.6121787950766573,Gold,4,2,1,7,Occasional Buyer
108,28,Male,Sneakers,Footwear,67,Maryland,L,Olive,Winter,3.1,1,Next Day Air,1,1,46,PayPal,Fortnightly,26,0.6916905744410977,75.88343641974939,-2.7198160345219193,0.6103381148882195,1.1119330618125398,Platinum,5,2,3,10,Promo-Dependent
109,70,Male,Socks,Clothing,79,Montana,L,Purple,Spring,3.4,1,Next Day Air,1,1,32,Bank Transfer,Bi-Weekly,26,0.6557133899698174,74.70719202856107,0.4712640708417055,0.6391426779939635,1.3161110258574389,Gold,4,2,4,10,Promo-Dependent
110,58,Male,T-shirt,Clothing,85,Alabama,M,Violet,Spring,2.6,1,Next Day Air,1,1,43,Bank Transfer,Fortnightly,26,0.6849804123990342,79.3296568468625,0.4712640708417055,0.5489960824798069,1.4160688252896494,Platinum,5,2,5,12,Loyal Promo-User
111,56,Male,Backpack,Accessories,26,New York,M,Black,Summer,4.0,1,Standard,1,1,26,Venmo,Fortnightly,26,0.6352983752456667,54.43983495723033,2.3996554557680767,0.7070596750491334,0.43450134770889487,Gold,3,2,1,6,Occasional Buyer
112,26,Male,Belt,Accessories,75,Massachusetts,L,Purple,Summer,5.0,1,Free Shipping,1,1,9,Credit Card,Annually,1,0.24578944905222938,1.0644485617010984,2.3996554557680767,0.6530040436565997,1.2533692722371967,Bronze,1,1,4,6,Occasional Buyer
113,37,Male,Gloves,Accessories,65,Florida,M,Red,Spring,4.3,1,Free Shipping,1,1,28,PayPal,Bi-Weekly,26,0.6425681751459875,69.99560885396698,2.3996554557680767,0.7445136350291975,1.0862533692722371,Gold,3,2,3,8,Promo-Dependent
114,44,Male,Hat,Accessories,54,New Jersey,L,Maroon,Winter,3.1,1,Next Day Air,1,1,20,PayPal,Quarterly,4,0.3558850216550244,5.704599429621424,2.3996554557680767,0.45856161971562026,0.9024258760107817,Silver,2,1,3,6,Occasional Buyer
115,70,Male,Coat,Outerwear,95,Massachusetts,S,Blue,Summer,3.7,1,Store Pickup,1,1,9,Cash,Weekly,52,0.8342509875137678,198.00622327661355,3.3361111111111157,0.8108501975027536,1.6616281580652126,Bronze,1,3,5,9,Promo-Dependent
116,53,Male,Skirt,Clothing,94,Wyoming,M,Gray,Spring,3.8,1,Standard,1,1,48,Debit Card,Every 3 Months,4,0.44208394699242487,8.052783481425449,0.4712640708417055,0.5598014047831004,1.5660055244379651,Platinum,5,1,5,11,Loyal Promo-User
117,55,Male,Shoes,Footwear,86,Virginia,S,Blue,Spring,3.4,1,Free Shipping,1,1,12,Venmo,Annually,1,0.27248079185073504,1.2168741805036274,-2.7198160345219193,0.46634231221630085,1.4272573629235585,Bronze,2,1,5,8,Promo-Dependent
118,50,Male,Sandals,Footwear,32,South Dakota,L,Yellow,Summer,4.6,1,Express,1,1,29,Cash,Fortnightly,26,0.6460171125956566,58.72889669471386,-2.7198160345219193,0.7812034225191312,0.5310725071343474,Gold,3,2,1,6,Occasional Buyer
119,50,Male,Sweater,Clothing,45,Kentucky,L,Orange,Fall,4.8,1,2-Day Shipping,1,1,27,Cash,Bi-Weekly,26,0.638998197930395,63.60886877483431,0.4712640708417055,0.8037996395860789,0.7496834957415791,Gold,3,2,2,7,Occasional Buyer
120,38,Male,Coat,Outerwear,76,Wyoming,M,Orange,Fall,4.3,1,Express,1,1,44,Cash,Annually,1,0.3988051254604543,1.7323318662381602,3.3361111111111157,0.5996071789382447,1.32930252645217,Platinum,5,1,4,10,Promo-Dependent
121,64,Male,Hat,Accessories,84,West Virginia,L,Red,Summer,4.0,1,Express,1,1,32,Bank Transfer,Annually,1,0.367251851508279,1.6315718995516508,2.3996554557680767,0.5572965241478096,1.4037735849056605,Gold,4,1,4,9,Promo-Dependent
122,19,Male,Shorts,Clothing,72,Virginia,M,Olive,Winter,4.2,1,Standard,1,1,11,Cash,Fortnightly,26,0.5527992725929946,61.66583431207099,0.4712640708417055,0.7145598545185989,1.1994935931865265,Bronze,2,2,4,8,Promo-Dependent
123,40,Male,Backpack,Accessories,40,Washington,L,Brown,Spring,4.8,1,2-Day Shipping,1,1,44,Cash,Fortnightly,26,0.6872666639219928,66.357571423462,2.3996554557680767,0.8134533327843985,0.6684636118598383,Platinum,5,2,2,9,Promo-Dependent
124,57,Male,Sweater,Clothing,89,Louisiana,L,Brown,Fall,3.1,1,Free Shipping,1,1,46,Cash,Weekly,52,0.9916905744410976,232.04577951596218,0.4712640708417055,0.7703381148882196,1.4827073582444563,Platinum,5,3,5,13,Loyal Promo-User
125,44,Male,Sweater,Clothing,86,Nevada,M,Gray,Spring,3.1,1,Next Day Air,1,1,50,PayPal,Annually,1,0.4115384615384616,1.8378929565232327,0.4712640708417055,0.45815384615384613,1.432728458528351,Platinum,5,1,5,11,Loyal Promo-User
126,49,Male,Shorts,Clothing,54,California,M,Indigo,Winter,3.6,1,Next Day Air,1,1,45,Venmo,Every 3 Months,4,0.43565651022150625,6.983283163092845,0.4712640708417055,0.5345159174289167,0.8996201948898949,Platinum,5,1,3,9,Promo-Dependent
127,43,Male,Shorts,Clothing,36,Mississippi,L,Pink,Spring,3.9,1,Store Pickup,1,1,48,Cash,Every 3 Months,4,0.44208394699242487,6.385315372349627,0.4712640708417055,0.5718014047831004,0.5997467965932632,Platinum,5,1,2,8,Promo-Dependent
128,24,Male,Sweater,Clothing,89,Mississippi,M,Gray,Winter,4.8,1,Next Day Air,1,1,26,Credit Card,Weekly,52,0.9352983752456666,218.85056302588106,0.4712640708417055,0.9630596750491334,1.4827073582444563,Gold,3,3,5,11,Loyal Promo-User
129,20,Male,Scarf,Accessories,32,California,M,Gold,Spring,4.7,1,Standard,1,1,21,Credit Card,Fortnightly,26,0.6144638386434813,55.86041390968094,2.3996554557680767,0.7868927677286963,0.5347708894878707,Silver,3,2,1,6,Occasional Buyer
130,24,Male,Dress,Clothing,67,Pennsylvania,XL,Olive,Summer,4.2,1,2-Day Shipping,1,1,49,PayPal,Bi-Weekly,26,0.6979854012719828,76.57402424795679,0.4712640708417055,0.7435970802543965,1.1161954269930177,Platinum,5,2,3,10,Promo-Dependent
131,44,Male,Scarf,Accessories,39,Kentucky,L,Violet,Fall,3.7,1,Next Day Air,1,1,13,PayPal,Fortnightly,26,0.5684816241748422,54.52356476995729,2.3996554557680767,0.6576963248349685,0.6517520215633423,Bronze,2,2,2,6,Occasional Buyer
132,28,Male,Skirt,Clothing,29,Maine,L,Indigo,Summer,3.9,1,Standard,1,1,46,Credit Card,Weekly,52,0.9916905744410976,175.3926400308212,0.4712640708417055,0.8663381148882194,0.48312936392235095,Platinum,5,3,1,9,Promo-Dependent
133,30,Male,Backpack,Accessories,58,New Mexico,M,Orange,Fall,4.7,1,2-Day Shipping,1,1,42,PayPal,Weekly,52,0.9826415987921073,208.35141147673835,2.3996554557680767,0.9605283197584215,0.9692722371967656,Platinum,5,3,3,11,Loyal Promo-User
134,52,Male,Sweater,Clothing,65,Montana,M,Violet,Winter,2.5,1,Next Day Air,1,1,25,Venmo,Annually,1,0.3429973656062879,1.4370405393149557,0.4712640708417055,0.3724456269674114,1.0828761605156143,Silver,3,1,3,7,Occasional Buyer
135,43,Male,Hat,Accessories,94,Texas,L,Gray,Fall,4.9,1,Store Pickup,1,1,25,Cash,Monthly,12,0.4699204425293648,25.679518129502092,2.3996554557680767,0.7281379346597192,1.57088948787062,Silver,3,2,5,10,Promo-Dependent
136,43,Male,Sandals,Footwear,81,Kansas,M,Purple,Fall,4.1,1,Express,1,1,12,PayPal,Quarterly,4,0.30709617646611964,5.4131465263780365,-2.7198160345219193,0.5688038506778392,1.3442772836838168,Bronze,2,1,4,7,Occasional Buyer
137,39,Male,Blouse,Clothing,86,South Carolina,M,White,Winter,3.3,1,Free Shipping,1,1,4,Debit Card,Quarterly,4,0.20988825991206111,3.7493667358062286,0.4712640708417055,0.45336226736702756,1.432728458528351,Bronze,1,1,5,7,Occasional Buyer
138,68,Male,Sneakers,Footwear,43,Colorado,M,Turquoise,Spring,4.7,1,Free Shipping,1,1,38,PayPal,Weekly,52,0.9727084553941623,191.40748919381605,-2.7198160345219193,0.9585416910788325,0.7136286814617793,Gold,4,3,2,9,Promo-Dependent
139,68,Male,Skirt,Clothing,29,Georgia,M,Maroon,Winter,4.4,1,Store Pickup,1,1,42,Bank Transfer,Weekly,52,0.9826415987921073,173.79221771204953,0.4712640708417055,0.9245283197584214,0.48312936392235095,Platinum,5,3,1,9,Promo-Dependent
140,49,Male,Coat,Outerwear,95,Florida,M,White,Fall,3.8,1,Store Pickup,1,1,30,Venmo,Annually,1,0.3608914110593454,1.6472340593849986,3.3361111111111157,0.5320244360580229,1.6616281580652126,Gold,3,1,5,9,Promo-Dependent
141,63,Male,Shirt,Clothing,28,North Carolina,L,Yellow,Fall,3.9,1,2-Day Shipping,1,1,50,Credit Card,Weekly,52,1.0,175.09938315929665,0.4712640708417055,0.8679999999999999,0.4664697306836492,Platinum,5,3,1,9,Promo-Dependent
142,56,Male,Gloves,Accessories,46,Virginia,M,Turquoise,Fall,4.9,1,Free Shipping,1,1,45,PayPal,Weekly,52,0.9895026640676601,198.1060280651824,2.3996554557680767,0.9859005328135321,0.768733153638814,Platinum,5,3,2,10,Promo-Dependent
143,37,Male,Jacket,Outerwear,58,Nebraska,L,Violet,Fall,3.1,1,Free Shipping,1,1,33,Credit Card,Fortnightly,26,0.658750448673664,69.8380701370705,3.3361111111111157,0.6037500897347328,1.0144677175556034,Gold,4,2,3,9,Promo-Dependent
144,30,Male,Coat,Outerwear,48,Missouri,M,Beige,Fall,2.7,1,Store Pickup,1,1,25,PayPal,Quarterly,4,0.3776127502216725,5.878403864552332,3.3361111111111157,0.4149071654289499,0.8395594903908443,Silver,3,1,2,6,Occasional Buyer
145,19,Male,Shoes,Footwear,43,New Jersey,M,Silver,Fall,3.2,1,Express,1,1,25,Cash,Monthly,12,0.4699204425293648,21.33921680863085,-2.7198160345219193,0.5241379346597191,0.7136286814617793,Silver,3,2,2,7,Occasional Buyer
146,24,Male,Jewelry,Accessories,95,Missouri,M,Teal,Fall,4.5,1,Standard,1,1,44,Debit Card,Quarterly,4,0.4334205100758389,7.9131284852388895,2.3996554557680767,0.6420687173997832,1.587601078167116,Platinum,5,1,5,11,Loyal Promo-User
147,52,Male,Skirt,Clothing,30,Colorado,S,Black,Fall,4.0,1,Standard,1,1,21,Venmo,Fortnightly,26,0.6144638386434813,54.86158494753405,0.4712640708417055,0.7028927677286962,0.49978899716105274,Silver,3,2,1,6,Occasional Buyer
148,63,Male,Shoes,Footwear,64,Idaho,M,Purple,Summer,3.5,1,2-Day Shipping,1,1,31,Bank Transfer,Fortnightly,26,0.6525828687777642,70.8274741194247,-2.7198160345219193,0.6505165737555528,1.0621450142686948,Gold,4,2,3,9,Promo-Dependent
149,37,Male,Gloves,Accessories,90,Wyoming,M,Gray,Fall,2.6,1,Store Pickup,1,1,47,Debit Card,Annually,1,0.40537088164256185,1.828571095122467,2.3996554557680767,0.3969203301746662,1.5040431266846361,Platinum,5,1,5,11,Loyal Promo-User
150,38,Male,Pants,Clothing,76,Delaware,M,White,Summer,3.2,1,Free Shipping,1,1,14,PayPal,Monthly,12,0.41396207730164236,21.578048589896255,0.4712640708417055,0.5129462616141747,1.2661321261413336,Silver,2,2,4,8,Promo-Dependent
151,35,Male,Boots,Footwear,96,California,L,Cyan,Fall,4.9,1,Standard,1,1,17,Debit Card,Every 3 Months,4,0.3402026700731767,6.2253155587997036,-2.7198160345219193,0.6714251493992508,1.5932175214030422,Silver,2,1,5,8,Promo-Dependent
152,28,Male,Sunglasses,Accessories,47,North Dakota,L,Turquoise,Fall,4.5,1,Next Day Air,1,1,3,Venmo,Annually,1,0.15257160904956724,0.5906353671885283,2.3996554557680767,0.5743604756560673,0.78544474393531,Bronze,1,1,2,4,At-Risk / One-Timer
153,30,Male,Shirt,Clothing,85,South Carolina,S,Brown,Summer,4.3,1,Express,1,1,42,Venmo,Annually,1,0.3941800603305689,1.755814885970514,0.4712640708417055,0.5986821659122676,1.4160688252896494,Platinum,5,1,5,11,Loyal Promo-User
154,69,Male,Hoodie,Clothing,55,North Carolina,M,Maroon,Winter,3.2,1,Standard,1,1,22,Debit Card,Annually,1,0.3305245518505688,1.3304775636211648,0.4712640708417055,0.45395106421626763,0.9162798281285967,Silver,3,1,3,7,Occasional Buyer
155,41,Male,Dress,Clothing,98,Oklahoma,M,Charcoal,Fall,3.6,1,Next Day Air,1,1,21,Venmo,Quarterly,4,0.36061768479732753,6.628325926887114,0.4712640708417055,0.5195081523440809,1.6326440573927723,Silver,3,1,5,9,Promo-Dependent
156,63,Male,Socks,Clothing,77,Maine,S,Olive,Spring,4.3,1,Free Shipping,1,1,21,Bank Transfer,Quarterly,4,0.36061768479732753,6.284425001667527,0.4712640708417055,0.6035081523440808,1.2827917593800353,Silver,3,1,4,8,Promo-Dependent
157,35,Male,Shorts,Clothing,26,Missouri,M,Lavender,Fall,4.0,1,Standard,1,1,40,Debit Card,Annually,1,0.38933467262132265,1.2831835672390814,0.4712640708417055,0.5617130883704183,0.4331504642062457,Platinum,4,1,1,6,Occasional Buyer
158,36,Male,Hat,Accessories,68,Vermont,S,Yellow,Fall,3.0,1,Next Day Air,1,1,1,Bank Transfer,Fortnightly,26,0.3705165737555528,40.78897250998639,2.3996554557680767,0.5341033147511105,1.136388140161725,Bronze,1,2,3,6,Occasional Buyer
159,25,Male,Shirt,Clothing,73,Connecticut,XL,Teal,Fall,4.1,1,Standard,1,1,50,Bank Transfer,Monthly,12,0.5384615384615385,27.810882140703875,0.4712640708417055,0.6458461538461538,1.2161532264252284,Platinum,5,2,4,11,Loyal Promo-User
160,58,Male,Gloves,Accessories,27,New Hampshire,M,Charcoal,Fall,3.8,1,Store Pickup,1,1,39,Bank Transfer,Every 3 Months,4,0.42143798117871967,5.6172701665714495,2.3996554557680767,0.5556722116203593,0.45121293800539086,Platinum,4,1,1,6,Occasional Buyer
161,27,Male,Gloves,Accessories,23,Texas,M,Orange,Summer,4.6,1,Free Shipping,1,1,34,Venmo,Monthly,12,0.5001610026390428,19.07446308273215,2.3996554557680767,0.6981860466816546,0.384366576819407,Gold,4,2,1,7,Occasional Buyer
162,65,Male,Backpack,Accessories,49,North Dakota,M,Olive,Fall,3.0,1,Express,1,1,29,Venmo,Fortnightly,26,0.6460171125956566,65.70807896573632,2.3996554557680767,0.5892034225191313,0.8188679245283019,Gold,3,2,2,7,Occasional Buyer
163,54,Male,Sunglasses,Accessories,74,California,M,Turquoise,Summer,3.0,1,Store Pickup,1,1,31,PayPal,Bi-Weekly,26,0.6525828687777642,73.25548825518099,2.3996554557680767,0.5905165737555528,1.236657681940701,Gold,4,2,4,10,Promo-Dependent
164,54,Male,Skirt,Clothing,67,Virginia,M,Purple,Summer,3.4,1,Standard,1,1,8,Debit Card,Weekly,52,0.8235322501637777,180.69483510140805,0.4712640708417055,0.7727064500327555,1.1161954269930177,Bronze,1,3,3,7,Occasional Buyer
165,59,Male,Handbag,Accessories,65,Delaware,S,Purple,Spring,2.6,1,Free Shipping,1,1,5,Credit Card,Fortnightly,26,0.48228269883744174,52.53554790072134,2.3996554557680767,0.5084565397674884,1.0862533692722371,Bronze,1,2,3,6,Occasional Buyer
166,42,Male,Handbag,Accessories,60,Kentucky,S,Yellow,Winter,2.8,1,Store Pickup,1,1,7,Cash,Monthly,12,0.350011259728197,17.266225677396264,2.3996554557680767,0.45215609809948554,1.0026954177897573,Bronze,1,2,3,6,Occasional Buyer
167,46,Male,Sneakers,Footwear,31,Delaware,XL,Indigo,Fall,4.0,1,Store Pickup,1,1,30,Cash,Monthly,12,0.48781448798242233,20.287634218878562,-2.7198160345219193,0.6237167437503307,0.514476491286399,Gold,3,2,1,6,Occasional Buyer
168,33,Male,Gloves,Accessories,27,Arkansas,M,Green,Fall,4.0,1,Express,1,1,14,Credit Card,Every 3 Months,4,0.32165438499395005,4.287272769577887,2.3996554557680767,0.5597154923834053,0.45121293800539086,Silver,2,1,1,4,At-Risk / One-Timer
169,34,Male,Shoes,Footwear,80,Louisiana,M,Magenta,Summer,3.0,1,Express,1,1,5,Cash,Fortnightly,26,0.48228269883744174,55.1035367537028,-2.7198160345219193,0.5564565397674883,1.3276812678358685,Bronze,1,2,4,7,Occasional Buyer
170,27,Male,Jacket,Outerwear,30,Nevada,S,Gold,Summer,3.3,1,Standard,1,1,3,PayPal,Every 3 Months,4,0.18718699366495184,2.571190964365947,3.3361111111111157,0.4488220141176057,0.5247246814942776,Bronze,1,1,1,3,At-Risk / One-Timer
171,52,Male,Shirt,Clothing,25,Wyoming,M,Maroon,Fall,2.6,1,Store Pickup,1,1,46,Venmo,Bi-Weekly,26,0.6916905744410977,58.593461315184406,0.4712640708417055,0.5503381148882196,0.4164908309675439,Platinum,5,2,1,8,Promo-Dependent
172,29,Male,Shorts,Clothing,35,Virginia,M,Blue,Summer,3.6,1,Store Pickup,1,1,4,Credit Card,Weekly,52,0.7637344137582149,142.3165502539684,0.4712640708417055,0.7847468827516431,0.5830871633545616,Bronze,1,3,1,5,At-Risk / One-Timer
173,54,Male,Jewelry,Accessories,67,Nebraska,M,Violet,Summer,3.9,1,Next Day Air,1,1,42,Credit Card,Bi-Weekly,26,0.6826415987921073,74.89069863540287,2.3996554557680767,0.7045283197584215,1.1196765498652292,Platinum,5,2,3,10,Promo-Dependent
174,25,Male,Hat,Accessories,46,Hawaii,M,Turquoise,Fall,3.4,1,Standard,1,1,30,Cash,Annually,1,0.3608914110593454,1.3894852007678975,2.3996554557680767,0.4840244360580229,0.768733153638814,Gold,3,1,2,6,Occasional Buyer
175,41,Male,Shoes,Footwear,35,Vermont,L,Brown,Winter,3.5,1,Express,1,1,37,Venmo,Annually,1,0.38160432910400116,1.3674863403410262,-2.7198160345219193,0.5001670196669541,0.5808605546781924,Gold,4,1,1,6,Occasional Buyer
176,53,Male,Coat,Outerwear,86,Oklahoma,L,Violet,Fall,2.8,1,Next Day Air,1,1,2,Bank Transfer,Annually,1,0.12330458662035042,0.5506669544551703,3.3361111111111157,0.3645070711702239,1.5042107536169294,Bronze,1,1,5,7,Occasional Buyer
177,53,Male,Backpack,Accessories,81,New Hampshire,L,Black,Spring,2.7,1,Next Day Air,1,1,30,Credit Card,Quarterly,4,0.39550679567473,6.971549635694572,2.3996554557680767,0.4184859745195614,1.3536388140161726,Gold,3,1,4,8,Promo-Dependent
178,21,Male,Hoodie,Clothing,42,Kansas,L,Magenta,Fall,3.7,1,Next Day Air,1,1,47,Bank Transfer,Monthly,12,0.5322939585656388,24.024769182480778,0.4712640708417055,0.5966126378669739,0.6997045960254739,Platinum,5,2,2,9,Promo-Dependent
179,61,Male,Skirt,Clothing,43,Idaho,L,Lavender,Fall,4.3,1,2-Day Shipping,1,1,21,PayPal,Quarterly,4,0.36061768479732753,5.458582818470599,0.4712640708417055,0.6035081523440808,0.7163642292641755,Silver,3,1,2,6,Occasional Buyer
180,64,Male,Boots,Footwear,31,Illinois,M,Violet,Fall,4.9,1,Store Pickup,1,1,9,Bank Transfer,Fortnightly,26,0.5342509875137679,48.140893541849515,-2.7198160345219193,0.7948501975027537,0.514476491286399,Bronze,1,2,1,4,At-Risk / One-Timer
181,51,Male,Sandals,Footwear,81,South Dakota,L,Green,Fall,3.3,1,Store Pickup,1,1,12,Debit Card,Fortnightly,26,0.5609423303122735,64.2697994534013,-2.7198160345219193,0.6081884660624547,1.3442772836838168,Bronze,2,2,4,8,Promo-Dependent
182,32,Male,Pants,Clothing,61,Massachusetts,M,Beige,Summer,4.7,1,Next Day Air,1,1,4,Bank Transfer,Weekly,52,0.7637344137582149,163.90579712331677,0.4712640708417055,0.916746882751643,1.0162376275608072,Bronze,1,3,3,7,Occasional Buyer
183,38,Male,Gloves,Accessories,96,Alabama,XL,Purple,Summer,2.8,1,Store Pickup,1,1,10,Debit Card,Annually,1,0.25548572642639006,1.1687733575337185,2.3996554557680767,0.39094329913143183,1.604312668463612,Bronze,1,1,5,7,Occasional Buyer
184,58,Male,Skirt,Clothing,29,Ohio,XL,Beige,Spring,3.6,1,2-Day Shipping,1,1,26,Credit Card,Weekly,52,0.9352983752456666,165.41898801783833,0.4712640708417055,0.8190596750491334,0.48312936392235095,Gold,3,3,1,7,Occasional Buyer
185,32,Male,Sneakers,Footwear,33,Hawaii,L,Cyan,Spring,3.0,1,Express,1,1,40,Cash,Fortnightly,26,0.677796211082861,62.14399886492212,-2.7198160345219193,0.5955592422165722,0.5476685229822957,Platinum,4,2,1,7,Occasional Buyer
186,46,Male,T-shirt,Clothing,32,Wisconsin,XL,Silver,Summer,4.5,1,Store Pickup,1,1,34,Bank Transfer,Fortnightly,26,0.6616994641775042,60.15456667778901,0.4712640708417055,0.7723398928355009,0.5331082636384562,Gold,4,2,1,7,Occasional Buyer
187,39,Male,Backpack,Accessories,56,Minnesota,S,Lavender,Summer,2.9,1,Standard,1,1,31,Debit Card,Annually,1,0.3641213303162258,1.4721612061806197,2.3996554557680767,0.42467041990939897,0.9358490566037736,Gold,4,1,3,8,Promo-Dependent
188,19,Male,Shoes,Footwear,94,Georgia,S,Purple,Spring,3.3,1,Store Pickup,1,1,1,Bank Transfer,Bi-Weekly,26,0.3705165737555528,43.8694584426909,-2.7198160345219193,0.5701033147511105,1.5600254897071453,Bronze,1,2,5,8,Promo-Dependent
189,50,Male,Hoodie,Clothing,53,Arkansas,M,Pink,Spring,3.1,1,Express,1,1,5,Bank Transfer,Bi-Weekly,26,0.48228269883744174,50.01926778150946,0.4712640708417055,0.5684565397674883,0.8829605616511932,Bronze,1,2,3,6,Occasional Buyer
190,36,Male,Blouse,Clothing,82,West Virginia,M,Maroon,Fall,4.4,1,Next Day Air,1,1,4,Credit Card,Weekly,52,0.7637344137582149,175.4906733364995,0.4712640708417055,0.8807468827516429,1.3660899255735441,Bronze,1,3,4,8,Promo-Dependent
191,65,Male,Coat,Outerwear,70,Indiana,XL,Beige,Fall,3.0,1,Free Shipping,1,1,48,Venmo,Quarterly,4,0.44208394699242487,7.537849379230436,3.3361111111111157,0.46380140478310034,1.2243575901533146,Platinum,5,1,4,10,Promo-Dependent
192,64,Male,Hat,Accessories,76,Utah,M,Gray,Fall,3.9,1,Free Shipping,1,1,29,Cash,Every 3 Months,4,0.39217095874950286,6.814057347638592,2.3996554557680767,0.5618188071345159,1.2700808625336928,Gold,3,1,4,8,Promo-Dependent
193,46,Male,Shoes,Footwear,29,Nebraska,L,Turquoise,Summer,2.9,1,Express,1,1,12,PayPal,Bi-Weekly,26,0.5609423303122735,49.60476521316089,-2.7198160345219193,0.5601884660624546,0.4812844595905023,Bronze,2,2,1,5,At-Risk / One-Timer
194,36,Male,Belt,Accessories,100,North Dakota,S,Silver,Fall,3.0,1,Standard,1,1,29,Venmo,Annually,1,0.35755557413411826,1.6501620660973253,2.3996554557680767,0.43535726867297747,1.6711590296495957,Gold,3,1,5,9,Promo-Dependent
195,51,Male,Backpack,Accessories,94,Missouri,M,Olive,Spring,3.1,1,Express,1,1,15,Debit Card,Quarterly,4,0.3282201411760575,5.978696465038062,2.3996554557680767,0.45302864361982687,1.57088948787062,Silver,2,1,5,8,Promo-Dependent
196,51,Male,Jacket,Outerwear,25,New York,M,Magenta,Fall,4.3,1,Free Shipping,1,1,34,Credit Card,Monthly,12,0.5001610026390428,19.554873973819426,3.3361111111111157,0.6621860466816548,0.43727056791189806,Gold,4,2,1,7,Occasional Buyer
197,38,Male,Boots,Footwear,88,Washington,M,Lavender,Summer,3.9,1,Next Day Air,1,1,41,Credit Card,Fortnightly,26,0.6802477492567311,79.388004481297,-2.7198160345219193,0.7040495498513462,1.4604493946194552,Platinum,5,2,5,12,Loyal Promo-User
198,59,Male,Scarf,Accessories,78,South Carolina,M,Black,Fall,3.2,1,2-Day Shipping,1,1,41,Credit Card,Monthly,12,0.5187092877182695,27.197678199303493,2.3996554557680767,0.5338957036975001,1.3035040431266847,Platinum,5,2,4,11,Loyal Promo-User
199,57,Male,Jewelry,Accessories,45,Utah,M,Turquoise,Winter,4.8,1,Standard,1,1,39,Credit Card,Fortnightly,26,0.6752841350248735,67.22094063746262,2.3996554557680767,0.8110568270049746,0.7520215633423181,Platinum,4,2,2,8,Promo-Dependent
200,54,Male,Hat,Accessories,73,Idaho,XL,Green,Summer,3.8,1,Express,1,1,32,Cash,Weekly,52,0.9557133899698174,213.8995373255996,2.3996554557680767,0.8471426779939634,1.2199460916442049,Gold,4,3,4,11,Loyal Promo-User
201,25,Male,Dress,Clothing,61,Pennsylvania,S,Teal,Summer,3.3,1,Next Day Air,1,1,29,Venmo,Monthly,12,0.4844786510571952,23.99410199518095,0.4712640708417055,0.5390495763652852,1.0162376275608072,Gold,3,2,3,8,Promo-Dependent
202,69,Male,Blouse,Clothing,22,Missouri,S,Beige,Fall,4.3,1,Free Shipping,1,1,15,Bank Transfer,Annually,1,0.2936047565606729,0.920596015965276,0.4712640708417055,0.5785671051582885,0.36651193125143866,Silver,2,1,1,4,At-Risk / One-Timer
203,57,Male,Hat,Accessories,38,Nebraska,L,Magenta,Spring,2.7,1,Express,1,1,33,Venmo,Annually,1,0.37028891021212557,1.3565762494402875,2.3996554557680767,0.401903935888579,0.6350404312668464,Gold,4,1,2,7,Occasional Buyer
204,70,Male,Scarf,Accessories,38,Indiana,S,Yellow,Fall,3.2,1,Next Day Air,1,1,18,Bank Transfer,Weekly,52,0.8995492938099867,171.36882316347433,2.3996554557680767,0.7639098587619975,0.6350404312668464,Silver,2,3,2,7,Occasional Buyer
205,24,Male,Sneakers,Footwear,100,Arizona,M,Yellow,Fall,4.0,1,Store Pickup,1,1,35,Cash,Bi-Weekly,26,0.6645653976748835,79.74328444139528,-2.7198160345219193,0.7129130795349767,1.6596015847948355,Gold,4,2,5,11,Loyal Promo-User
206,67,Male,Shirt,Clothing,64,Hawaii,M,Silver,Winter,3.0,1,Standard,1,1,25,PayPal,Weekly,52,0.9314589040678263,202.1900499617271,0.4712640708417055,0.7462917808135653,1.0662165272769124,Silver,3,3,3,9,Promo-Dependent
207,24,Male,T-shirt,Clothing,55,Wisconsin,L,Silver,Summer,4.2,1,Free Shipping,1,1,6,Venmo,Fortnightly,26,0.49796505041928935,52.11659589843981,0.4712640708417055,0.7035930100838579,0.9162798281285967,Bronze,1,2,3,6,Occasional Buyer
208,62,Male,Gloves,Accessories,91,Rhode Island,M,Silver,Summer,2.9,1,Express,1,1,17,Bank Transfer,Bi-Weekly,26,0.5940488239193306,69.84024284140399,2.3996554557680767,0.5668097647838661,1.5207547169811322,Silver,2,2,5,9,Promo-Dependent
209,57,Male,Skirt,Clothing,38,Wisconsin,M,Gold,Spring,4.1,1,Store Pickup,1,1,17,Credit Card,Monthly,12,0.43251036238086904,19.014340502066236,0.4712640708417055,0.6246559186300199,0.6330660630706668,Silver,2,2,2,6,Occasional Buyer
210,55,Male,Sandals,Footwear,97,Minnesota,S,Olive,Winter,3.2,1,Store Pickup,1,1,44,Cash,Every 3 Months,4,0.4334205100758389,7.94887577314613,-2.7198160345219193,0.4860687173997832,1.6098135372509905,Platinum,5,1,5,11,Loyal Promo-User
211,45,Male,Jacket,Outerwear,22,Vermont,L,Teal,Fall,3.0,1,2-Day Shipping,1,1,6,PayPal,Fortnightly,26,0.49796505041928935,40.59552991843828,3.3361111111111157,0.5595930100838579,0.3847980997624703,Bronze,1,2,1,4,At-Risk / One-Timer
212,69,Male,Skirt,Clothing,92,South Dakota,L,Maroon,Fall,4.2,1,2-Day Shipping,1,1,45,Debit Card,Fortnightly,26,0.68950266406766,81.25622506770328,0.4712640708417055,0.741900532813532,1.5326862579605618,Platinum,5,2,5,12,Loyal Promo-User
213,67,Male,Handbag,Accessories,84,Virginia,L,Blue,Fall,4.2,1,Express,1,1,7,Debit Card,Annually,1,0.22308818280512005,0.9911029956473081,2.3996554557680767,0.5524637904071779,1.4037735849056605,Bronze,1,1,4,6,Occasional Buyer
214,30,Male,Handbag,Accessories,93,Nevada,L,Peach,Fall,4.4,1,Store Pickup,1,1,11,Debit Card,Every 3 Months,4,0.2989531187468407,5.432928578183465,2.3996554557680767,0.6031752391339835,1.554177897574124,Bronze,2,1,5,8,Promo-Dependent
215,24,Male,Jacket,Outerwear,50,Hawaii,L,Blue,Summer,4.2,1,Next Day Air,1,1,41,Cash,Every 3 Months,4,0.42640159541057726,6.7061468906794195,3.3361111111111157,0.6046649344667308,0.8745411358237961,Platinum,5,1,2,8,Promo-Dependent
216,62,Male,Scarf,Accessories,64,New Jersey,S,Orange,Spring,2.8,1,2-Day Shipping,1,1,24,PayPal,Bi-Weekly,26,0.62746882751643,68.10174503186408,2.3996554557680767,0.5614937655032859,1.0695417789757413,Silver,3,2,3,8,Promo-Dependent
217,43,Male,Shorts,Clothing,61,Massachusetts,L,Yellow,Spring,3.7,1,Free Shipping,1,1,21,Venmo,Weekly,52,0.9144638386434814,196.2539879219836,0.4712640708417055,0.8268927677286964,1.0162376275608072,Silver,3,3,3,9,Promo-Dependent
218,35,Male,Sunglasses,Accessories,48,Oklahoma,M,Purple,Winter,3.5,1,Next Day Air,1,1,24,Bank Transfer,Annually,1,0.33900728905489147,1.319355448751283,2.3996554557680767,0.4916476116571321,0.802156334231806,Silver,3,1,2,6,Occasional Buyer
219,28,Male,T-shirt,Clothing,45,California,S,Magenta,Spring,2.9,1,Store Pickup,1,1,8,Credit Card,Quarterly,4,0.2696860963176239,4.1301254096768005,0.4712640708417055,0.41732183464814016,0.7496834957415791,Bronze,1,1,2,4,At-Risk / One-Timer
220,32,Male,Belt,Accessories,88,Nevada,M,Cyan,Spring,3.0,1,Free Shipping,1,1,12,Cash,Fortnightly,26,0.5609423303122735,65.46451977421123,2.3996554557680767,0.5721884660624547,1.4706199460916443,Bronze,2,2,5,9,Promo-Dependent
221,39,Male,Sneakers,Footwear,57,Arizona,S,Indigo,Spring,3.7,1,Express,1,1,48,Debit Card,Fortnightly,26,0.6959301008385788,73.47039735825066,-2.7198160345219193,0.6831860201677158,0.9459729033330563,Platinum,5,2,3,10,Promo-Dependent
222,28,Male,Hat,Accessories,68,North Carolina,XL,Magenta,Summer,4.4,1,Store Pickup,1,1,6,Bank Transfer,Quarterly,4,0.2441188965731355,4.134501631501675,2.3996554557680767,0.5922083946992425,1.136388140161725,Bronze,1,1,3,5,At-Risk / One-Timer
223,47,Male,Gloves,Accessories,94,New York,XL,Gray,Spring,4.5,1,2-Day Shipping,1,1,14,PayPal,Fortnightly,26,0.5755005388401039,68.13972372811783,2.3996554557680767,0.7551001077680208,1.57088948787062,Silver,2,2,5,9,Promo-Dependent
224,20,Male,Pants,Clothing,41,Wyoming,M,Turquoise,Spring,4.8,1,Free Shipping,1,1,34,PayPal,Annually,1,0.37323792571596587,1.3950400553396705,0.4712640708417055,0.6544937389893469,0.6830449627867721,Gold,4,1,2,7,Occasional Buyer
225,63,Male,Socks,Clothing,83,South Dakota,S,Beige,Summer,2.9,1,Free Shipping,1,1,12,Cash,Every 3 Months,4,0.30709617646611964,5.442747590186534,0.4712640708417055,0.4248038506778393,1.3827495588122458,Bronze,2,1,4,7,Occasional Buyer
226,25,Male,Jacket,Outerwear,22,Arkansas,M,Olive,Spring,3.2,1,Next Day Air,1,1,11,Bank Transfer,Annually,1,0.2643377341314561,0.828829436420998,3.3361111111111157,0.4407137006724451,0.3847980997624703,Bronze,2,1,1,4,At-Risk / One-Timer
227,29,Male,Shoes,Footwear,74,Texas,L,Violet,Spring,3.3,1,Free Shipping,1,1,5,PayPal,Monthly,12,0.3207442372989802,16.6177131842834,-2.7198160345219193,0.5063026936136421,1.2281051727481782,Bronze,1,2,4,7,Occasional Buyer
228,50,Male,Jeans,Clothing,90,Rhode Island,M,Turquoise,Winter,4.2,1,Standard,1,1,25,Venmo,Fortnightly,26,0.6314589040678263,74.05898241011572,0.4712640708417055,0.7302917808135653,1.4993669914831582,Silver,3,2,5,10,Promo-Dependent
229,18,Male,Socks,Clothing,79,New Hampshire,M,White,Spring,2.9,1,Store Pickup,1,1,11,Credit Card,Annually,1,0.2643377341314561,1.1583349915133838,0.4712640708417055,0.40471370067244505,1.3161110258574389,Bronze,2,1,4,7,Occasional Buyer
230,70,Male,Sandals,Footwear,28,Ohio,S,Silver,Spring,4.6,1,Next Day Air,1,1,27,PayPal,Every 3 Months,4,0.3851520440842412,5.187683487822528,-2.7198160345219193,0.6444150242014637,0.46468844374255397,Gold,3,1,1,5,At-Risk / One-Timer
231,66,Male,Scarf,Accessories,88,Utah,L,Olive,Fall,4.1,1,Standard,1,1,43,Credit Card,Annually,1,0.39651887393749574,1.779829038841077,2.3996554557680767,0.5751499286336529,1.4706199460916443,Platinum,5,1,5,11,Loyal Promo-User
232,28,Male,Blouse,Clothing,26,Tennessee,M,Blue,Spring,3.1,1,2-Day Shipping,1,1,18,Debit Card,Every 3 Months,4,0.34570313996383295,4.557524613545021,0.4712640708417055,0.456525243377382,0.4331504642062457,Silver,2,1,1,4,At-Risk / One-Timer
233,54,Male,Jewelry,Accessories,27,Hawaii,L,Purple,Winter,4.2,1,Express,1,1,32,Bank Transfer,Bi-Weekly,26,0.6557133899698174,56.80924900143214,2.3996554557680767,0.7351426779939635,0.45121293800539086,Gold,4,2,1,7,Occasional Buyer
234,19,Male,Sweater,Clothing,83,Arizona,XL,Yellow,Fall,4.5,1,Next Day Air,1,1,27,Bank Transfer,Every 3 Months,4,0.3851520440842412,6.826152588149185,0.4712640708417055,0.6324150242014637,1.3827495588122458,Gold,3,1,4,8,Promo-Dependent
235,20,Male,Gloves,Accessories,39,South Dakota,S,Silver,Summer,3.7,1,Next Day Air,1,1,24,Credit Card,Weekly,52,0.9274688275164299,177.90867651213804,2.3996554557680767,0.829493765503286,0.6517520215633423,Silver,3,3,2,8,Promo-Dependent
236,43,Male,Sunglasses,Accessories,89,New Jersey,M,Cyan,Winter,3.7,1,Free Shipping,1,1,31,Debit Card,Quarterly,4,0.3987367149316104,7.176957303059931,2.3996554557680767,0.5391319583709375,1.4873315363881403,Gold,4,1,5,10,Promo-Dependent
237,38,Male,Coat,Outerwear,68,North Dakota,L,Green,Winter,3.4,1,Next Day Air,1,1,39,PayPal,Fortnightly,26,0.6752841350248735,74.33984866256392,3.3361111111111157,0.6430568270049747,1.1893759447203627,Platinum,4,2,3,9,Promo-Dependent
238,50,Male,Dress,Clothing,90,Iowa,M,Beige,Summer,3.0,1,Store Pickup,1,1,36,Debit Card,Fortnightly,26,0.6673528024834868,78.26870306536576,0.4712640708417055,0.5934705604966973,1.4993669914831582,Gold,4,2,5,11,Loyal Promo-User
239,64,Male,Skirt,Clothing,34,Ohio,M,Peach,Fall,4.2,1,Free Shipping,1,1,5,Cash,Annually,1,0.1938211603759033,0.6891016868180966,0.4712640708417055,0.5466103859213345,0.5664275301158598,Bronze,1,1,1,3,At-Risk / One-Timer
240,49,Male,Pants,Clothing,51,Vermont,L,Yellow,Summer,2.9,1,Express,1,1,47,Credit Card,Bi-Weekly,26,0.6938324201041003,71.27902578379638,0.4712640708417055,0.58676648402082,0.8496412951737896,Platinum,5,2,2,9,Promo-Dependent
241,47,Male,Sweater,Clothing,45,Montana,XL,Turquoise,Winter,3.5,1,Free Shipping,1,1,29,Bank Transfer,Fortnightly,26,0.6460171125956566,64.30756436322629,0.4712640708417055,0.6492034225191313,0.7496834957415791,Gold,3,2,2,7,Occasional Buyer
242,36,Male,Hoodie,Clothing,88,Delaware,M,Peach,Winter,4.1,1,Free Shipping,1,1,43,Venmo,Bi-Weekly,26,0.6849804123990342,79.94032778285904,0.4712640708417055,0.7289960824798069,1.4660477250057546,Platinum,5,2,5,12,Loyal Promo-User
243,55,Male,Coat,Outerwear,85,New York,L,Gray,Summer,4.3,1,Store Pickup,1,1,40,Debit Card,Every 3 Months,4,0.42395005723670726,7.553683164795387,3.3361111111111157,0.6161746268319568,1.4867199309004533,Platinum,4,1,5,10,Promo-Dependent
244,25,Male,Jewelry,Accessories,100,Kentucky,M,Olive,Winter,2.8,1,2-Day Shipping,1,1,4,Debit Card,Monthly,12,0.3021959522197534,16.736048870349183,2.3996554557680767,0.4425930365977968,1.6711590296495957,Bronze,1,2,5,8,Promo-Dependent
245,53,Male,Belt,Accessories,42,Oregon,S,Indigo,Spring,4.9,1,2-Day Shipping,1,1,39,PayPal,Weekly,52,0.9752841350248735,190.74841767746182,2.3996554557680767,0.9830568270049748,0.7018867924528303,Platinum,4,3,2,9,Promo-Dependent
246,49,Male,Sandals,Footwear,53,Rhode Island,L,Charcoal,Summer,3.3,1,Next Day Air,1,1,45,Venmo,Fortnightly,26,0.68950266406766,71.51079330276602,-2.7198160345219193,0.633900532813532,0.8795888399412628,Platinum,5,2,3,10,Promo-Dependent
247,35,Male,Sunglasses,Accessories,86,Nevada,XL,Beige,Spring,3.2,1,Express,1,1,20,Venmo,Bi-Weekly,26,0.6097311755011783,70.79808857855538,2.3996554557680767,0.6059462351002356,1.4371967654986524,Silver,2,2,5,9,Promo-Dependent
248,29,Male,Sweater,Clothing,66,Montana,XL,Brown,Spring,4.4,1,Standard,1,1,14,Debit Card,Weekly,52,0.8755005388401038,191.42295400455748,0.4712640708417055,0.9031001077680207,1.099535793754316,Silver,2,3,3,8,Promo-Dependent
249,47,Male,Belt,Accessories,100,Pennsylvania,M,Blue,Winter,4.8,1,Express,1,1,33,PayPal,Weekly,52,0.958750448673664,230.08694104263867,2.3996554557680767,0.9677500897347329,1.6711590296495957,Gold,4,3,5,12,Loyal Promo-User
250,53,Male,Handbag,Accessories,47,Alaska,S,Teal,Fall,4.2,1,Standard,1,1,18,Credit Card,Annually,1,0.31108775534844835,1.20428323298598,2.3996554557680767,0.5700637049158435,0.78544474393531,Silver,2,1,2,5,At-Risk / One-Timer
251,33,Male,Skirt,Clothing,25,Mississippi,L,Black,Fall,4.0,1,Express,1,1,9,Bank Transfer,Weekly,52,0.8342509875137678,141.3396532214997,0.4712640708417055,0.8468501975027535,0.4164908309675439,Bronze,1,3,1,5,At-Risk / One-Timer
252,21,Male,Handbag,Accessories,51,Wyoming,XL,Gold,Winter,2.5,1,Standard,1,1,34,PayPal,Annually,1,0.37323792571596587,1.4747540095215717,2.3996554557680767,0.378493738989347,0.8522911051212938,Gold,4,1,2,7,Occasional Buyer
253,32,Male,Shorts,Clothing,41,Delaware,M,Violet,Summer,3.9,1,Free Shipping,1,1,33,Venmo,Fortnightly,26,0.658750448673664,64.01697998899037,0.4712640708417055,0.6997500897347327,0.6830449627867721,Gold,4,2,2,8,Promo-Dependent
254,52,Male,Boots,Footwear,73,Oklahoma,L,Cyan,Winter,4.9,1,2-Day Shipping,1,1,15,Bank Transfer,Bi-Weekly,26,0.5820662950222113,65.13653178073028,-2.7198160345219193,0.8044132590044424,1.2115091569002299,Silver,2,2,4,8,Promo-Dependent
255,67,Male,Sunglasses,Accessories,42,Indiana,M,White,Winter,3.5,1,Store Pickup,1,1,4,PayPal,Bi-Weekly,26,0.46373441375821495,45.34914619764059,2.3996554557680767,0.612746882751643,0.7018867924528303,Bronze,1,2,2,5,At-Risk / One-Timer
256,43,Male,Scarf,Accessories,20,Maryland,M,Charcoal,Spring,4.2,1,Free Shipping,1,1,25,Debit Card,Annually,1,0.3429973656062879,1.0442631756683678,2.3996554557680767,0.5764456269674114,0.33423180592991913,Silver,3,1,1,5,At-Risk / One-Timer
257,58,Male,Jewelry,Accessories,30,South Dakota,XL,Violet,Spring,4.7,1,Express,1,1,20,Credit Card,Every 3 Months,4,0.3558850216550244,4.888418442525092,2.3996554557680767,0.6505616197156203,0.5013477088948787,Silver,2,1,1,4,At-Risk / One-Timer
258,20,Male,Handbag,Accessories,53,West Virginia,M,Red,Summer,4.5,1,Express,1,1,5,Credit Card,Quarterly,4,0.2284365449912879,3.6449189344900383,2.3996554557680767,0.6010719243828729,0.8857142857142858,Bronze,1,1,3,5,At-Risk / One-Timer
259,61,Male,Gloves,Accessories,74,Alabama,S,Lavender,Spring,2.8,1,Express,1,1,16,Cash,Quarterly,4,0.3343877210719573,5.774860044162683,2.3996554557680767,0.4182621595990068,1.236657681940701,Silver,2,1,4,7,Occasional Buyer
260,32,Male,Jeans,Clothing,57,Louisiana,M,Gold,Fall,2.9,1,Standard,1,1,13,Debit Card,Annually,1,0.2800200857133037,1.1370055998471933,0.4712640708417055,0.40785017098881454,0.9495990946060002,Bronze,2,1,3,6,Occasional Buyer
261,38,Male,Hat,Accessories,57,Montana,S,Red,Winter,3.2,1,2-Day Shipping,1,1,11,Credit Card,Every 3 Months,4,0.2989531187468407,4.855528405986652,2.3996554557680767,0.45917523913398356,0.9525606469002695,Bronze,2,1,3,6,Occasional Buyer
262,21,Male,Jeans,Clothing,77,California,L,Magenta,Winter,4.9,1,Standard,1,1,21,Credit Card,Annually,1,0.32600230018194293,1.4202970987237806,0.4712640708417055,0.6570466138825425,1.2827917593800353,Silver,3,1,4,8,Promo-Dependent
263,37,Male,Pants,Clothing,40,Hawaii,M,Teal,Summer,3.7,1,Next Day Air,1,1,6,Debit Card,Annually,1,0.2095035119577509,0.7780063898827557,0.4712640708417055,0.48974685623770403,0.6663853295480703,Bronze,1,1,2,4,At-Risk / One-Timer
264,27,Male,Shorts,Clothing,46,Iowa,M,Purple,Summer,4.3,1,Store Pickup,1,1,29,Venmo,Monthly,12,0.4844786510571952,22.383771797371008,0.4712640708417055,0.6590495763652853,0.7663431289802809,Gold,3,2,2,7,Occasional Buyer
265,36,Male,Pants,Clothing,78,Colorado,S,Charcoal,Fall,3.9,1,Store Pickup,1,1,15,Cash,Annually,1,0.2936047565606729,1.2828906730281349,0.4712640708417055,0.5305671051582884,1.299451392618737,Silver,2,1,4,7,Occasional Buyer
266,32,Male,Backpack,Accessories,59,Michigan,M,Gray,Spring,3.2,1,2-Day Shipping,1,1,17,Bank Transfer,Bi-Weekly,26,0.5940488239193306,63.238254869622175,2.3996554557680767,0.6028097647838662,0.9859838274932615,Silver,2,2,3,7,Occasional Buyer
267,51,Male,Jewelry,Accessories,75,Louisiana,L,White,Summer,3.1,1,Express,1,1,32,Credit Card,Weekly,52,0.9557133899698174,215.22487176841872,2.3996554557680767,0.7631426779939635,1.2533692722371967,Gold,4,3,4,11,Loyal Promo-User
268,64,Male,Sweater,Clothing,54,Maryland,M,Olive,Spring,3.9,1,2-Day Shipping,1,1,42,Venmo,Annually,1,0.3941800603305689,1.5796108367196264,0.4712640708417055,0.5506821659122676,0.8996201948898949,Platinum,5,1,3,9,Promo-Dependent
269,68,Male,Shoes,Footwear,42,Georgia,M,Charcoal,Spring,2.6,1,Store Pickup,1,1,21,Cash,Monthly,12,0.45292537710501984,20.44251576921541,-2.7198160345219193,0.4487389215748501,0.6970326656138309,Silver,3,2,2,7,Occasional Buyer
270,68,Male,Blouse,Clothing,44,Georgia,M,Charcoal,Winter,3.3,1,Next Day Air,1,1,9,Cash,Bi-Weekly,26,0.5342509875137679,52.8765430515767,0.4712640708417055,0.6028501975027536,0.7330238625028773,Bronze,1,2,2,5,At-Risk / One-Timer
271,33,Male,Jeans,Clothing,52,North Dakota,XL,Orange,Fall,4.6,1,Free Shipping,1,1,16,Bank Transfer,Annually,1,0.2997723364565727,1.1901836833401565,0.4712640708417055,0.6158006211374683,0.8663009284124914,Silver,2,1,3,6,Occasional Buyer
272,65,Male,Sunglasses,Accessories,69,Maryland,XL,Yellow,Summer,4.6,1,Express,1,1,42,Credit Card,Fortnightly,26,0.6826415987921073,75.40518919682413,2.3996554557680767,0.7885283197584214,1.1530997304582211,Platinum,5,2,4,11,Loyal Promo-User
273,48,Male,Jewelry,Accessories,26,Oregon,M,Beige,Summer,4.4,1,2-Day Shipping,1,1,37,Debit Card,Bi-Weekly,26,0.6700658675655395,57.41912251331567,2.3996554557680767,0.7620131735131079,0.43450134770889487,Gold,4,2,1,7,Occasional Buyer
274,69,Male,Coat,Outerwear,33,North Dakota,S,Silver,Spring,4.2,1,Express,1,1,32,Debit Card,Quarterly,4,0.4018672361236636,5.668515030412357,3.3361111111111157,0.599758062609348,0.5771971496437054,Gold,4,1,1,6,Occasional Buyer
275,59,Male,Jewelry,Accessories,32,Maryland,M,Indigo,Spring,3.0,1,Express,1,1,28,Cash,Bi-Weekly,26,0.6425681751459875,58.415356562047236,2.3996554557680767,0.5885136350291975,0.5347708894878707,Gold,3,2,1,6,Occasional Buyer
276,48,Male,Backpack,Accessories,85,Virginia,XL,Lavender,Winter,4.0,1,Express,1,1,13,Credit Card,Weekly,52,0.8684816241748421,201.16297627343127,2.3996554557680767,0.8536963248349684,1.4204851752021563,Bronze,2,3,5,10,Promo-Dependent
277,25,Male,Skirt,Clothing,30,South Dakota,XL,Turquoise,Fall,3.5,1,Express,1,1,11,Bank Transfer,Fortnightly,26,0.5527992725929946,49.35594634705903,0.4712640708417055,0.630559854518599,0.49978899716105274,Bronze,2,2,1,5,At-Risk / One-Timer
278,29,Male,Shirt,Clothing,29,Georgia,M,Green,Winter,3.0,1,Store Pickup,1,1,36,Bank Transfer,Bi-Weekly,26,0.6673528024834868,59.01476371574516,0.4712640708417055,0.5934705604966973,0.48312936392235095,Gold,4,2,1,7,Occasional Buyer
279,57,Male,Sweater,Clothing,95,Hawaii,M,Orange,Spring,3.7,1,Express,1,1,23,Debit Card,Annually,1,0.334854307887009,1.5283916546092835,0.4712640708417055,0.5148170154235556,1.582665157676667,Silver,3,1,5,9,Promo-Dependent
280,23,Male,Sneakers,Footwear,69,Arkansas,L,Turquoise,Summer,4.0,1,Standard,1,1,37,Bank Transfer,Monthly,12,0.5085274060270781,25.925715179492933,-2.7198160345219193,0.6278593273592619,1.1451250935084365,Gold,4,2,4,10,Promo-Dependent
281,45,Male,Sandals,Footwear,69,Montana,S,Cyan,Fall,4.2,1,2-Day Shipping,1,1,21,Cash,Bi-Weekly,26,0.6144638386434813,67.8742140670936,-2.7198160345219193,0.7268927677286963,1.1451250935084365,Silver,3,2,4,9,Promo-Dependent
282,38,Male,Belt,Accessories,61,Oklahoma,XL,Charcoal,Spring,2.5,1,Standard,1,1,22,Debit Card,Bi-Weekly,26,0.6189860903121072,66.42060820698482,2.3996554557680767,0.5237972180624215,1.0194070080862534,Silver,3,2,3,8,Promo-Dependent
283,21,Male,Skirt,Clothing,94,Minnesota,M,Teal,Summer,3.0,1,2-Day Shipping,1,1,9,Cash,Monthly,12,0.37271252597530635,20.367443510988167,0.4712640708417055,0.4806963513489074,1.5660055244379651,Bronze,1,2,5,8,Promo-Dependent
284,32,Male,Sweater,Clothing,30,Montana,S,Maroon,Fall,3.2,1,Next Day Air,1,1,16,Venmo,Annually,1,0.2997723364565727,1.0294143676504868,0.4712640708417055,0.4478006211374684,0.49978899716105274,Silver,2,1,1,4,At-Risk / One-Timer
285,63,Male,Skirt,Clothing,45,Ohio,M,Red,Summer,3.5,1,Standard,1,1,4,PayPal,Quarterly,4,0.20988825991206111,3.2143475221455193,0.4712640708417055,0.4773622673670276,0.7496834957415791,Bronze,1,1,2,4,At-Risk / One-Timer
286,29,Male,Handbag,Accessories,39,Kentucky,XL,Yellow,Summer,4.8,1,Express,1,1,3,Debit Card,Bi-Weekly,26,0.44103314751110567,42.299871027359885,2.3996554557680767,0.7642066295022211,0.6517520215633423,Bronze,1,2,2,5,At-Risk / One-Timer
287,27,Male,Jewelry,Accessories,51,Nebraska,L,Gray,Summer,2.6,1,Store Pickup,1,1,6,Debit Card,Annually,1,0.2095035119577509,0.8277994356438123,2.3996554557680767,0.357746856237704,0.8522911051212938,Bronze,1,1,2,4,At-Risk / One-Timer
288,56,Male,Scarf,Accessories,37,Delaware,L,Blue,Spring,3.4,1,2-Day Shipping,1,1,18,Venmo,Fortnightly,26,0.5995492938099868,56.70371754416034,2.3996554557680767,0.6279098587619973,0.6183288409703505,Silver,2,2,2,6,Occasional Buyer
289,30,Male,T-shirt,Clothing,62,North Carolina,M,Lavender,Winter,3.7,1,2-Day Shipping,1,1,34,Venmo,Bi-Weekly,26,0.6616994641775042,71.27926074018069,0.4712640708417055,0.6763398928355009,1.032897260799509,Gold,4,2,3,9,Promo-Dependent
290,49,Male,Coat,Outerwear,85,New York,M,Yellow,Fall,4.5,1,2-Day Shipping,1,1,26,Credit Card,Monthly,12,0.4737599137072051,25.32349428833981,3.3361111111111157,0.6809058288952873,1.4867199309004533,Gold,3,2,5,10,Promo-Dependent
291,58,Male,T-shirt,Clothing,33,Colorado,M,Indigo,Winter,3.7,1,Standard,1,1,50,PayPal,Weekly,52,1.0,183.3707472800404,0.4712640708417055,0.8440000000000001,0.549767896877158,Platinum,5,3,1,9,Promo-Dependent
292,57,Male,Dress,Clothing,26,Delaware,XL,Violet,Fall,3.3,1,Next Day Air,1,1,40,Bank Transfer,Monthly,12,0.5162577495443996,20.418015879706342,0.4712640708417055,0.5454053960627261,0.4331504642062457,Platinum,4,2,1,7,Occasional Buyer
293,60,Male,Shoes,Footwear,99,Utah,M,Green,Spring,4.7,1,Free Shipping,1,1,24,Cash,Quarterly,4,0.3736226736702761,6.882383990382054,-2.7198160345219193,0.6541091501186707,1.6430055689468872,Silver,3,1,5,9,Promo-Dependent
294,69,Male,Handbag,Accessories,39,Connecticut,M,White,Spring,2.7,1,Express,1,1,33,PayPal,Annually,1,0.37028891021212557,1.3659511529677502,2.3996554557680767,0.401903935888579,0.6517520215633423,Gold,4,1,2,7,Occasional Buyer
295,70,Male,Skirt,Clothing,20,New Jersey,M,Gold,Spring,4.6,1,Store Pickup,1,1,19,Credit Card,Every 3 Months,4,0.3509214074231668,4.273552395109257,0.4712640708417055,0.6375688968692488,0.33319266477403514,Silver,2,1,1,4,At-Risk / One-Timer
296,53,Male,Sunglasses,Accessories,42,West Virginia,M,Indigo,Winter,2.7,1,Store Pickup,1,1,24,Credit Card,Quarterly,4,0.3736226736702761,5.621078573737522,2.3996554557680767,0.4141091501186706,0.7018867924528303,Silver,3,1,2,6,Occasional Buyer
297,25,Male,Sandals,Footwear,74,Indiana,S,Lavender,Spring,4.8,1,2-Day Shipping,1,1,19,Credit Card,Weekly,52,0.9047675612693207,203.12880594726343,-2.7198160345219193,0.9569535122538642,1.2281051727481782,Silver,2,3,4,9,Promo-Dependent
298,48,Male,Shoes,Footwear,26,Delaware,XL,Purple,Summer,4.4,1,Standard,1,1,4,Credit Card,Bi-Weekly,26,0.46373441375821495,39.73821739937998,-2.7198160345219193,0.720746882751643,0.43149641204665723,Bronze,1,2,1,4,At-Risk / One-Timer
299,69,Male,T-shirt,Clothing,53,Maryland,M,Lavender,Winter,4.0,1,Standard,1,1,11,Venmo,Every 3 Months,4,0.2989531187468407,4.770076885407131,0.4712640708417055,0.5551752391339835,0.8829605616511932,Bronze,2,1,3,6,Occasional Buyer
300,25,Male,Sneakers,Footwear,80,Pennsylvania,M,Maroon,Summer,3.2,1,Next Day Air,1,1,28,PayPal,Fortnightly,26,0.6425681751459875,73.41706252633212,-2.7198160345219193,0.6125136350291975,1.3276812678358685,Gold,3,2,4,9,Promo-Dependent
301,29,Male,Hat,Accessories,98,Iowa,M,Teal,Spring,4.4,1,Store Pickup,1,1,24,PayPal,Weekly,52,0.9274688275164299,221.61518182449365,2.3996554557680767,0.913493765503286,1.6377358490566039,Silver,3,3,5,11,Loyal Promo-User
302,46,Male,Skirt,Clothing,95,Pennsylvania,M,Green,Spring,3.8,1,Standard,1,1,25,Credit Card,Every 3 Months,4,0.3776127502216725,6.894224294197946,0.4712640708417055,0.5469071654289499,1.582665157676667,Silver,3,1,5,9,Promo-Dependent
303,37,Male,Sweater,Clothing,44,Delaware,L,Olive,Summer,3.6,1,Express,1,1,27,Bank Transfer,Every 3 Months,4,0.3851520440842412,5.864575356295382,0.4712640708417055,0.5244150242014636,0.7330238625028773,Gold,3,1,2,6,Occasional Buyer
304,20,Male,Sandals,Footwear,60,Oregon,M,Turquoise,Summer,3.3,1,Next Day Air,1,1,49,Venmo,Weekly,52,0.9979854012719828,213.33478935160645,-2.7198160345219193,0.7955970802543966,0.9957609508769013,Platinum,5,3,3,11,Loyal Promo-User
305,40,Male,Dress,Clothing,84,Oregon,M,Green,Winter,3.4,1,Next Day Air,1,1,45,Credit Card,Bi-Weekly,26,0.68950266406766,79.64371679871387,0.4712640708417055,0.645900532813532,1.3994091920509477,Platinum,5,2,4,11,Loyal Promo-User
306,60,Male,Sweater,Clothing,59,Utah,M,Teal,Fall,3.5,1,2-Day Shipping,1,1,26,PayPal,Annually,1,0.3468368367841282,1.4200695166654094,0.4712640708417055,0.49321352120297945,0.9829183610834037,Gold,3,1,3,7,Occasional Buyer
307,26,Male,Jacket,Outerwear,49,North Dakota,S,White,Summer,3.6,1,Express,1,1,4,Cash,Annually,1,0.1752728752966765,0.6856715203881371,3.3361111111111157,0.4709007289054891,0.8570503131073202,Bronze,1,1,2,4,At-Risk / One-Timer
308,29,Male,Gloves,Accessories,32,Florida,M,Orange,Winter,3.2,1,Free Shipping,1,1,3,Credit Card,Every 3 Months,4,0.18718699366495184,2.618002955030729,2.3996554557680767,0.43682201411760574,0.5347708894878707,Bronze,1,1,1,3,At-Risk / One-Timer
309,66,Male,Handbag,Accessories,29,Maryland,M,Beige,Fall,3.7,1,Standard,1,1,45,Venmo,Bi-Weekly,26,0.68950266406766,60.97350104757616,2.3996554557680767,0.681900532813532,0.4846361185983828,Platinum,5,2,1,8,Promo-Dependent
310,66,Male,Dress,Clothing,22,Minnesota,M,Yellow,Spring,4.5,1,Standard,1,1,21,Cash,Fortnightly,26,0.6144638386434813,50.09284311107071,0.4712640708417055,0.7628927677286963,0.36651193125143866,Silver,3,2,1,6,Occasional Buyer
311,56,Male,Pants,Clothing,85,Montana,M,Charcoal,Winter,4.6,1,Standard,1,1,50,Cash,Fortnightly,26,0.7,81.06912079181383,0.4712640708417055,0.7919999999999999,1.4160688252896494,Platinum,5,2,5,12,Loyal Promo-User
312,69,Male,Jeans,Clothing,52,Rhode Island,L,Silver,Winter,4.1,1,Store Pickup,1,1,19,Bank Transfer,Monthly,12,0.4432290997308591,21.116986926149004,0.4712640708417055,0.6267996661000179,0.8663009284124914,Silver,2,2,3,7,Occasional Buyer
313,38,Male,Pants,Clothing,89,Massachusetts,L,Green,Spring,3.4,1,Next Day Air,1,1,6,PayPal,Annually,1,0.2095035119577509,0.9427259290756399,0.4712640708417055,0.453746856237704,1.4827073582444563,Bronze,1,1,5,7,Occasional Buyer
314,42,Male,Dress,Clothing,77,Vermont,M,Pink,Spring,3.7,1,Express,1,1,50,Credit Card,Every 3 Months,4,0.4461538461538462,7.775049598399887,0.4712640708417055,0.5486153846153846,1.2827917593800353,Platinum,5,1,4,10,Promo-Dependent
315,30,Male,Pants,Clothing,24,New Jersey,M,Purple,Summer,3.3,1,Store Pickup,1,1,17,Debit Card,Every 3 Months,4,0.3402026700731767,4.380280601016644,0.4712640708417055,0.4794251493992507,0.3998311977288422,Silver,2,1,1,4,At-Risk / One-Timer
316,66,Male,Jewelry,Accessories,24,Wisconsin,XL,Orange,Spring,4.5,1,Express,1,1,24,Debit Card,Annually,1,0.33900728905489147,1.0912223671928962,2.3996554557680767,0.6116476116571321,0.401078167115903,Silver,3,1,1,5,At-Risk / One-Timer
317,36,Male,Handbag,Accessories,22,California,M,Charcoal,Fall,3.3,1,Free Shipping,1,1,46,Venmo,Monthly,12,0.5301521129026361,19.947466602825994,2.3996554557680767,0.5481842687343733,0.36765498652291106,Platinum,5,2,1,8,Promo-Dependent
318,58,Male,Sweater,Clothing,82,West Virginia,L,Teal,Fall,4.3,1,Standard,1,1,42,Cash,Every 3 Months,4,0.4287954449459535,7.57911489826156,0.4712640708417055,0.6171437043738061,1.3660899255735441,Platinum,5,1,4,10,Promo-Dependent
319,45,Male,Backpack,Accessories,67,South Dakota,M,Beige,Winter,2.5,1,Standard,1,1,10,Cash,Annually,1,0.25548572642639006,1.0780239912186678,2.3996554557680767,0.35494329913143186,1.1196765498652292,Bronze,1,1,3,5,At-Risk / One-Timer
320,47,Male,Shorts,Clothing,74,Maine,XL,White,Spring,2.6,1,Standard,1,1,1,Cash,Every 3 Months,4,0.116670419909399,2.014892604640481,0.4712640708417055,0.3507186993664952,1.23281285966393,Bronze,1,1,4,6,Occasional Buyer
321,66,Male,Jewelry,Accessories,72,Kansas,L,White,Summer,4.9,1,Standard,1,1,28,Debit Card,Quarterly,4,0.38872202129983363,6.671184265072628,2.3996554557680767,0.6811290196445822,1.203234501347709,Gold,3,1,4,8,Promo-Dependent
322,41,Male,Sneakers,Footwear,36,Vermont,L,Orange,Summer,4.7,1,Free Shipping,1,1,48,Debit Card,Quarterly,4,0.44208394699242487,6.385315372349627,-2.7198160345219193,0.6678014047831003,0.5974565705261408,Platinum,5,1,2,8,Promo-Dependent
323,41,Male,Belt,Accessories,95,Tennessee,S,Cyan,Winter,3.0,1,Standard,1,1,47,Credit Card,Monthly,12,0.5322939585656388,29.154899605299942,2.3996554557680767,0.5126126378669739,1.587601078167116,Platinum,5,2,5,12,Loyal Promo-User
324,66,Male,Hoodie,Clothing,78,Tennessee,M,Orange,Winter,3.5,1,Next Day Air,1,1,29,PayPal,Bi-Weekly,26,0.6460171125956566,73.39119021748898,0.4712640708417055,0.6492034225191313,1.299451392618737,Gold,3,2,4,9,Promo-Dependent
325,37,Male,Shirt,Clothing,82,Wyoming,M,Olive,Summer,4.8,1,Standard,1,1,37,Venmo,Quarterly,4,0.41621971371938576,7.356834290994787,0.4712640708417055,0.6746285581284925,1.3660899255735441,Gold,4,1,4,9,Promo-Dependent
326,70,Male,Pants,Clothing,70,Vermont,M,Charcoal,Winter,4.3,1,Free Shipping,1,1,38,Debit Card,Annually,1,0.3842469169326239,1.637921600623862,0.4712640708417055,0.5966955372326787,1.1661743267091231,Gold,4,1,4,9,Promo-Dependent
327,62,Male,Scarf,Accessories,41,New Jersey,M,White,Fall,3.2,1,Store Pickup,1,1,48,Bank Transfer,Weekly,52,0.9959301008385787,193.56779935158886,2.3996554557680767,0.7831860201677159,0.6851752021563342,Platinum,5,3,2,10,Promo-Dependent
328,61,Male,Coat,Outerwear,42,Iowa,M,Teal,Summer,3.1,1,Free Shipping,1,1,36,PayPal,Weekly,52,0.9673528024834868,189.19718857610388,3.3361111111111157,0.7654705604966974,0.7346145540919887,Gold,4,3,2,9,Promo-Dependent
329,48,Male,Coat,Outerwear,50,Florida,M,Yellow,Fall,2.8,1,Free Shipping,1,1,9,Credit Card,Weekly,52,0.8342509875137678,170.5667296752751,3.3361111111111157,0.7028501975027536,0.8745411358237961,Bronze,1,3,2,6,Occasional Buyer
330,70,Male,Socks,Clothing,31,Nevada,S,White,Summer,2.9,1,2-Day Shipping,1,1,34,Bank Transfer,Monthly,12,0.5001610026390428,20.801111328317273,0.4712640708417055,0.4941860466816547,0.5164486303997545,Gold,4,2,1,7,Occasional Buyer
331,46,Male,Sweater,Clothing,51,North Dakota,M,Beige,Winter,3.8924902061995175,1,Express,1,1,43,Venmo,Bi-Weekly,26,0.6849804123990342,70.36963834791798,0.4712640708417055,0.704094907223749,0.8496412951737896,Platinum,5,2,2,9,Promo-Dependent
332,31,Male,Shirt,Clothing,98,Florida,L,Beige,Fall,3.3,1,Store Pickup,1,1,46,PayPal,Quarterly,4,0.43784442059494383,8.047790353386018,0.4712640708417055,0.4989534995036041,1.6326440573927723,Platinum,5,1,5,11,Loyal Promo-User
333,19,Male,Shirt,Clothing,86,New York,M,Maroon,Winter,2.8,1,2-Day Shipping,1,1,5,Credit Card,Monthly,12,0.3207442372989802,17.188971520382257,0.4712640708417055,0.44630269361364217,1.432728458528351,Bronze,1,2,5,8,Promo-Dependent
334,39,Male,Sweater,Clothing,64,Alaska,M,Teal,Winter,4.5,1,Standard,1,1,15,Bank Transfer,Bi-Weekly,26,0.5820662950222113,63.17402343657696,0.4712640708417055,0.7564132590044423,1.0662165272769124,Silver,2,2,3,7,Occasional Buyer
335,41,Male,Blouse,Clothing,46,Kansas,M,Lavender,Fall,2.6,1,Next Day Air,1,1,30,Credit Card,Annually,1,0.3608914110593454,1.3894852007678975,0.4712640708417055,0.38802443605802295,0.7663431289802809,Gold,3,1,2,6,Occasional Buyer
336,20,Male,Sweater,Clothing,85,Oregon,L,Maroon,Spring,3.7,1,Standard,1,1,44,Venmo,Every 3 Months,4,0.4334205100758389,7.722421908788516,0.4712640708417055,0.5460687173997831,1.4160688252896494,Platinum,5,1,5,11,Loyal Promo-User
337,36,Male,Hat,Accessories,81,Rhode Island,S,Orange,Fall,4.4,1,Express,1,1,16,PayPal,Annually,1,0.2997723364565727,1.3210125248605544,2.3996554557680767,0.5918006211374685,1.3536388140161726,Silver,2,1,4,7,Occasional Buyer
338,32,Male,Sweater,Clothing,59,New Mexico,M,Cyan,Winter,4.3,1,2-Day Shipping,1,1,16,Bank Transfer,Annually,1,0.2997723364565727,1.2273712356755824,0.4712640708417055,0.5798006211374684,0.9829183610834037,Silver,2,1,3,6,Occasional Buyer
339,69,Male,Hoodie,Clothing,79,Massachusetts,M,Silver,Winter,3.5,1,Express,1,1,16,Cash,Weekly,52,0.8882338749181111,202.39775388095907,0.4712640708417055,0.7976467749836222,1.3161110258574389,Silver,2,3,4,9,Promo-Dependent
340,40,Male,Shorts,Clothing,33,Pennsylvania,M,Teal,Spring,3.8,1,2-Day Shipping,1,1,21,Credit Card,Every 3 Months,4,0.36061768479732753,5.0866718725910784,0.4712640708417055,0.5435081523440809,0.549767896877158,Silver,3,1,1,5,At-Risk / One-Timer
341,40,Male,Shorts,Clothing,47,New Jersey,L,Blue,Summer,3.5,1,Express,1,1,39,Venmo,Every 3 Months,4,0.42143798117871967,6.5258845550961615,0.4712640708417055,0.5196722116203594,0.7830027622189826,Platinum,4,1,2,7,Occasional Buyer
342,20,Male,Hat,Accessories,20,Utah,S,Blue,Summer,4.6,1,Store Pickup,1,1,40,Debit Card,Bi-Weekly,26,0.677796211082861,53.65271009398799,2.3996554557680767,0.7875592422165721,0.33423180592991913,Platinum,4,2,1,7,Occasional Buyer
343,64,Male,Coat,Outerwear,36,Kentucky,M,Olive,Spring,2.6,1,Next Day Air,1,1,48,Credit Card,Every 3 Months,4,0.44208394699242487,6.385315372349627,3.3361111111111157,0.41580140478310035,0.6296696177931332,Platinum,5,1,2,8,Promo-Dependent
344,27,Male,Sandals,Footwear,39,Nebraska,M,Purple,Summer,4.4,1,Next Day Air,1,1,26,Venmo,Monthly,12,0.4737599137072051,20.971718542287604,-2.7198160345219193,0.6689058288952873,0.6472446180699859,Gold,3,2,2,7,Occasional Buyer
345,24,Male,Skirt,Clothing,71,Virginia,M,Charcoal,Winter,4.0,1,Standard,1,1,46,Debit Card,Monthly,12,0.5301521129026361,27.207402950105738,0.4712640708417055,0.6321842687343734,1.1828339599478248,Platinum,5,2,4,11,Loyal Promo-User
346,48,Male,Shoes,Footwear,59,Wyoming,S,Olive,Winter,4.4,1,Next Day Air,1,1,27,Bank Transfer,Annually,1,0.3505366594688566,1.4352178655558132,-2.7198160345219193,0.6019534857399251,0.979164935028953,Gold,3,1,3,7,Occasional Buyer
347,49,Male,Jeans,Clothing,50,New Mexico,L,Violet,Spring,4.7,1,Next Day Air,1,1,5,Cash,Weekly,52,0.7822826988374417,159.9415567009425,0.4712640708417055,0.9204565397674884,0.8329816619350878,Bronze,1,3,2,6,Occasional Buyer
348,36,Male,Sandals,Footwear,41,Oregon,L,Red,Fall,3.9,1,Store Pickup,1,1,43,PayPal,Fortnightly,26,0.6849804123990342,66.56599239012014,-2.7198160345219193,0.7049960824798068,0.6804366497658826,Platinum,5,2,2,9,Promo-Dependent
349,56,Male,Blouse,Clothing,59,South Carolina,M,Beige,Fall,2.7,1,Free Shipping,1,1,17,PayPal,Fortnightly,26,0.5940488239193306,63.238254869622175,0.4712640708417055,0.5428097647838661,0.9829183610834037,Silver,2,2,3,7,Occasional Buyer
350,37,Male,Hat,Accessories,87,Arizona,M,Green,Winter,3.7,1,2-Day Shipping,1,1,3,Bank Transfer,Bi-Weekly,26,0.44103314751110567,51.34100264167345,2.3996554557680767,0.6322066295022212,1.4539083557951482,Bronze,1,2,5,8,Promo-Dependent
351,42,Male,Sweater,Clothing,68,Kentucky,M,Violet,Spring,2.6,1,2-Day Shipping,1,1,47,Bank Transfer,Fortnightly,26,0.6938324201041003,76.38176943964397,0.4712640708417055,0.5507664840208201,1.1328550602317196,Platinum,5,2,3,10,Promo-Dependent
352,28,Male,Skirt,Clothing,90,New York,M,Teal,Winter,3.9,1,Standard,1,1,24,Debit Card,Bi-Weekly,26,0.62746882751643,73.59101686678221,0.4712640708417055,0.693493765503286,1.4993669914831582,Silver,3,2,5,10,Promo-Dependent
353,27,Male,Jeans,Clothing,71,Texas,XL,Yellow,Fall,4.9,1,Next Day Air,1,1,12,Cash,Every 3 Months,4,0.30709617646611964,5.253391252688118,0.4712640708417055,0.6648038506778393,1.1828339599478248,Bronze,2,1,4,7,Occasional Buyer
354,63,Male,Sneakers,Footwear,64,Missouri,L,Yellow,Fall,4.1,1,Store Pickup,1,1,35,Debit Card,Monthly,12,0.5030269361364219,25.197950863469824,-2.7198160345219193,0.6387592333811305,1.0621450142686948,Gold,4,2,3,9,Promo-Dependent
355,58,Male,Jewelry,Accessories,76,Pennsylvania,S,Olive,Fall,3.0,1,Free Shipping,1,1,42,Venmo,Weekly,52,0.9826415987921073,221.9570030377507,2.3996554557680767,0.7565283197584215,1.2700808625336928,Platinum,5,3,4,12,Loyal Promo-User
356,37,Male,Jewelry,Accessories,42,Oregon,XL,Magenta,Fall,4.1,1,2-Day Shipping,1,1,1,PayPal,Every 3 Months,4,0.116670419909399,1.7552831874449921,2.3996554557680767,0.5307186993664951,0.7018867924528303,Bronze,1,1,2,4,At-Risk / One-Timer
357,56,Male,Pants,Clothing,80,Nevada,L,Black,Spring,3.8694990989651976,1,Standard,1,1,27,Cash,Weekly,52,0.938998197930395,214.57175153097674,0.4712640708417055,0.8521395314619027,1.3327706590961406,Gold,3,3,4,10,Promo-Dependent
358,18,Male,Belt,Accessories,56,Arkansas,M,Olive,Spring,4.0,1,Standard,1,1,16,Credit Card,Bi-Weekly,26,0.5882338749181111,61.834752558043384,2.3996554557680767,0.6976467749836222,0.9358490566037736,Silver,2,2,3,7,Occasional Buyer
359,48,Male,Hat,Accessories,25,Minnesota,XL,Magenta,Summer,3.6,1,Express,1,1,36,Credit Card,Every 3 Months,4,0.413506648637333,5.38897832149664,2.3996554557680767,0.530085945112082,0.41778975741239893,Gold,4,1,1,6,Occasional Buyer
360,31,Male,Sneakers,Footwear,74,Georgia,M,Olive,Winter,3.0,1,Store Pickup,1,1,30,Credit Card,Every 3 Months,4,0.39550679567473,6.830383556593924,-2.7198160345219193,0.4544859745195614,1.2281051727481782,Gold,3,1,4,8,Promo-Dependent
361,51,Male,Pants,Clothing,30,Rhode Island,M,Teal,Summer,3.0,1,Standard,1,1,18,Debit Card,Fortnightly,26,0.5995492938099868,53.5299596884416,0.4712640708417055,0.5799098587619973,0.49978899716105274,Silver,2,2,1,5,At-Risk / One-Timer
362,65,Male,T-shirt,Clothing,96,Nevada,M,White,Spring,2.6,1,Free Shipping,1,1,45,Cash,Annually,1,0.40104112560612165,1.834647240141679,0.4712640708417055,0.39605437896737816,1.5993247909153687,Platinum,5,1,5,11,Loyal Promo-User
363,53,Male,Sneakers,Footwear,64,Texas,M,Charcoal,Fall,3.4,1,Free Shipping,1,1,1,Venmo,Fortnightly,26,0.3705165737555528,40.21367138803371,-2.7198160345219193,0.5821033147511105,1.0621450142686948,Bronze,1,2,3,6,Occasional Buyer
364,55,Male,Shorts,Clothing,88,Florida,L,Yellow,Winter,3.1,1,Free Shipping,1,1,42,Bank Transfer,Fortnightly,26,0.6826415987921073,79.66737760358906,0.4712640708417055,0.6085283197584215,1.4660477250057546,Platinum,5,2,5,12,Loyal Promo-User
365,62,Male,Shoes,Footwear,88,North Dakota,L,Charcoal,Summer,3.0,1,Free Shipping,1,1,7,Venmo,Every 3 Months,4,0.2577035674205047,4.626950421333584,-2.7198160345219193,0.4269253288687163,1.4604493946194552,Bronze,1,1,5,7,Occasional Buyer
366,55,Male,Gloves,Accessories,88,West Virginia,XL,Gray,Summer,3.7,1,Standard,1,1,50,PayPal,Quarterly,4,0.4461538461538462,8.010489521368127,2.3996554557680767,0.5486153846153846,1.4706199460916443,Platinum,5,1,5,11,Loyal Promo-User
367,64,Male,Socks,Clothing,36,Nebraska,M,Turquoise,Spring,3.5,1,Store Pickup,1,1,37,Venmo,Fortnightly,26,0.6700658675655395,62.908373939941384,0.4712640708417055,0.654013173513108,0.5997467965932632,Gold,4,2,2,8,Promo-Dependent
368,52,Male,Dress,Clothing,40,Tennessee,XL,Cyan,Spring,2.8,1,Store Pickup,1,1,18,Bank Transfer,Monthly,12,0.43801083227152526,19.519017499649305,0.4712640708417055,0.4697560126081512,0.6663853295480703,Silver,2,2,2,6,Occasional Buyer
369,24,Male,Handbag,Accessories,39,Oklahoma,M,Charcoal,Spring,4.5,1,Standard,1,1,29,Cash,Monthly,12,0.4844786510571952,21.44620010210067,2.3996554557680767,0.6830495763652853,0.6517520215633423,Gold,3,2,2,7,Occasional Buyer
370,38,Male,Belt,Accessories,40,Wisconsin,M,Silver,Summer,3.3,1,Store Pickup,1,1,45,PayPal,Quarterly,4,0.43565651022150625,6.471367388145862,2.3996554557680767,0.4985159174289166,0.6684636118598383,Platinum,5,1,2,8,Promo-Dependent
371,59,Male,Scarf,Accessories,34,Oregon,M,Olive,Winter,3.4,1,Express,1,1,13,PayPal,Weekly,52,0.8684816241748421,160.56323186535852,2.3996554557680767,0.7816963248349684,0.5681940700808625,Bronze,2,3,1,6,Occasional Buyer
372,27,Male,Sneakers,Footwear,83,North Carolina,S,Pink,Winter,3.2,1,2-Day Shipping,1,1,47,PayPal,Monthly,12,0.5322939585656388,28.301964162425268,-2.7198160345219193,0.5366126378669739,1.3774693153797135,Platinum,5,2,4,11,Loyal Promo-User
373,24,Male,Sweater,Clothing,85,Pennsylvania,L,Orange,Summer,3.7,1,Standard,1,1,7,Debit Card,Weekly,52,0.8115497212666585,187.97606394837024,0.4712640708417055,0.8063099442533317,1.4160688252896494,Bronze,1,3,5,9,Promo-Dependent
374,23,Male,Coat,Outerwear,27,North Dakota,L,White,Summer,4.6,1,Express,1,1,11,Venmo,Bi-Weekly,26,0.5527992725929946,47.89304596325466,3.3361111111111157,0.7625598545185989,0.4722522133448499,Bronze,2,2,1,5,At-Risk / One-Timer
375,69,Male,Jewelry,Accessories,78,Ohio,S,Purple,Spring,5.0,1,Store Pickup,1,1,39,Bank Transfer,Monthly,12,0.513745673486412,26.937419156753116,2.3996554557680767,0.7489029808511285,1.3035040431266847,Platinum,4,2,4,10,Promo-Dependent
376,59,Male,Sunglasses,Accessories,32,Oklahoma,M,Olive,Summer,4.4,1,Standard,1,1,6,Debit Card,Quarterly,4,0.2441188965731355,3.4142542710592876,2.3996554557680767,0.5922083946992425,0.5347708894878707,Bronze,1,1,1,3,At-Risk / One-Timer
377,51,Male,Shoes,Footwear,51,South Carolina,S,Gray,Fall,4.9,1,Express,1,1,2,Venmo,Bi-Weekly,26,0.41176612508188887,42.30169619661512,-2.7198160345219193,0.7703532250163778,0.8463968082453661,Bronze,1,2,2,5,At-Risk / One-Timer
378,63,Male,Scarf,Accessories,32,Maine,M,Silver,Spring,4.1,1,Standard,1,1,39,Credit Card,Every 3 Months,4,0.42143798117871967,5.894244351522246,2.3996554557680767,0.5916722116203592,0.5347708894878707,Platinum,4,1,1,6,Occasional Buyer
379,54,Male,Dress,Clothing,62,Nevada,L,Orange,Winter,4.9,1,Next Day Air,1,1,23,Credit Card,Monthly,12,0.4617773848100859,22.95847102642719,0.4712640708417055,0.7265093231158635,1.032897260799509,Silver,3,2,3,8,Promo-Dependent
380,32,Male,T-shirt,Clothing,29,Montana,S,Magenta,Fall,4.7,1,2-Day Shipping,1,1,46,Debit Card,Bi-Weekly,26,0.6916905744410977,61.1669804384458,0.4712640708417055,0.8023381148882196,0.48312936392235095,Platinum,5,2,1,8,Promo-Dependent
381,39,Male,Backpack,Accessories,69,New Hampshire,XL,Beige,Fall,3.0,1,Store Pickup,1,1,19,Bank Transfer,Weekly,52,0.9047675612693207,199.88283531909218,2.3996554557680767,0.7409535122538642,1.1530997304582211,Silver,2,3,4,9,Promo-Dependent
382,66,Male,Jewelry,Accessories,25,Maine,L,Lavender,Winter,3.4,1,Store Pickup,1,1,3,Credit Card,Every 3 Months,4,0.18718699366495184,2.4394931840897147,2.3996554557680767,0.4608220141176057,0.41778975741239893,Bronze,1,1,1,3,At-Risk / One-Timer
383,28,Male,Jeans,Clothing,76,California,M,Peach,Winter,3.2,1,Store Pickup,1,1,47,PayPal,Quarterly,4,0.43998626625794646,7.6448589156497055,0.4712640708417055,0.4873818686362047,1.2661321261413336,Platinum,5,1,4,10,Promo-Dependent
384,50,Male,Sunglasses,Accessories,77,West Virginia,S,Magenta,Fall,3.8,1,Standard,1,1,6,PayPal,Quarterly,4,0.2441188965731355,4.254219805847612,2.3996554557680767,0.5202083946992424,1.2867924528301888,Bronze,1,1,4,6,Occasional Buyer
385,70,Male,Sweater,Clothing,33,California,M,Beige,Fall,4.5,1,2-Day Shipping,1,1,6,Venmo,Annually,1,0.2095035119577509,0.7387849143362628,0.4712640708417055,0.5857468562377041,0.549767896877158,Bronze,1,1,1,3,At-Risk / One-Timer
386,67,Male,Shorts,Clothing,93,West Virginia,S,Yellow,Fall,2.7,1,Next Day Air,1,1,12,Credit Card,Bi-Weekly,26,0.5609423303122735,66.26168542401535,0.4712640708417055,0.5361884660624547,1.5493458911992635,Bronze,2,2,5,9,Promo-Dependent
387,64,Male,Jewelry,Accessories,39,Louisiana,L,Brown,Spring,3.4,1,Express,1,1,40,PayPal,Quarterly,4,0.42395005723670726,6.255602622843667,2.3996554557680767,0.5081746268319568,0.6517520215633423,Platinum,4,1,2,7,Occasional Buyer
388,45,Male,Coat,Outerwear,93,Georgia,L,Silver,Summer,4.6,1,Store Pickup,1,1,38,PayPal,Fortnightly,26,0.6727084553941624,79.4641331999115,3.3361111111111157,0.7865416910788324,1.6266465126322607,Gold,4,2,5,11,Loyal Promo-User
389,22,Male,Handbag,Accessories,82,Washington,M,Orange,Summer,2.7,1,Store Pickup,1,1,10,PayPal,Quarterly,4,0.2901011110417747,5.127642279353217,2.3996554557680767,0.39740483759297035,1.3703504043126684,Bronze,1,1,4,6,Occasional Buyer
390,27,Male,Boots,Footwear,42,Virginia,L,Purple,Spring,4.2,1,Standard,1,1,28,Bank Transfer,Monthly,12,0.48102971360752594,21.710988173672014,-2.7198160345219193,0.6463597888753514,0.6970326656138309,Gold,3,2,2,7,Occasional Buyer
391,25,Male,Gloves,Accessories,71,Indiana,M,Indigo,Winter,3.2,1,2-Day Shipping,1,1,19,PayPal,Annually,1,0.3163060228077822,1.3527352509827617,2.3996554557680767,0.45110735840771027,1.186522911051213,Silver,2,1,4,7,Occasional Buyer
392,37,Male,Sweater,Clothing,86,Minnesota,L,Gray,Spring,4.8,1,Standard,1,1,25,Cash,Fortnightly,26,0.6314589040678263,73.32097360310402,0.4712640708417055,0.8022917808135652,1.432728458528351,Silver,3,2,5,10,Promo-Dependent
393,26,Male,T-shirt,Clothing,82,Idaho,XL,Black,Spring,3.3,1,Next Day Air,1,1,38,Credit Card,Annually,1,0.3842469169326239,1.697925879962525,0.4712640708417055,0.4766955372326786,1.3660899255735441,Gold,4,1,4,9,Promo-Dependent
394,33,Male,Shoes,Footwear,65,Vermont,L,Maroon,Fall,4.2,1,Standard,1,1,6,PayPal,Fortnightly,26,0.49796505041928935,54.243842506167695,-2.7198160345219193,0.7035930100838579,1.0787410301166431,Bronze,1,2,3,6,Occasional Buyer
395,43,Male,Scarf,Accessories,29,North Dakota,M,Beige,Spring,4.8,1,Store Pickup,1,1,7,Debit Card,Bi-Weekly,26,0.5115497212666585,45.236920886616275,2.3996554557680767,0.7783099442533317,0.4846361185983828,Bronze,1,2,1,4,At-Risk / One-Timer
396,37,Male,Sneakers,Footwear,65,Rhode Island,L,Brown,Winter,4.9,1,Store Pickup,1,1,2,PayPal,Annually,1,0.12330458662035042,0.5166036460475593,-2.7198160345219193,0.616507071170224,1.0787410301166431,Bronze,1,1,3,5,At-Risk / One-Timer
397,46,Male,Dress,Clothing,88,South Carolina,S,Black,Fall,3.9,1,Standard,1,1,24,Bank Transfer,Annually,1,0.33900728905489147,1.521680447256082,0.4712640708417055,0.539647611657132,1.4660477250057546,Silver,3,1,5,9,Promo-Dependent
398,22,Male,Belt,Accessories,46,Mississippi,M,Indigo,Fall,3.0,1,Free Shipping,1,1,26,Cash,Annually,1,0.3468368367841282,1.3353730153291141,2.3996554557680767,0.43321352120297946,0.768733153638814,Gold,3,1,2,6,Occasional Buyer
399,20,Male,Boots,Footwear,67,Montana,S,Silver,Winter,4.6,1,Free Shipping,1,1,25,Debit Card,Every 3 Months,4,0.3776127502216725,6.373359636532351,-2.7198160345219193,0.6429071654289499,1.1119330618125398,Silver,3,1,3,7,Occasional Buyer
400,60,Male,Scarf,Accessories,35,Idaho,L,Blue,Fall,3.5,1,2-Day Shipping,1,1,10,Debit Card,Monthly,12,0.38240880334946703,16.444430268421844,2.3996554557680767,0.5426356068237396,0.5849056603773585,Bronze,1,2,1,4,At-Risk / One-Timer
401,39,Male,Boots,Footwear,66,Utah,M,Green,Winter,4.8,1,Free Shipping,1,1,14,PayPal,Fortnightly,26,0.5755005388401039,62.91487457102922,-2.7198160345219193,0.7911001077680208,1.0953370459645915,Silver,2,2,3,7,Occasional Buyer
402,43,Male,T-shirt,Clothing,91,Oklahoma,L,Orange,Fall,4.8,1,Standard,1,1,21,Cash,Quarterly,4,0.36061768479732753,6.522547711193708,0.4712640708417055,0.6635081523440809,1.51602662472186,Silver,3,1,5,9,Promo-Dependent
403,31,Male,Backpack,Accessories,78,California,L,Cyan,Fall,3.0,1,Express,1,1,26,PayPal,Monthly,12,0.4737599137072051,24.840830850394905,2.3996554557680767,0.5009058288952872,1.3035040431266847,Gold,3,2,4,9,Promo-Dependent
404,19,Male,Sneakers,Footwear,45,Nevada,M,Orange,Winter,4.5,1,Next Day Air,1,1,12,Bank Transfer,Annually,1,0.27248079185073504,1.0432312394278527,-2.7198160345219193,0.5983423122163009,0.746820713157676,Bronze,2,1,2,5,At-Risk / One-Timer
405,35,Male,T-shirt,Clothing,93,Delaware,M,Indigo,Spring,4.8,1,Store Pickup,1,1,11,Credit Card,Monthly,12,0.39126081105453303,21.33135841644948,0.4712640708417055,0.7004060083647526,1.5493458911992635,Bronze,2,2,5,9,Promo-Dependent
406,41,Male,Jeans,Clothing,74,South Carolina,S,Silver,Summer,3.8,1,Standard,1,1,15,Cash,Annually,1,0.2936047565606729,1.2676350465284274,0.4712640708417055,0.5185671051582884,1.23281285966393,Silver,2,1,4,7,Occasional Buyer
407,52,Male,Gloves,Accessories,55,Maryland,M,Peach,Spring,4.6,1,Express,1,1,13,Cash,Monthly,12,0.40694316263638064,19.657072173017564,2.3996554557680767,0.6795424786811222,0.9191374663072777,Bronze,2,2,3,7,Occasional Buyer
408,45,Male,Hoodie,Clothing,76,North Carolina,XL,Teal,Spring,3.1,1,Next Day Air,1,1,5,Credit Card,Bi-Weekly,26,0.48228269883744174,54.46849725398398,0.4712640708417055,0.5684565397674883,1.2661321261413336,Bronze,1,2,4,7,Occasional Buyer
409,34,Male,Sneakers,Footwear,66,Alabama,L,White,Spring,3.4,1,Express,1,1,36,Cash,Fortnightly,26,0.6673528024834868,72.95634848143705,-2.7198160345219193,0.6414705604966974,1.0953370459645915,Gold,4,2,3,9,Promo-Dependent
410,35,Male,Shorts,Clothing,51,Minnesota,M,Brown,Winter,3.3,1,2-Day Shipping,1,1,32,Bank Transfer,Monthly,12,0.4941749284313559,23.43126698213786,0.4712640708417055,0.5409888318401173,0.8496412951737896,Gold,4,2,2,8,Promo-Dependent
411,29,Male,Sweater,Clothing,26,Virginia,L,Lavender,Spring,4.8,1,2-Day Shipping,1,1,1,Credit Card,Quarterly,4,0.116670419909399,1.5381066844384108,0.4712640708417055,0.6147186993664951,0.4331504642062457,Bronze,1,1,1,3,At-Risk / One-Timer
412,59,Male,Jeans,Clothing,29,Michigan,M,Indigo,Summer,2.8,1,Express,1,1,15,PayPal,Annually,1,0.2936047565606729,0.9986077292577153,0.4712640708417055,0.3985671051582884,0.48312936392235095,Silver,2,1,1,4,At-Risk / One-Timer
413,24,Male,Jacket,Outerwear,74,Maine,M,Yellow,Summer,3.1,1,Store Pickup,1,1,3,Bank Transfer,Weekly,52,0.7410331475111056,166.36889391801108,3.3361111111111157,0.7202066295022211,1.2943208810192182,Bronze,1,3,4,8,Promo-Dependent
414,70,Male,Jewelry,Accessories,99,Nevada,S,White,Summer,4.6,1,Free Shipping,1,1,48,Cash,Monthly,12,0.5343916393001171,29.53157333935442,2.3996554557680767,0.7050321740138694,1.6544474393531,Platinum,5,2,5,12,Loyal Promo-User
415,29,Male,Backpack,Accessories,88,Wyoming,L,Violet,Winter,2.6,1,Store Pickup,1,1,30,Debit Card,Weekly,52,0.9493529495208839,221.5876092004598,2.3996554557680767,0.7018705899041768,1.4706199460916443,Gold,3,3,5,11,Loyal Promo-User
416,67,Male,Coat,Outerwear,31,Connecticut,M,Lavender,Winter,2.6,1,Express,1,1,40,Bank Transfer,Monthly,12,0.5162577495443996,21.470556212335378,3.3361111111111157,0.46140539606272607,0.5422155042107536,Platinum,4,2,1,7,Occasional Buyer
417,36,Male,Belt,Accessories,55,Oregon,L,Olive,Spring,3.8,1,Free Shipping,1,1,24,Bank Transfer,Fortnightly,26,0.62746882751643,65.67035034889845,2.3996554557680767,0.681493765503286,0.9191374663072777,Silver,3,2,3,8,Promo-Dependent
418,23,Male,Sandals,Footwear,81,Mississippi,L,Beige,Fall,4.5,1,Free Shipping,1,1,48,Debit Card,Quarterly,4,0.44208394699242487,7.792559352472274,-2.7198160345219193,0.6438014047831003,1.3442772836838168,Platinum,5,1,4,10,Promo-Dependent
419,18,Male,Sweater,Clothing,73,Illinois,L,Purple,Spring,3.0,1,Standard,1,1,27,Venmo,Bi-Weekly,26,0.638998197930395,71.50753579664715,0.4712640708417055,0.587799639586079,1.2161532264252284,Gold,3,2,4,9,Promo-Dependent
420,53,Male,Shorts,Clothing,91,Utah,S,Teal,Winter,3.7,1,Free Shipping,1,1,14,Credit Card,Every 3 Months,4,0.32165438499395005,5.81781249529351,0.4712640708417055,0.5237154923834054,1.51602662472186,Silver,2,1,5,8,Promo-Dependent
421,32,Male,Socks,Clothing,54,North Carolina,S,Peach,Spring,3.8,1,Free Shipping,1,1,18,Debit Card,Bi-Weekly,26,0.5995492938099868,62.46743831295378,0.4712640708417055,0.6759098587619973,0.8996201948898949,Silver,2,2,3,7,Occasional Buyer
422,38,Male,Shirt,Clothing,40,Kentucky,M,Violet,Winter,3.5,1,Standard,1,1,48,Cash,Bi-Weekly,26,0.6959301008385788,67.19405115417432,0.4712640708417055,0.6591860201677158,0.6663853295480703,Platinum,5,2,2,9,Promo-Dependent
423,47,Male,Pants,Clothing,59,Minnesota,M,Purple,Fall,3.1,1,Store Pickup,1,1,32,Debit Card,Annually,1,0.367251851508279,1.5036556211889205,0.4712640708417055,0.44929652414780963,0.9829183610834037,Gold,4,1,3,8,Promo-Dependent
424,46,Male,Scarf,Accessories,26,New York,L,Teal,Spring,3.0,1,Store Pickup,1,1,21,Credit Card,Bi-Weekly,26,0.6144638386434813,52.65448687792075,2.3996554557680767,0.5828927677286962,0.43450134770889487,Silver,3,2,1,6,Occasional Buyer
425,66,Male,Sweater,Clothing,23,Illinois,M,Gold,Winter,4.3,1,Standard,1,1,42,PayPal,Fortnightly,26,0.6826415987921073,56.406265442698654,0.4712640708417055,0.7525283197584215,0.38317156449014045,Platinum,5,2,1,8,Promo-Dependent
426,40,Male,Jeans,Clothing,87,North Dakota,S,Teal,Winter,3.3,1,Store Pickup,1,1,4,Credit Card,Quarterly,4,0.20988825991206111,3.7589617321241664,0.4712640708417055,0.45336226736702756,1.449388091767053,Bronze,1,1,5,7,Occasional Buyer
427,43,Male,Pants,Clothing,71,Louisiana,M,Violet,Winter,4.7,1,Express,1,1,19,Credit Card,Quarterly,4,0.3509214074231668,6.003094774256347,0.4712640708417055,0.6495688968692488,1.1828339599478248,Silver,2,1,4,7,Occasional Buyer
428,58,Male,Backpack,Accessories,91,Illinois,L,Black,Winter,4.5,1,Store Pickup,1,1,6,Credit Card,Quarterly,4,0.2441188965731355,4.415416151864881,2.3996554557680767,0.6042083946992425,1.5207547169811322,Bronze,1,1,5,7,Occasional Buyer
429,21,Male,Coat,Outerwear,64,Wyoming,XL,Gold,Winter,2.9,1,Free Shipping,1,1,2,Debit Card,Fortnightly,26,0.41176612508188887,44.69065303861837,3.3361111111111157,0.5303532250163777,1.119412653854459,Bronze,1,2,3,6,Occasional Buyer
430,42,Male,Sandals,Footwear,94,Washington,M,Gold,Winter,4.1,1,2-Day Shipping,1,1,21,Cash,Fortnightly,26,0.6144638386434813,72.75300956359054,-2.7198160345219193,0.7148927677286963,1.5600254897071453,Silver,3,2,5,10,Promo-Dependent
431,24,Male,Shirt,Clothing,40,Texas,M,Brown,Summer,3.5,1,Store Pickup,1,1,40,Debit Card,Annually,1,0.38933467262132265,1.4458223648460102,0.4712640708417055,0.5017130883704184,0.6663853295480703,Platinum,4,1,2,7,Occasional Buyer
432,43,Male,Hat,Accessories,76,New Hampshire,L,Cyan,Winter,3.4,1,Store Pickup,1,1,33,Cash,Fortnightly,26,0.658750448673664,74.39857803552742,2.3996554557680767,0.6397500897347328,1.2700808625336928,Gold,4,2,4,10,Promo-Dependent
433,47,Male,Shirt,Clothing,86,Indiana,S,Indigo,Fall,3.3,1,Free Shipping,1,1,26,Venmo,Weekly,52,0.9352983752456666,217.2017435834513,0.4712640708417055,0.7830596750491333,1.432728458528351,Gold,3,3,5,11,Loyal Promo-User
434,49,Male,Skirt,Clothing,92,Alabama,M,Orange,Fall,3.2,1,Store Pickup,1,1,23,Credit Card,Fortnightly,26,0.6233158463485474,73.45626832007929,0.4712640708417055,0.6086631692697095,1.5326862579605618,Silver,3,2,5,10,Promo-Dependent
435,50,Male,Shoes,Footwear,52,Oklahoma,L,Pink,Spring,4.0,1,Store Pickup,1,1,39,PayPal,Every 3 Months,4,0.42143798117871967,6.6929272349504085,-2.7198160345219193,0.5796722116203593,0.8629928240933145,Platinum,4,1,3,8,Promo-Dependent
436,51,Male,Coat,Outerwear,28,Montana,XL,Olive,Winter,3.6,1,Next Day Air,1,1,42,Bank Transfer,Monthly,12,0.5211031372536459,21.05650105280485,3.3361111111111157,0.5823744736045753,0.4897430360613258,Platinum,5,2,1,8,Promo-Dependent
437,40,Male,Pants,Clothing,46,Tennessee,L,Cyan,Summer,4.6,1,Free Shipping,1,1,41,Bank Transfer,Weekly,52,0.9802477492567311,196.25312308588926,0.4712640708417055,0.9480495498513463,0.7663431289802809,Platinum,5,3,2,10,Promo-Dependent
438,45,Male,Jewelry,Accessories,50,New Mexico,M,Peach,Summer,2.6,1,Next Day Air,1,1,41,PayPal,Annually,1,0.39178621079519266,1.5404350661524744,2.3996554557680767,0.3942033960051924,0.8355795148247979,Platinum,5,1,2,8,Promo-Dependent
439,52,Male,Belt,Accessories,23,Iowa,M,Turquoise,Winter,4.3,1,Express,1,1,12,Credit Card,Fortnightly,26,0.5609423303122735,46.350327957783804,2.3996554557680767,0.7281884660624547,0.384366576819407,Bronze,2,2,1,5,At-Risk / One-Timer
440,62,Male,Jacket,Outerwear,50,Idaho,M,Turquoise,Summer,3.4,1,Free Shipping,1,1,31,Cash,Monthly,12,0.4910444072393027,23.168411846272953,3.3361111111111157,0.5523627276017067,0.8745411358237961,Gold,4,2,2,8,Promo-Dependent
441,20,Male,Shirt,Clothing,89,Oklahoma,XL,Maroon,Winter,3.5,1,Store Pickup,1,1,34,Debit Card,Fortnightly,26,0.6616994641775042,77.4155628417155,0.4712640708417055,0.6523398928355009,1.4827073582444563,Gold,4,2,5,11,Loyal Promo-User
442,43,Male,Hoodie,Clothing,81,Florida,M,Maroon,Winter,4.2,1,Standard,1,1,32,Credit Card,Annually,1,0.367251851508279,1.6183758026349666,0.4712640708417055,0.5812965241478096,1.3494302923348425,Gold,4,1,4,9,Promo-Dependent
443,29,Male,Sunglasses,Accessories,69,Michigan,M,Olive,Fall,3.976291434388882,1,Store Pickup,1,1,31,Credit Card,Quarterly,4,0.3987367149316104,6.776124144869354,2.3996554557680767,0.5722869304976033,1.1530997304582211,Gold,4,1,4,9,Promo-Dependent
444,22,Male,Sunglasses,Accessories,67,Hawaii,M,Magenta,Summer,3.6,1,Free Shipping,1,1,24,PayPal,Annually,1,0.33900728905489147,1.4304438682779783,2.3996554557680767,0.5036476116571321,1.1196765498652292,Silver,3,1,3,7,Occasional Buyer
445,48,Male,Dress,Clothing,20,California,M,Red,Summer,4.3,1,Store Pickup,1,1,31,Debit Card,Annually,1,0.3641213303162258,1.1085755602014515,0.4712640708417055,0.5926704199093991,0.33319266477403514,Gold,4,1,1,6,Occasional Buyer
446,42,Male,Boots,Footwear,29,Iowa,M,Olive,Fall,4.9,1,Standard,1,1,18,Venmo,Annually,1,0.31108775534844835,1.0580708589582997,-2.7198160345219193,0.6540637049158435,0.4812844595905023,Silver,2,1,1,4,At-Risk / One-Timer
447,19,Male,Shirt,Clothing,74,West Virginia,M,Silver,Summer,4.1,1,Store Pickup,1,1,15,Venmo,Monthly,12,0.42052783348374984,21.7874870697272,0.4712640708417055,0.622259412850596,1.23281285966393,Silver,2,2,4,8,Promo-Dependent
448,60,Male,Shorts,Clothing,82,Washington,S,Turquoise,Spring,3.6,1,Standard,1,1,7,Bank Transfer,Every 3 Months,4,0.2577035674205047,4.555003953967098,0.4712640708417055,0.4989253288687163,1.3660899255735441,Bronze,1,1,4,6,Occasional Buyer
449,32,Male,Gloves,Accessories,23,Missouri,M,Yellow,Summer,3.4,1,Next Day Air,1,1,35,Bank Transfer,Fortnightly,26,0.6645653976748835,54.912639797531604,2.3996554557680767,0.6409130795349767,0.384366576819407,Gold,4,2,1,7,Occasional Buyer
450,26,Male,Jewelry,Accessories,45,New York,L,Peach,Summer,2.9,1,2-Day Shipping,1,1,35,Bank Transfer,Monthly,12,0.5030269361364219,23.110917014891776,2.3996554557680767,0.49475923338113054,0.7520215633423181,Gold,4,2,2,8,Promo-Dependent
451,25,Male,Boots,Footwear,21,Connecticut,L,Beige,Summer,2.7,1,Store Pickup,1,1,19,Credit Card,Monthly,12,0.4432290997308591,16.44047956598247,-2.7198160345219193,0.458799666100018,0.34851633280691546,Silver,2,2,1,5,At-Risk / One-Timer
452,66,Male,Jewelry,Accessories,31,Virginia,M,Pink,Summer,4.3,1,Express,1,1,26,Credit Card,Fortnightly,26,0.6352983752456667,57.24618609006024,2.3996554557680767,0.7430596750491334,0.5180592991913747,Gold,3,2,1,6,Occasional Buyer
453,45,Male,Pants,Clothing,45,Missouri,M,Violet,Summer,3.887642067512437,1,Express,1,1,39,PayPal,Fortnightly,26,0.6752841350248735,67.22094063746262,0.4712640708417055,0.7015738751064671,0.7496834957415791,Platinum,4,2,2,8,Promo-Dependent
454,54,Male,Jewelry,Accessories,56,Nebraska,XL,Peach,Winter,2.8,1,Next Day Air,1,1,22,Credit Card,Weekly,52,0.9189860903121072,193.20640963305146,2.3996554557680767,0.7197972180624215,0.9358490566037736,Silver,3,3,3,9,Promo-Dependent
455,37,Male,Jacket,Outerwear,97,New Jersey,S,Gold,Summer,3.2,1,Next Day Air,1,1,14,Cash,Bi-Weekly,26,0.5755005388401039,68.60493261802094,3.3361111111111157,0.5991001077680208,1.6966098034981645,Silver,2,2,5,9,Promo-Dependent
456,54,Male,Blouse,Clothing,100,Utah,XL,Gold,Fall,3.6,1,Store Pickup,1,1,50,Debit Card,Fortnightly,26,0.7,83.99519340651092,0.4712640708417055,0.672,1.6659633238701756,Platinum,5,2,5,12,Loyal Promo-User
457,50,Male,Blouse,Clothing,96,North Carolina,S,Indigo,Fall,4.0,1,2-Day Shipping,1,1,33,Credit Card,Quarterly,4,0.40490429482751017,7.409280491162325,0.4712640708417055,0.5763654743501174,1.5993247909153687,Gold,4,1,5,10,Promo-Dependent
458,25,Male,Gloves,Accessories,99,Rhode Island,M,Blue,Spring,4.9,1,Next Day Air,1,1,48,Debit Card,Every 3 Months,4,0.44208394699242487,8.14348724957382,2.3996554557680767,0.6918014047831004,1.6544474393531,Platinum,5,1,5,11,Loyal Promo-User
459,47,Male,Shorts,Clothing,91,Arkansas,L,Black,Winter,4.0,1,2-Day Shipping,1,1,48,PayPal,Monthly,12,0.5343916393001171,28.996872123093368,0.4712640708417055,0.6330321740138696,1.51602662472186,Platinum,5,2,5,12,Loyal Promo-User
460,63,Male,Hat,Accessories,30,Maryland,L,Black,Winter,3.8,1,Standard,1,1,27,PayPal,Fortnightly,26,0.638998197930395,57.05210251993313,2.3996554557680767,0.6837996395860789,0.5013477088948787,Gold,3,2,1,6,Occasional Buyer
461,64,Male,Shoes,Footwear,65,South Carolina,L,Teal,Summer,3.9694990989651973,1,Store Pickup,1,1,27,Bank Transfer,Weekly,52,0.938998197930395,204.57206914109406,-2.7198160345219193,0.8641395314619027,1.0787410301166431,Gold,3,3,3,9,Promo-Dependent
462,18,Male,Boots,Footwear,93,Ohio,M,Yellow,Winter,3.9,1,Express,1,1,20,Venmo,Weekly,52,0.9097311755011782,214.92519895198873,-2.7198160345219193,0.8499462351002356,1.543429473859197,Silver,2,3,5,10,Promo-Dependent
463,59,Male,Jacket,Outerwear,81,Illinois,M,White,Fall,3.3,1,Express,1,1,48,Venmo,Every 3 Months,4,0.44208394699242487,7.792559352472274,3.3361111111111157,0.4998014047831003,1.4167566400345497,Platinum,5,1,4,10,Promo-Dependent
464,37,Male,Jewelry,Accessories,81,Georgia,S,Orange,Summer,2.7,1,Standard,1,1,29,Venmo,Weekly,52,0.9460171125956567,216.779254552465,2.3996554557680767,0.7132034225191314,1.3536388140161726,Gold,3,3,4,10,Promo-Dependent
465,23,Male,Sunglasses,Accessories,52,Alabama,M,Silver,Winter,4.7,1,Next Day Air,1,1,45,PayPal,Monthly,12,0.5279642025291986,25.154064047360063,2.3996554557680767,0.715746686659686,0.8690026954177897,Platinum,5,2,3,10,Promo-Dependent
466,54,Male,Skirt,Clothing,88,Oklahoma,M,Pink,Summer,2.8,1,Next Day Air,1,1,25,Cash,Quarterly,4,0.3776127502216725,6.7798652972783096,0.4712640708417055,0.42690716542894985,1.4660477250057546,Silver,3,1,5,9,Promo-Dependent
467,38,Male,Jeans,Clothing,24,Vermont,L,Turquoise,Winter,4.6,1,Free Shipping,1,1,25,PayPal,Weekly,52,0.9314589040678263,155.90902850443203,0.4712640708417055,0.9382917808135652,0.3998311977288422,Silver,3,3,1,7,Occasional Buyer
468,19,Male,Backpack,Accessories,51,Nebraska,S,Orange,Spring,4.5,1,2-Day Shipping,1,1,37,Debit Card,Every 3 Months,4,0.41621971371938576,6.578342117533932,2.3996554557680767,0.6386285581284925,0.8522911051212938,Gold,4,1,2,7,Occasional Buyer
469,34,Male,Backpack,Accessories,38,Georgia,S,Peach,Fall,5.0,1,Free Shipping,1,1,16,Cash,Quarterly,4,0.3343877210719573,4.900200119423683,2.3996554557680767,0.6822621595990068,0.6350404312668464,Silver,2,1,2,5,At-Risk / One-Timer
470,21,Male,Shorts,Clothing,46,Alabama,L,Pink,Fall,4.1,1,2-Day Shipping,1,1,30,Debit Card,Bi-Weekly,26,0.6493529495208838,65.00272223279077,0.4712640708417055,0.7218705899041767,0.7663431289802809,Gold,3,2,2,7,Occasional Buyer
471,50,Male,Dress,Clothing,63,Minnesota,L,Teal,Summer,4.6,1,Express,1,1,6,Cash,Every 3 Months,4,0.2441188965731355,4.06104779714577,0.4712640708417055,0.6162083946992425,1.0495568940382107,Bronze,1,1,3,5,At-Risk / One-Timer
472,55,Male,Scarf,Accessories,72,Missouri,XL,White,Winter,4.9,1,2-Day Shipping,1,1,36,Bank Transfer,Quarterly,4,0.413506648637333,7.096534018494703,2.3996554557680767,0.686085945112082,1.203234501347709,Gold,4,1,4,9,Promo-Dependent
473,20,Male,Jeans,Clothing,39,Georgia,L,Gray,Winter,3.9,1,Free Shipping,1,1,3,Bank Transfer,Quarterly,4,0.18718699366495184,2.7620410200319854,0.4712640708417055,0.5208220141176058,0.6497256963093685,Bronze,1,1,2,4,At-Risk / One-Timer
474,34,Male,Coat,Outerwear,42,West Virginia,L,Olive,Spring,3.9,1,Store Pickup,1,1,29,PayPal,Every 3 Months,4,0.39217095874950286,5.900133821681142,3.3361111111111157,0.5618188071345159,0.7346145540919887,Gold,3,1,2,6,Occasional Buyer
475,62,Male,Sweater,Clothing,76,Arkansas,XL,Maroon,Summer,2.6,1,2-Day Shipping,1,1,15,Cash,Quarterly,4,0.3282201411760575,5.702897715208561,0.4712640708417055,0.3930286436198269,1.2661321261413336,Silver,2,1,4,7,Occasional Buyer
476,21,Male,Sneakers,Footwear,66,Ohio,L,Magenta,Summer,2.7,1,Free Shipping,1,1,18,Debit Card,Annually,1,0.31108775534844835,1.3080283888965232,-2.7198160345219193,0.3900637049158435,1.0953370459645915,Silver,2,1,3,6,Occasional Buyer
477,21,Male,Scarf,Accessories,90,Connecticut,M,Magenta,Spring,3.5,1,Free Shipping,1,1,2,Debit Card,Fortnightly,26,0.41176612508188887,48.29289763446836,2.3996554557680767,0.6023532250163778,1.5040431266846361,Bronze,1,2,5,8,Promo-Dependent
478,42,Male,Sweater,Clothing,56,North Dakota,M,Green,Summer,3.7,1,Free Shipping,1,1,49,Debit Card,Weekly,52,0.9979854012719828,209.81511937843925,0.4712640708417055,0.8435970802543966,0.9329394613672984,Platinum,5,3,3,11,Loyal Promo-User
479,35,Male,Jewelry,Accessories,43,Kansas,XL,Turquoise,Winter,3.2,1,Free Shipping,1,1,48,Venmo,Annually,1,0.40746856237704027,1.541938309894772,2.3996554557680767,0.4693398663215619,0.7185983827493262,Platinum,5,1,2,8,Promo-Dependent
480,39,Male,Handbag,Accessories,84,Iowa,L,Yellow,Winter,3.3,1,Store Pickup,1,1,43,Venmo,Monthly,12,0.5234419508605727,27.905640488285588,2.3996554557680767,0.5468422363259606,1.4037735849056605,Platinum,5,2,4,11,Loyal Promo-User
481,68,Male,Hoodie,Clothing,88,Vermont,M,Gray,Summer,4.8,1,Standard,1,1,30,Debit Card,Bi-Weekly,26,0.6493529495208838,75.78244091631922,0.4712640708417055,0.8058705899041767,1.4660477250057546,Gold,3,2,5,10,Promo-Dependent
482,46,Male,Hat,Accessories,88,Wisconsin,L,Peach,Fall,3.2,1,2-Day Shipping,1,1,10,PayPal,Fortnightly,26,0.5439472648879285,63.481118386199235,2.3996554557680767,0.5927894529775857,1.4706199460916443,Bronze,1,2,5,8,Promo-Dependent
483,41,Male,Belt,Accessories,42,Connecticut,M,Yellow,Winter,2.5,1,2-Day Shipping,1,1,11,Venmo,Annually,1,0.2643377341314561,0.9942271161974069,2.3996554557680767,0.35671370067244507,0.7018867924528303,Bronze,2,1,2,5,At-Risk / One-Timer
484,23,Male,Hoodie,Clothing,73,Oklahoma,M,White,Fall,3.9,1,Store Pickup,1,1,12,Debit Card,Weekly,52,0.8609423303122734,192.68869522026336,0.4712640708417055,0.8401884660624546,1.2161532264252284,Bronze,2,3,4,9,Promo-Dependent
485,68,Male,Hat,Accessories,73,Missouri,L,Lavender,Summer,4.7,1,Free Shipping,1,1,28,Bank Transfer,Quarterly,4,0.38872202129983363,6.692339531345527,2.3996554557680767,0.6571290196445821,1.2199460916442049,Gold,3,1,4,8,Promo-Dependent
486,48,Male,Shoes,Footwear,44,Tennessee,S,Blue,Spring,2.6,1,Next Day Air,1,1,36,Debit Card,Fortnightly,26,0.6673528024834868,66.05005889708174,-2.7198160345219193,0.5454705604966974,0.7302246973097276,Gold,4,2,2,8,Promo-Dependent
487,38,Male,Sandals,Footwear,63,New Mexico,M,Charcoal,Fall,2.8,1,Store Pickup,1,1,37,Venmo,Every 3 Months,4,0.41621971371938576,6.924036505393436,-2.7198160345219193,0.4346285581284925,1.0455489984207464,Gold,4,1,3,8,Promo-Dependent
488,41,Male,Jacket,Outerwear,68,Iowa,L,Red,Winter,4.4,1,Store Pickup,1,1,22,Credit Card,Quarterly,4,0.3651399364659534,6.1841655203148935,3.3361111111111157,0.6164126026778061,1.1893759447203627,Silver,3,1,3,7,Occasional Buyer
489,58,Male,Sweater,Clothing,29,Maine,L,Olive,Spring,4.6,1,Standard,1,1,32,Venmo,Weekly,52,0.9557133899698174,169.02963373840987,0.4712640708417055,0.9431426779939635,0.48312936392235095,Gold,4,3,1,8,Promo-Dependent
490,49,Male,Socks,Clothing,85,South Dakota,M,Green,Summer,3.2,1,Standard,1,1,40,PayPal,Annually,1,0.38933467262132265,1.7342318463285329,0.4712640708417055,0.46571308837041836,1.4160688252896494,Platinum,4,1,5,10,Promo-Dependent
491,57,Male,Sneakers,Footwear,42,Colorado,M,Silver,Winter,4.2,1,2-Day Shipping,1,1,47,Cash,Monthly,12,0.5322939585656388,24.024769182480778,-2.7198160345219193,0.656612637866974,0.6970326656138309,Platinum,5,2,2,9,Promo-Dependent
492,49,Male,Coat,Outerwear,69,Vermont,M,Silver,Summer,4.0637344137582145,1,2-Day Shipping,1,1,24,Credit Card,Bi-Weekly,26,0.62746882751643,69.31075653418392,3.3361111111111157,0.7131418951542716,1.2068667674368387,Silver,3,2,4,9,Promo-Dependent
493,50,Male,Shirt,Clothing,62,Michigan,M,Black,Fall,3.9,1,Standard,1,1,11,Debit Card,Weekly,52,0.8527992725929945,183.72963860791666,0.4712640708417055,0.8385598545185988,1.032897260799509,Bronze,2,3,3,8,Promo-Dependent
494,28,Male,Backpack,Accessories,48,Nevada,XL,Red,Summer,4.7,1,Store Pickup,1,1,19,Cash,Bi-Weekly,26,0.6047675612693206,61.194813435256904,2.3996554557680767,0.7849535122538642,0.802156334231806,Silver,2,2,2,6,Occasional Buyer
495,38,Male,Boots,Footwear,68,Indiana,M,Indigo,Winter,4.5,1,Express,1,1,42,Debit Card,Weekly,52,0.9826415987921073,216.35167762694266,-2.7198160345219193,0.9365283197584214,1.1285290776604882,Platinum,5,3,3,11,Loyal Promo-User
496,33,Male,Handbag,Accessories,36,Michigan,XL,Cyan,Fall,3.3,1,Free Shipping,1,1,6,Debit Card,Fortnightly,26,0.49796505041928935,46.750883931174705,2.3996554557680767,0.5955930100838579,0.6016172506738545,Bronze,1,2,2,5,At-Risk / One-Timer
497,30,Male,Dress,Clothing,63,California,S,Maroon,Fall,3.3,1,Express,1,1,31,Venmo,Fortnightly,26,0.6525828687777642,70.56441218970436,0.4712640708417055,0.6265165737555528,1.0495568940382107,Gold,4,2,3,9,Promo-Dependent
498,43,Male,Sneakers,Footwear,39,Oklahoma,S,Silver,Winter,4.6,1,Free Shipping,1,1,31,Cash,Weekly,52,0.9525828687777642,182.72609539471074,-2.7198160345219193,0.9425165737555529,0.6472446180699859,Gold,4,3,2,9,Promo-Dependent
499,43,Male,Boots,Footwear,78,Iowa,M,Lavender,Spring,3.6,1,Free Shipping,1,1,27,Bank Transfer,Monthly,12,0.4774597363919335,25.034825037806446,-2.7198160345219193,0.5736457934322329,1.2944892361399718,Gold,3,2,4,9,Promo-Dependent
500,36,Male,Shoes,Footwear,99,Rhode Island,L,Silver,Winter,4.8,1,Express,1,1,24,PayPal,Monthly,12,0.4659303659779684,25.748263561779126,-2.7198160345219193,0.7153399193494397,1.6430055689468872,Silver,3,2,5,10,Promo-Dependent
501,36,Male,T-shirt,Clothing,31,Washington,L,Purple,Fall,4.8,1,Next Day Air,1,1,35,Venmo,Every 3 Months,4,0.41071924382872965,5.693777717231933,0.4712640708417055,0.6735284641503614,0.5164486303997545,Gold,4,1,1,6,Occasional Buyer
502,64,Male,Boots,Footwear,45,Florida,M,Cyan,Spring,2.9,1,Next Day Air,1,1,21,Venmo,Annually,1,0.32600230018194293,1.2481459018272512,-2.7198160345219193,0.4170466138825424,0.746820713157676,Silver,3,1,2,6,Occasional Buyer
503,59,Male,Pants,Clothing,30,South Carolina,S,Cyan,Fall,2.8,1,Express,1,1,8,PayPal,Fortnightly,26,0.5235322501637778,46.74287925314097,0.4712640708417055,0.5407064500327555,0.49978899716105274,Bronze,1,2,1,4,At-Risk / One-Timer
504,55,Male,Shoes,Footwear,24,West Virginia,M,Lavender,Summer,3.2,1,Next Day Air,1,1,26,Bank Transfer,Quarterly,4,0.3814522213995128,4.911389335220657,-2.7198160345219193,0.47567505966451795,0.39830438035076055,Gold,3,1,1,5,At-Risk / One-Timer
505,42,Male,Shoes,Footwear,22,Missouri,M,Maroon,Winter,3.9,1,Free Shipping,1,1,26,PayPal,Annually,1,0.3468368367841282,1.0875048956077964,-2.7198160345219193,0.5412135212029794,0.3651123486548638,Gold,3,1,1,5,At-Risk / One-Timer
506,61,Male,T-shirt,Clothing,63,Maine,L,Gray,Spring,4.3,1,Express,1,1,9,Cash,Bi-Weekly,26,0.5342509875137679,57.769072250219416,0.4712640708417055,0.7228501975027536,1.0495568940382107,Bronze,1,2,3,6,Occasional Buyer
507,28,Male,Scarf,Accessories,40,Georgia,M,Olive,Fall,2.7,1,2-Day Shipping,1,1,48,Debit Card,Annually,1,0.40746856237704027,1.5131638713035387,2.3996554557680767,0.4093398663215619,0.6684636118598383,Platinum,5,1,2,8,Promo-Dependent
508,65,Male,Shorts,Clothing,20,Maine,M,Magenta,Spring,5.0,1,Store Pickup,1,1,33,Debit Card,Fortnightly,26,0.658750448673664,52.145093568030894,0.4712640708417055,0.8317500897347327,0.33319266477403514,Gold,4,2,1,7,Occasional Buyer
509,27,Male,Jewelry,Accessories,20,Illinois,S,Yellow,Winter,3.7,1,Store Pickup,1,1,31,PayPal,Quarterly,4,0.3987367149316104,4.855851501413665,2.3996554557680767,0.5391319583709375,0.33423180592991913,Gold,4,1,1,6,Occasional Buyer
510,41,Male,T-shirt,Clothing,80,Delaware,L,Cyan,Summer,3.9,1,Free Shipping,1,1,17,Debit Card,Weekly,52,0.8940488239193305,204.3003091224259,0.4712640708417055,0.846809764783866,1.3327706590961406,Silver,2,3,4,9,Promo-Dependent
511,21,Male,Shirt,Clothing,87,West Virginia,M,Teal,Fall,3.9,1,2-Day Shipping,1,1,22,Venmo,Annually,1,0.3305245518505688,1.4798697440894626,0.4712640708417055,0.5379510642162676,1.449388091767053,Silver,3,1,5,9,Promo-Dependent
512,61,Male,Shirt,Clothing,46,Hawaii,L,Yellow,Fall,3.1,1,Free Shipping,1,1,8,PayPal,Annually,1,0.2350707117022393,0.9050569368926532,0.4712640708417055,0.4228602961866017,0.7663431289802809,Bronze,1,1,2,4,At-Risk / One-Timer
513,19,Male,Gloves,Accessories,49,New York,L,Peach,Winter,3.8,1,Next Day Air,1,1,2,Bank Transfer,Monthly,12,0.25022766354342735,11.746756516517058,2.3996554557680767,0.5521993788625317,0.8188679245283019,Bronze,1,2,2,5,At-Risk / One-Timer
514,22,Male,Scarf,Accessories,65,New Mexico,M,Peach,Fall,3.6,1,Store Pickup,1,1,45,Venmo,Annually,1,0.40104112560612165,1.6802238536433027,2.3996554557680767,0.5160543789673782,1.0862533692722371,Platinum,5,1,3,9,Promo-Dependent
515,64,Male,Skirt,Clothing,62,Indiana,S,Olive,Winter,4.3,1,Standard,1,1,47,PayPal,Quarterly,4,0.43998626625794646,7.291689515474596,0.4712640708417055,0.6193818686362047,1.032897260799509,Platinum,5,1,3,9,Promo-Dependent
516,28,Male,Hat,Accessories,67,Kentucky,L,Charcoal,Spring,4.5,1,Next Day Air,1,1,7,Cash,Monthly,12,0.350011259728197,17.722502487858275,2.3996554557680767,0.6561560980994856,1.1196765498652292,Bronze,1,2,3,6,Occasional Buyer
517,34,Male,Hoodie,Clothing,41,West Virginia,L,Indigo,Fall,2.8,1,2-Day Shipping,1,1,19,Debit Card,Bi-Weekly,26,0.6047675612693206,58.7709548368713,0.4712640708417055,0.556953512253864,0.6830449627867721,Silver,2,2,2,6,Occasional Buyer
518,61,Male,Boots,Footwear,49,North Dakota,L,Silver,Fall,2.7,1,Free Shipping,1,1,44,Cash,Every 3 Months,4,0.4334205100758389,6.782204025764334,-2.7198160345219193,0.4260687173997832,0.8132047765494694,Platinum,5,1,2,8,Promo-Dependent
519,24,Male,Blouse,Clothing,100,Oregon,M,Beige,Fall,2.9,1,Next Day Air,1,1,16,Venmo,Every 3 Months,4,0.3343877210719573,6.17295852839593,0.4712640708417055,0.4302621595990068,1.6659633238701756,Silver,2,1,5,8,Promo-Dependent
520,19,Male,Belt,Accessories,54,Minnesota,L,Blue,Summer,4.4,1,2-Day Shipping,1,1,17,Bank Transfer,Quarterly,4,0.3402026700731767,5.453221797955739,2.3996554557680767,0.6114251493992507,0.9024258760107817,Silver,2,1,3,6,Occasional Buyer
521,51,Male,Sunglasses,Accessories,84,South Carolina,M,White,Spring,3.9,1,Free Shipping,1,1,20,Debit Card,Quarterly,4,0.3558850216550244,6.324292154487111,2.3996554557680767,0.5545616197156202,1.4037735849056605,Silver,2,1,4,7,Occasional Buyer
522,36,Male,Shorts,Clothing,41,Vermont,L,Gold,Winter,3.5,1,Standard,1,1,50,Bank Transfer,Annually,1,0.4115384615384616,1.5381948044473863,0.4712640708417055,0.5061538461538462,0.6830449627867721,Platinum,5,1,2,8,Promo-Dependent
523,65,Male,Gloves,Accessories,88,Minnesota,M,Blue,Spring,2.5,1,Store Pickup,1,1,37,Cash,Quarterly,4,0.41621971371938576,7.473035779201337,2.3996554557680767,0.3986285581284925,1.4706199460916443,Gold,4,1,5,10,Promo-Dependent
524,46,Male,Sandals,Footwear,40,Delaware,M,Orange,Spring,4.9,1,Express,1,1,5,PayPal,Quarterly,4,0.2284365449912879,3.3932622899763545,-2.7198160345219193,0.649071924382873,0.6638406339179342,Bronze,1,1,2,4,At-Risk / One-Timer
525,59,Male,Shirt,Clothing,39,Pennsylvania,M,Gold,Summer,4.8,1,Free Shipping,1,1,44,PayPal,Annually,1,0.3988051254604543,1.4711440335064006,0.4712640708417055,0.6596071789382447,0.6497256963093685,Platinum,5,1,2,8,Promo-Dependent
526,51,Male,Coat,Outerwear,37,Iowa,M,Cyan,Spring,3.2,1,Next Day Air,1,1,41,Debit Card,Monthly,12,0.5187092877182695,22.642196711106106,3.3361111111111157,0.5338957036975001,0.6471604405096091,Platinum,5,2,2,9,Promo-Dependent
527,51,Male,Pants,Clothing,52,New Jersey,S,Red,Winter,4.9,1,Standard,1,1,19,Cash,Monthly,12,0.4432290997308591,21.116986926149004,0.4712640708417055,0.7227996661000181,0.8663009284124914,Silver,2,2,3,7,Occasional Buyer
528,21,Male,T-shirt,Clothing,23,South Carolina,L,Yellow,Winter,4.3,1,Next Day Air,1,1,47,Bank Transfer,Every 3 Months,4,0.43998626625794646,5.593200155126231,0.4712640708417055,0.6193818686362047,0.38317156449014045,Platinum,5,1,1,7,Occasional Buyer
529,34,Male,Sneakers,Footwear,88,Maryland,S,Beige,Winter,3.2,1,Express,1,1,40,Cash,Annually,1,0.38933467262132265,1.7475817715258248,-2.7198160345219193,0.46571308837041836,1.4604493946194552,Platinum,4,1,5,10,Promo-Dependent
530,32,Male,Shorts,Clothing,84,California,M,Orange,Fall,3.7,1,Standard,1,1,6,Credit Card,Monthly,12,0.3364265888808278,17.93551209369793,0.4712640708417055,0.5574391639300117,1.3994091920509477,Bronze,1,2,4,7,Occasional Buyer
531,48,Male,Coat,Outerwear,37,Montana,XL,Magenta,Winter,3.2,1,Store Pickup,1,1,25,Credit Card,Bi-Weekly,26,0.6314589040678263,59.72164041670103,3.3361111111111157,0.6102917808135653,0.6471604405096091,Silver,3,2,2,7,Occasional Buyer
532,50,Male,Sandals,Footwear,51,Vermont,L,Purple,Fall,3.4,1,Next Day Air,1,1,42,Cash,Weekly,52,0.9826415987921073,201.89813513189452,-2.7198160345219193,0.8045283197584214,0.8463968082453661,Platinum,5,3,2,10,Promo-Dependent
533,26,Male,Pants,Clothing,76,Texas,L,Black,Winter,4.1,1,Express,1,1,35,Bank Transfer,Every 3 Months,4,0.41071924382872965,7.136337912811524,0.4712640708417055,0.5895284641503613,1.2661321261413336,Gold,4,1,4,9,Promo-Dependent
534,57,Male,Sandals,Footwear,60,North Carolina,L,Pink,Spring,4.5,1,Next Day Air,1,1,17,Debit Card,Weekly,52,0.8940488239193305,191.11674106433284,-2.7198160345219193,0.9188097647838661,0.9957609508769013,Silver,2,3,3,8,Promo-Dependent
535,65,Male,Gloves,Accessories,72,Florida,L,Pink,Fall,4.5,1,Next Day Air,1,1,4,PayPal,Quarterly,4,0.20988825991206111,3.60206826530364,2.3996554557680767,0.5973622673670276,1.203234501347709,Bronze,1,1,4,6,Occasional Buyer
536,56,Male,T-shirt,Clothing,45,West Virginia,L,Maroon,Spring,3.2,1,Free Shipping,1,1,24,Bank Transfer,Weekly,52,0.9274688275164299,184.64916844309562,0.4712640708417055,0.7694937655032861,0.7496834957415791,Silver,3,3,2,8,Promo-Dependent
537,44,Male,Jacket,Outerwear,84,Illinois,S,Maroon,Fall,4.4,1,Store Pickup,1,1,16,Debit Card,Every 3 Months,4,0.3343877210719573,5.942272116701059,3.3361111111111157,0.6102621595990068,1.4692291081839775,Silver,2,1,4,7,Occasional Buyer
538,50,Male,Blouse,Clothing,49,Virginia,S,Turquoise,Summer,3.0,1,Store Pickup,1,1,14,Debit Card,Annually,1,0.28703900037856545,1.1229031729360464,0.4712640708417055,0.42125395392186693,0.8163220286963861,Silver,2,1,2,5,At-Risk / One-Timer
539,27,Male,Socks,Clothing,22,Virginia,XL,Green,Spring,3.2,1,Free Shipping,1,1,43,Cash,Weekly,52,0.9849804123990342,160.59682006579538,0.4712640708417055,0.7809960824798069,0.36651193125143866,Platinum,5,3,1,9,Promo-Dependent
540,49,Male,Coat,Outerwear,48,Wyoming,M,Violet,Winter,4.0,1,Store Pickup,1,1,49,Debit Card,Weekly,52,0.9979854012719828,201.96695177819583,3.3361111111111157,0.8795970802543965,0.8395594903908443,Platinum,5,3,2,10,Promo-Dependent
541,49,Male,Dress,Clothing,37,South Carolina,M,Lavender,Spring,3.1,1,Next Day Air,1,1,33,Cash,Every 3 Months,4,0.40490429482751017,5.891497035513292,0.4712640708417055,0.46836547435011744,0.616406429831965,Gold,4,1,2,7,Occasional Buyer
542,52,Male,Jacket,Outerwear,27,Connecticut,L,Gray,Fall,2.8,1,Next Day Air,1,1,45,Cash,Bi-Weekly,26,0.68950266406766,59.73666106158595,3.3361111111111157,0.5739005328135319,0.4722522133448499,Platinum,5,2,1,8,Promo-Dependent
543,27,Male,Boots,Footwear,79,Illinois,XL,Teal,Spring,4.6,1,Next Day Air,1,1,35,Cash,Bi-Weekly,26,0.6645653976748835,75.71572510044346,-2.7198160345219193,0.7849130795349766,1.3110852519879201,Gold,4,2,4,10,Promo-Dependent
544,53,Male,Skirt,Clothing,98,Alabama,S,Red,Spring,4.3,1,Express,1,1,11,Credit Card,Monthly,12,0.39126081105453303,21.574683833477327,0.4712640708417055,0.6404060083647528,1.6326440573927723,Bronze,2,2,5,9,Promo-Dependent
545,34,Male,Sandals,Footwear,64,Washington,S,Yellow,Summer,3.3,1,Standard,1,1,30,Bank Transfer,Every 3 Months,4,0.39550679567473,6.603994132087231,-2.7198160345219193,0.49048597451956133,1.0621450142686948,Gold,3,1,3,7,Occasional Buyer
546,33,Male,Coat,Outerwear,32,Alabama,L,Magenta,Summer,3.5,1,2-Day Shipping,1,1,48,Debit Card,Annually,1,0.40746856237704027,1.4247169094111976,3.3361111111111157,0.5053398663215619,0.5597063269272295,Platinum,5,1,1,7,Occasional Buyer
547,62,Male,Hoodie,Clothing,74,New Mexico,M,Brown,Winter,3.4,1,Free Shipping,1,1,45,Venmo,Bi-Weekly,26,0.68950266406766,77.39990846545729,0.4712640708417055,0.645900532813532,1.23281285966393,Platinum,5,2,4,11,Loyal Promo-User
548,38,Male,Jacket,Outerwear,50,Nevada,M,Blue,Winter,2.8,1,Free Shipping,1,1,26,Venmo,Weekly,52,0.9352983752456666,191.226366553889,3.3361111111111157,0.7230596750491334,0.8745411358237961,Gold,3,3,2,8,Promo-Dependent
549,36,Male,Backpack,Accessories,64,Nebraska,M,Black,Winter,4.6,1,Store Pickup,1,1,41,Debit Card,Every 3 Months,4,0.42640159541057726,7.119861566980414,2.3996554557680767,0.6526649344667308,1.0695417789757413,Platinum,5,1,3,9,Promo-Dependent
550,31,Male,Backpack,Accessories,29,Arizona,S,Olive,Fall,3.6,1,Express,1,1,37,Venmo,Bi-Weekly,26,0.6700658675655395,59.25468313193244,2.3996554557680767,0.666013173513108,0.4846361185983828,Gold,4,2,1,7,Occasional Buyer
551,62,Male,Belt,Accessories,62,Georgia,M,Olive,Summer,3.3,1,Store Pickup,1,1,12,PayPal,Weekly,52,0.8609423303122734,185.48400343913593,2.3996554557680767,0.7681884660624547,1.0361185983827494,Bronze,2,3,3,8,Promo-Dependent
552,29,Male,Coat,Outerwear,78,Idaho,XL,Green,Fall,3.1,1,2-Day Shipping,1,1,27,Cash,Bi-Weekly,26,0.638998197930395,72.59380189560879,3.3361111111111157,0.599799639586079,1.364284171885122,Gold,3,2,4,9,Promo-Dependent
553,24,Male,T-shirt,Clothing,94,Missouri,M,Peach,Fall,3.5,1,Express,1,1,18,Bank Transfer,Weekly,52,0.8995492938099867,213.01471058071797,0.4712640708417055,0.7999098587619974,1.5660055244379651,Silver,2,3,5,10,Promo-Dependent
554,63,Male,Sunglasses,Accessories,59,Florida,M,White,Winter,3.2,1,Express,1,1,15,Credit Card,Quarterly,4,0.3282201411760575,5.375385400943845,2.3996554557680767,0.4650286436198269,0.9859838274932615,Silver,2,1,3,6,Occasional Buyer
555,56,Male,Sneakers,Footwear,47,Minnesota,M,Red,Summer,3.0,1,Express,1,1,34,Bank Transfer,Weekly,52,0.9616994641775043,193.59246077150365,-2.7198160345219193,0.752339892835501,0.7800127448535726,Gold,4,3,2,9,Promo-Dependent
556,63,Male,Gloves,Accessories,57,Maine,M,White,Fall,4.8,1,Express,1,1,37,Venmo,Annually,1,0.38160432910400116,1.549482630904597,2.3996554557680767,0.656167019666954,0.9525606469002695,Gold,4,1,3,8,Promo-Dependent
557,40,Male,Coat,Outerwear,90,Montana,L,Indigo,Winter,5.0,1,Store Pickup,1,1,21,Cash,Fortnightly,26,0.6144638386434813,72.06576124685037,3.3361111111111157,0.8228927677286962,1.574174044482833,Silver,3,2,5,10,Promo-Dependent
558,18,Male,Shirt,Clothing,60,Alaska,M,White,Spring,2.9,1,Free Shipping,1,1,31,Debit Card,Weekly,52,0.9525828687777642,203.6292969733228,0.4712640708417055,0.7385165737555529,0.9995779943221055,Gold,4,3,3,10,Promo-Dependent
559,50,Male,Sneakers,Footwear,77,Iowa,L,Teal,Fall,3.2,1,Express,1,1,43,Debit Card,Every 3 Months,4,0.43113425855288035,7.5133057189024255,-2.7198160345219193,0.4856114670951915,1.2778932202920232,Platinum,5,1,4,10,Promo-Dependent
560,66,Male,Scarf,Accessories,41,Arizona,M,Indigo,Fall,2.9,1,Store Pickup,1,1,22,Bank Transfer,Monthly,12,0.4574476287736457,20.517457248276294,2.3996554557680767,0.48564337190857526,0.6851752021563342,Silver,3,2,2,7,Occasional Buyer
561,25,Male,Jewelry,Accessories,48,Louisiana,L,Red,Fall,3.8,1,Free Shipping,1,1,12,Debit Card,Annually,1,0.27248079185073504,1.0604462765699472,2.3996554557680767,0.5143423122163008,0.802156334231806,Bronze,2,1,2,5,At-Risk / One-Timer
562,65,Male,Jacket,Outerwear,65,Alabama,M,Blue,Fall,2.6,1,Next Day Air,1,1,25,PayPal,Fortnightly,26,0.6314589040678263,68.78546458738704,3.3361111111111157,0.5382917808135653,1.136903476570935,Silver,3,2,3,8,Promo-Dependent
563,53,Male,Jeans,Clothing,62,Missouri,M,Blue,Summer,3.5,1,Standard,1,1,40,Debit Card,Annually,1,0.38933467262132265,1.6130660023256806,0.4712640708417055,0.5017130883704184,1.032897260799509,Platinum,4,1,3,8,Promo-Dependent
564,61,Male,Shoes,Footwear,99,Idaho,M,Black,Fall,4.4,1,Standard,1,1,16,Debit Card,Quarterly,4,0.3343877210719573,6.1596494545643194,-2.7198160345219193,0.6102621595990068,1.6430055689468872,Silver,2,1,5,8,Promo-Dependent
565,67,Male,Hoodie,Clothing,58,Florida,M,Olive,Winter,3.4,1,Next Day Air,1,1,30,Bank Transfer,Weekly,52,0.9493529495208839,201.29315435599452,0.4712640708417055,0.7978705899041768,0.9662587278447019,Gold,3,3,3,9,Promo-Dependent
566,59,Male,Backpack,Accessories,43,Idaho,L,Lavender,Fall,4.2,1,Store Pickup,1,1,10,Venmo,Weekly,52,0.8439472648879285,166.0701375508535,2.3996554557680767,0.8727894529775857,0.7185983827493262,Bronze,1,3,2,6,Occasional Buyer
567,55,Male,Sneakers,Footwear,93,Alabama,M,Indigo,Spring,3.6,1,Store Pickup,1,1,1,Debit Card,Fortnightly,26,0.3705165737555528,43.76751642349222,-2.7198160345219193,0.6061033147511106,1.543429473859197,Bronze,1,2,5,8,Promo-Dependent
568,21,Male,Blouse,Clothing,50,New Hampshire,S,Red,Winter,3.0,1,Next Day Air,1,1,24,Venmo,Fortnightly,26,0.62746882751643,64.14454851387903,0.4712640708417055,0.5854937655032859,0.8329816619350878,Silver,3,2,2,7,Occasional Buyer
569,44,Male,Pants,Clothing,88,Utah,L,Red,Summer,4.0,1,Free Shipping,1,1,36,PayPal,Monthly,12,0.5058143409450253,27.244999765175198,0.4712640708417055,0.6273167143428513,1.4660477250057546,Gold,4,2,5,11,Loyal Promo-User
570,65,Male,Skirt,Clothing,33,Alabama,M,Pink,Fall,4.4,1,Express,1,1,46,Credit Card,Every 3 Months,4,0.43784442059494383,6.175989122837781,0.4712640708417055,0.6309534995036041,0.549767896877158,Platinum,5,1,1,7,Occasional Buyer
571,65,Male,T-shirt,Clothing,99,Iowa,XL,Purple,Fall,4.1,1,Standard,1,1,20,Cash,Annually,1,0.3212696370396398,1.4795013541581647,0.4712640708417055,0.5601000812540817,1.649303690631474,Silver,2,1,5,8,Promo-Dependent
572,54,Male,Jacket,Outerwear,76,Kentucky,XL,Cyan,Spring,3.6,1,Free Shipping,1,1,37,Venmo,Weekly,52,0.9700658675655396,219.11642350449222,3.3361111111111157,0.826013173513108,1.32930252645217,Gold,4,3,4,11,Loyal Promo-User
573,56,Male,Scarf,Accessories,97,South Carolina,XL,Cyan,Summer,4.6,1,Next Day Air,1,1,26,Bank Transfer,Annually,1,0.3468368367841282,1.590235617060201,2.3996554557680767,0.6252135212029795,1.6210242587601078,Gold,3,1,5,9,Promo-Dependent
574,58,Male,Pants,Clothing,68,California,M,Charcoal,Summer,3.2,1,2-Day Shipping,1,1,23,Credit Card,Bi-Weekly,26,0.6233158463485474,68.61882766551619,0.4712640708417055,0.6086631692697095,1.1328550602317196,Silver,3,2,3,8,Promo-Dependent
575,54,Male,Sneakers,Footwear,79,Maine,L,Red,Fall,4.8,1,Free Shipping,1,1,20,Bank Transfer,Bi-Weekly,26,0.6097311755011783,69.46831452696662,-2.7198160345219193,0.7979462351002355,1.3110852519879201,Silver,2,2,4,8,Promo-Dependent
576,58,Male,Jeans,Clothing,86,Nebraska,M,Peach,Fall,4.8,1,Express,1,1,38,PayPal,Monthly,12,0.5111699938557008,27.394058706873455,0.4712640708417055,0.7243878449249862,1.432728458528351,Gold,4,2,5,11,Loyal Promo-User
577,48,Male,Hat,Accessories,68,Washington,M,Black,Winter,5.0,1,2-Day Shipping,1,1,5,Credit Card,Every 3 Months,4,0.2284365449912879,3.8688986441413467,2.3996554557680767,0.661071924382873,1.136388140161725,Bronze,1,1,3,5,At-Risk / One-Timer
578,19,Male,Skirt,Clothing,52,Alabama,M,Black,Fall,3.7,1,Store Pickup,1,1,41,Venmo,Annually,1,0.39178621079519266,1.5555056245613805,0.4712640708417055,0.5262033960051924,0.8663009284124914,Platinum,5,1,3,9,Promo-Dependent
579,69,Male,Sandals,Footwear,90,Maine,M,Purple,Fall,4.6,1,Next Day Air,1,1,22,Credit Card,Fortnightly,26,0.6189860903121072,72.59614153703771,-2.7198160345219193,0.7757972180624213,1.493641426315352,Silver,3,2,5,10,Promo-Dependent
580,58,Male,Sandals,Footwear,41,California,M,Violet,Winter,3.7,1,Free Shipping,1,1,48,Credit Card,Annually,1,0.40746856237704027,1.522982866002265,-2.7198160345219193,0.5293398663215619,0.6804366497658826,Platinum,5,1,2,8,Promo-Dependent
581,49,Male,Sweater,Clothing,80,Iowa,M,Orange,Spring,4.1,1,Free Shipping,1,1,10,PayPal,Weekly,52,0.8439472648879285,192.85153392829346,0.4712640708417055,0.8607894529775857,1.3327706590961406,Bronze,1,3,4,8,Promo-Dependent
582,32,Male,Sweater,Clothing,100,Iowa,XL,Charcoal,Winter,2.7,1,Store Pickup,1,1,12,Bank Transfer,Every 3 Months,4,0.30709617646611964,5.669143458609171,0.4712640708417055,0.4008038506778393,1.6659633238701756,Bronze,2,1,5,8,Promo-Dependent
583,40,Male,Jacket,Outerwear,77,Colorado,L,Turquoise,Spring,4.9,1,Store Pickup,1,1,2,Bank Transfer,Quarterly,4,0.15791997123573503,2.752045330373173,3.3361111111111157,0.6349686096317624,1.3467933491686461,Bronze,1,1,4,6,Occasional Buyer
584,25,Male,Shorts,Clothing,78,California,L,Yellow,Spring,4.0,1,Store Pickup,1,1,38,PayPal,Monthly,12,0.5111699938557008,26.80236758278047,0.4712640708417055,0.6283878449249863,1.299451392618737,Gold,4,2,4,10,Promo-Dependent
585,70,Male,Socks,Clothing,94,Indiana,M,White,Spring,4.7,1,Free Shipping,1,1,20,Debit Card,Monthly,12,0.4481927139627167,24.49217331718256,0.4712640708417055,0.6997923889463896,1.5660055244379651,Silver,2,2,5,9,Promo-Dependent
586,69,Male,Socks,Clothing,23,South Carolina,M,Gray,Fall,2.8,1,Next Day Air,1,1,5,Cash,Every 3 Months,4,0.2284365449912879,2.9039345472040536,0.4712640708417055,0.3970719243828729,0.38317156449014045,Bronze,1,1,1,3,At-Risk / One-Timer
587,45,Male,Hoodie,Clothing,20,Wisconsin,S,Blue,Winter,4.9,1,2-Day Shipping,1,1,9,Venmo,Annually,1,0.24578944905222938,0.7483114925951905,0.4712640708417055,0.6410040436565998,0.33319266477403514,Bronze,1,1,1,3,At-Risk / One-Timer
588,29,Male,Socks,Clothing,86,Washington,S,Maroon,Fall,4.2,1,Express,1,1,48,Debit Card,Every 3 Months,4,0.44208394699242487,7.897225152001331,0.4712640708417055,0.6078014047831003,1.432728458528351,Platinum,5,1,5,11,Loyal Promo-User
589,47,Male,Boots,Footwear,60,South Dakota,M,Violet,Fall,3.0,1,Standard,1,1,9,Debit Card,Quarterly,4,0.28040483366761404,4.6108356084482365,-2.7198160345219193,0.4314655821181382,0.9957609508769013,Bronze,1,1,3,5,At-Risk / One-Timer
590,28,Male,Shirt,Clothing,70,Minnesota,M,Orange,Fall,3.4,1,2-Day Shipping,1,1,40,PayPal,Annually,1,0.38933467262132265,1.6596090744173804,0.4712640708417055,0.4897130883704183,1.1661743267091231,Platinum,4,1,4,9,Promo-Dependent
591,64,Male,Belt,Accessories,39,Alaska,S,Turquoise,Fall,4.6,1,Standard,1,1,30,Venmo,Fortnightly,26,0.6493529495208838,62.28000360285269,2.3996554557680767,0.7818705899041767,0.6517520215633423,Gold,3,2,2,7,Occasional Buyer
592,47,Male,Backpack,Accessories,37,Kentucky,L,Olive,Fall,4.2,1,Store Pickup,1,1,6,Debit Card,Bi-Weekly,26,0.49796505041928935,47.096160161249124,2.3996554557680767,0.7035930100838579,0.6183288409703505,Bronze,1,2,2,5,At-Risk / One-Timer
593,60,Male,Boots,Footwear,29,North Dakota,M,Brown,Fall,3.2,1,Free Shipping,1,1,42,Venmo,Every 3 Months,4,0.4287954449459535,5.833671778475344,-2.7198160345219193,0.4851437043738061,0.4812844595905023,Platinum,5,1,1,7,Occasional Buyer
594,67,Male,Coat,Outerwear,35,Alaska,S,Green,Winter,4.4,1,Store Pickup,1,1,9,PayPal,Every 3 Months,4,0.28040483366761404,4.019344127530121,3.3361111111111157,0.5994655821181382,0.6121787950766573,Bronze,1,1,1,3,At-Risk / One-Timer
595,35,Male,Hoodie,Clothing,83,Oklahoma,S,Brown,Winter,2.5,1,Next Day Air,1,1,6,Debit Card,Monthly,12,0.3364265888808278,17.887734979088698,0.4712640708417055,0.41343916393001173,1.3827495588122458,Bronze,1,2,4,7,Occasional Buyer
596,30,Male,Shoes,Footwear,77,Delaware,M,Silver,Summer,3.6,1,Next Day Air,1,1,47,PayPal,Quarterly,4,0.43998626625794646,7.667568199312769,-2.7198160345219193,0.5353818686362046,1.2778932202920232,Platinum,5,1,4,10,Promo-Dependent
597,23,Male,Shoes,Footwear,37,Montana,XL,White,Summer,4.5,1,Store Pickup,1,1,36,Venmo,Annually,1,0.3788912640219484,1.3782496180474753,-2.7198160345219193,0.6196244066505435,0.6140525863740891,Gold,4,1,2,7,Occasional Buyer
598,70,Male,Jewelry,Accessories,69,Alaska,L,Gold,Summer,3.4,1,Standard,1,1,19,Bank Transfer,Fortnightly,26,0.6047675612693206,66.80315477156108,2.3996554557680767,0.6289535122538641,1.1530997304582211,Silver,2,2,4,8,Promo-Dependent
599,21,Male,Dress,Clothing,66,California,L,Green,Winter,3.2,1,2-Day Shipping,1,1,30,Cash,Every 3 Months,4,0.39550679567473,6.651938018770032,0.4712640708417055,0.47848597451956143,1.099535793754316,Gold,3,1,3,7,Occasional Buyer
600,51,Male,Boots,Footwear,26,Massachusetts,L,Teal,Spring,4.2,1,Standard,1,1,27,Debit Card,Every 3 Months,4,0.3851520440842412,5.077593223639067,-2.7198160345219193,0.5964150242014636,0.43149641204665723,Gold,3,1,1,5,At-Risk / One-Timer
601,22,Male,Hat,Accessories,63,South Carolina,M,Charcoal,Spring,5.0,1,2-Day Shipping,1,1,25,Venmo,Monthly,12,0.4699204425293648,23.452130147523192,2.3996554557680767,0.740137934659719,1.0528301886792453,Silver,3,2,3,8,Promo-Dependent
602,32,Male,Backpack,Accessories,38,West Virginia,M,Maroon,Summer,4.7,1,Store Pickup,1,1,5,Cash,Fortnightly,26,0.48228269883744174,45.93868234937141,2.3996554557680767,0.7604565397674884,0.6350404312668464,Bronze,1,2,2,5,At-Risk / One-Timer
603,37,Male,Shoes,Footwear,58,Oregon,L,Lavender,Summer,4.2,1,Next Day Air,1,1,10,Cash,Every 3 Months,4,0.2901011110417747,4.73159257116595,-2.7198160345219193,0.5774048375929702,0.9625689191810046,Bronze,1,1,3,5,At-Risk / One-Timer
604,31,Male,Handbag,Accessories,46,Massachusetts,L,Green,Winter,3.4,1,2-Day Shipping,1,1,26,PayPal,Every 3 Months,4,0.3814522213995128,5.8745894215532335,2.3996554557680767,0.4996750596645179,0.768733153638814,Gold,3,1,2,6,Occasional Buyer
605,44,Male,Sunglasses,Accessories,92,West Virginia,S,Pink,Fall,4.4,1,Store Pickup,1,1,11,Credit Card,Every 3 Months,4,0.2989531187468407,5.420139018034062,2.3996554557680767,0.6031752391339835,1.537466307277628,Bronze,2,1,5,8,Promo-Dependent
606,40,Male,Hat,Accessories,32,California,XL,Charcoal,Winter,4.2,1,Standard,1,1,17,Bank Transfer,Weekly,52,0.8940488239193305,162.55452060401595,2.3996554557680767,0.8828097647838661,0.5347708894878707,Silver,2,3,1,6,Occasional Buyer
607,27,Male,Scarf,Accessories,90,Colorado,M,Blue,Spring,4.5,1,Standard,1,1,44,PayPal,Monthly,12,0.5257282023835312,28.457832714789195,2.3996554557680767,0.6912994866305525,1.5040431266846361,Platinum,5,2,5,12,Loyal Promo-User
608,47,Male,Hoodie,Clothing,23,Indiana,L,Purple,Fall,2.8,1,Next Day Air,1,1,44,Cash,Monthly,12,0.5257282023835312,20.04951032768306,0.4712640708417055,0.4872994866305524,0.38317156449014045,Platinum,5,2,1,8,Promo-Dependent
609,41,Male,Backpack,Accessories,25,Delaware,S,Gold,Fall,3.3,1,Next Day Air,1,1,21,Venmo,Every 3 Months,4,0.36061768479732753,4.69970892154998,2.3996554557680767,0.48350815234408084,0.41778975741239893,Silver,3,1,1,5,At-Risk / One-Timer
610,51,Male,Sweater,Clothing,54,Ohio,L,Purple,Fall,4.6,1,Next Day Air,1,1,49,Credit Card,Fortnightly,26,0.6979854012719828,72.7235615944505,0.4712640708417055,0.7915970802543965,0.8996201948898949,Platinum,5,2,3,10,Promo-Dependent
611,53,Male,Shorts,Clothing,72,Oklahoma,M,Charcoal,Summer,2.5,1,Free Shipping,1,1,27,Bank Transfer,Every 3 Months,4,0.3851520440842412,6.609916895275336,0.4712640708417055,0.3924150242014636,1.1994935931865265,Gold,3,1,4,8,Promo-Dependent
612,43,Male,Scarf,Accessories,33,California,M,Black,Winter,4.7,1,Store Pickup,1,1,19,Cash,Monthly,12,0.4432290997308591,18.755827207824733,2.3996554557680767,0.6987996661000181,0.5514824797843666,Silver,2,2,1,5,At-Risk / One-Timer
613,67,Male,Hat,Accessories,43,New Hampshire,L,Lavender,Fall,4.6,1,Express,1,1,33,Credit Card,Quarterly,4,0.40490429482751017,6.1289385408609895,2.3996554557680767,0.6483654743501174,0.7185983827493262,Gold,4,1,2,7,Occasional Buyer
614,61,Male,Coat,Outerwear,51,Pennsylvania,L,Lavender,Fall,2.6,1,Standard,1,1,46,Cash,Bi-Weekly,26,0.6916905744410977,71.05898897402153,3.3361111111111157,0.5503381148882196,0.8920319585402721,Platinum,5,2,2,9,Promo-Dependent
615,68,Male,Jewelry,Accessories,85,Idaho,M,Lavender,Winter,4.0,1,Standard,1,1,21,Credit Card,Bi-Weekly,26,0.6144638386434813,71.1629187959857,2.3996554557680767,0.7028927677286962,1.4204851752021563,Silver,3,2,5,10,Promo-Dependent
616,67,Male,Sandals,Footwear,100,Maryland,L,Olive,Summer,2.6,1,Next Day Air,1,1,23,Venmo,Annually,1,0.334854307887009,1.5453929864820153,-2.7198160345219193,0.3828170154235556,1.6596015847948355,Silver,3,1,5,9,Promo-Dependent
617,29,Male,Gloves,Accessories,72,Pennsylvania,L,Teal,Spring,4.6,1,Free Shipping,1,1,38,Credit Card,Every 3 Months,4,0.4188623015480085,7.18844686487119,2.3996554557680767,0.6511570756942171,1.203234501347709,Gold,4,1,4,9,Promo-Dependent
618,50,Male,Backpack,Accessories,57,Colorado,M,Maroon,Fall,2.6,1,Standard,1,1,2,Bank Transfer,Quarterly,4,0.15791997123573503,2.5649001737193275,2.3996554557680767,0.3589686096317624,0.9525606469002695,Bronze,1,1,3,5,At-Risk / One-Timer
619,61,Male,Jacket,Outerwear,94,Indiana,L,Cyan,Spring,4.0,1,Express,1,1,21,Debit Card,Bi-Weekly,26,0.6144638386434813,72.75300956359054,3.3361111111111157,0.7028927677286962,1.6441373353487367,Silver,3,2,5,10,Promo-Dependent
620,19,Male,Backpack,Accessories,34,Nebraska,M,Charcoal,Summer,4.6,1,Store Pickup,1,1,1,Debit Card,Every 3 Months,4,0.116670419909399,1.6592158050321504,2.3996554557680767,0.5907186993664951,0.5681940700808625,Bronze,1,1,1,3,At-Risk / One-Timer
621,33,Male,Backpack,Accessories,89,Rhode Island,M,Black,Fall,3.7,1,2-Day Shipping,1,1,10,Venmo,Every 3 Months,4,0.2901011110417747,5.221599139357328,2.3996554557680767,0.5174048375929703,1.4873315363881403,Bronze,1,1,5,7,Occasional Buyer
622,51,Male,Sunglasses,Accessories,27,Kansas,S,Red,Fall,4.4,1,Store Pickup,1,1,45,Credit Card,Weekly,52,0.9895026640676601,171.4557124819051,2.3996554557680767,0.925900532813532,0.45121293800539086,Platinum,5,3,1,9,Promo-Dependent
623,69,Male,Socks,Clothing,63,Georgia,S,Peach,Spring,4.0,1,Next Day Air,1,1,44,Bank Transfer,Fortnightly,26,0.6872666639219928,74.31480426089752,0.4712640708417055,0.7174533327843985,1.0495568940382107,Platinum,5,2,3,10,Promo-Dependent
624,19,Male,Shoes,Footwear,70,Nevada,M,White,Fall,4.7,1,Standard,1,1,48,PayPal,Bi-Weekly,26,0.6959301008385788,77.12970815347053,-2.7198160345219193,0.8031860201677158,1.1617211093563848,Platinum,5,2,4,11,Loyal Promo-User
625,55,Male,Pants,Clothing,87,South Carolina,XL,Pink,Fall,3.4,1,Express,1,1,21,PayPal,Annually,1,0.32600230018194293,1.4596221002091885,0.4712640708417055,0.4770466138825424,1.449388091767053,Silver,3,1,5,9,Promo-Dependent
626,49,Male,Jewelry,Accessories,79,Delaware,M,Red,Fall,4.0,1,Next Day Air,1,1,1,Venmo,Weekly,52,0.6705165737555528,152.78751722972953,2.3996554557680767,0.8141033147511105,1.3202156334231807,Bronze,1,3,4,8,Promo-Dependent
627,31,Male,Sunglasses,Accessories,79,New Hampshire,M,Indigo,Spring,3.9,1,Standard,1,1,10,Venmo,Annually,1,0.25548572642639006,1.1195452579794458,2.3996554557680767,0.5229432991314318,1.3202156334231807,Bronze,1,1,4,6,Occasional Buyer
628,42,Male,Sandals,Footwear,44,Oregon,L,Black,Winter,4.1,1,Express,1,1,24,PayPal,Monthly,12,0.4659303659779684,21.283675764159472,-2.7198160345219193,0.6313399193494398,0.7302246973097276,Silver,3,2,2,7,Occasional Buyer
629,69,Male,Sweater,Clothing,85,Massachusetts,M,White,Fall,3.8730085562978287,1,2-Day Shipping,1,1,29,Credit Card,Monthly,12,0.4844786510571952,25.896434033149966,0.4712640708417055,0.6078106031210246,1.4160688252896494,Gold,3,2,5,10,Promo-Dependent
630,26,Male,Shoes,Footwear,90,Vermont,L,Beige,Spring,4.7,1,Standard,1,1,11,Debit Card,Annually,1,0.2643377341314561,1.1923903809380023,-2.7198160345219193,0.6207137006724451,1.493641426315352,Bronze,2,1,5,8,Promo-Dependent
631,41,Male,Jewelry,Accessories,94,Mississippi,S,Silver,Fall,4.3,1,2-Day Shipping,1,1,33,Debit Card,Annually,1,0.37028891021212557,1.686250111430946,2.3996554557680767,0.5939039358885789,1.57088948787062,Gold,4,1,5,10,Promo-Dependent
632,55,Male,Boots,Footwear,68,Washington,S,Violet,Summer,4.1,1,Store Pickup,1,1,27,Cash,Fortnightly,26,0.638998197930395,70.34524708335833,-2.7198160345219193,0.719799639586079,1.1285290776604882,Gold,3,2,3,8,Promo-Dependent
633,35,Male,Backpack,Accessories,51,Wyoming,M,Red,Winter,3.9,1,Next Day Air,1,1,19,Venmo,Fortnightly,26,0.6047675612693206,62.129184719347506,2.3996554557680767,0.6889535122538641,0.8522911051212938,Silver,2,2,2,6,Occasional Buyer
634,66,Male,Sandals,Footwear,33,Minnesota,M,Orange,Spring,2.9,1,Express,1,1,50,Debit Card,Quarterly,4,0.4461538461538462,6.293197243930381,-2.7198160345219193,0.4526153846153846,0.5476685229822957,Platinum,5,1,1,7,Occasional Buyer
635,36,Male,Sneakers,Footwear,60,Ohio,M,Teal,Summer,3.9,1,Standard,1,1,46,PayPal,Weekly,52,0.9916905744410976,211.98917291848014,-2.7198160345219193,0.8663381148882194,0.9957609508769013,Platinum,5,3,3,11,Loyal Promo-User
636,27,Male,Hoodie,Clothing,59,South Carolina,M,Brown,Fall,4.3,1,2-Day Shipping,1,1,28,Cash,Quarterly,4,0.38872202129983363,6.36624757649983,0.4712640708417055,0.6091290196445821,0.9829183610834037,Gold,3,1,3,7,Occasional Buyer
637,41,Male,Handbag,Accessories,30,Wisconsin,M,Indigo,Summer,2.8,1,Store Pickup,1,1,14,Bank Transfer,Every 3 Months,4,0.32165438499395005,4.418228169343054,2.3996554557680767,0.4157154923834054,0.5013477088948787,Silver,2,1,1,4,At-Risk / One-Timer
638,21,Male,Sweater,Clothing,20,Tennessee,M,Cyan,Winter,3.4,1,2-Day Shipping,1,1,46,Cash,Fortnightly,26,0.6916905744410977,54.752554320040865,0.4712640708417055,0.6463381148882196,0.33319266477403514,Platinum,5,2,1,8,Promo-Dependent
639,53,Male,Sandals,Footwear,20,Maryland,S,Blue,Summer,2.7,1,Express,1,1,41,PayPal,Monthly,12,0.5187092877182695,18.950664781365678,-2.7198160345219193,0.47389570369750006,0.3319203169589671,Platinum,5,2,1,8,Promo-Dependent
640,54,Male,Dress,Clothing,24,Mississippi,L,Olive,Spring,4.0,1,2-Day Shipping,1,1,50,Credit Card,Annually,1,0.4115384615384616,1.3246912048496058,0.4712640708417055,0.5661538461538461,0.3998311977288422,Platinum,5,1,1,7,Occasional Buyer
641,53,Male,Skirt,Clothing,88,Minnesota,M,Gray,Summer,4.4,1,Store Pickup,1,1,28,Debit Card,Fortnightly,26,0.6425681751459875,74.99062690580998,0.4712640708417055,0.7565136350291976,1.4660477250057546,Gold,3,2,5,10,Promo-Dependent
642,47,Male,Blouse,Clothing,78,Alaska,M,Red,Winter,3.9,1,2-Day Shipping,1,1,23,Credit Card,Every 3 Months,4,0.3694696925023936,6.457514217824937,0.4712640708417055,0.5572785538850941,1.299451392618737,Silver,3,1,4,8,Promo-Dependent
643,64,Male,Skirt,Clothing,25,Arkansas,L,Red,Spring,2.8,1,2-Day Shipping,1,1,14,Debit Card,Bi-Weekly,26,0.5755005388401039,48.75094414383544,0.4712640708417055,0.5511001077680208,0.4164908309675439,Silver,2,2,1,5,At-Risk / One-Timer
644,18,Male,Sweater,Clothing,57,Oregon,XL,Green,Winter,3.2,1,Next Day Air,1,1,10,Bank Transfer,Every 3 Months,4,0.2901011110417747,4.711756114725299,0.4712640708417055,0.45740483759297035,0.9495990946060002,Bronze,1,1,3,5,At-Risk / One-Timer
645,68,Male,Backpack,Accessories,93,Louisiana,S,Blue,Summer,4.3,1,Next Day Air,1,1,37,Cash,Weekly,52,0.9700658675655396,229.17935011757453,2.3996554557680767,0.9100131735131078,1.554177897574124,Gold,4,3,5,12,Loyal Promo-User
646,62,Male,Hoodie,Clothing,42,Oklahoma,S,Purple,Summer,4.2,1,Express,1,1,15,Venmo,Bi-Weekly,26,0.5820662950222113,56.92096322065048,0.4712640708417055,0.7204132590044423,0.6997045960254739,Silver,2,2,2,6,Occasional Buyer
647,51,Male,Boots,Footwear,54,Indiana,XL,Pink,Spring,4.9,1,Standard,1,1,19,Venmo,Bi-Weekly,26,0.6047675612693206,63.01113305829317,-2.7198160345219193,0.8089535122538642,0.8961848557892111,Silver,2,2,3,7,Occasional Buyer
648,54,Male,Blouse,Clothing,70,Mississippi,XL,Charcoal,Summer,3.7,1,Express,1,1,23,Credit Card,Fortnightly,26,0.6233158463485474,69.08189379704417,0.4712640708417055,0.6686631692697096,1.1661743267091231,Silver,3,2,4,9,Promo-Dependent
649,22,Male,Hoodie,Clothing,31,Michigan,M,Brown,Winter,4.1,1,Store Pickup,1,1,35,Credit Card,Weekly,52,0.9645653976748835,173.83230432464725,0.4712640708417055,0.8849130795349767,0.5164486303997545,Gold,4,3,1,8,Promo-Dependent
650,53,Male,Pants,Clothing,93,Delaware,L,Orange,Spring,4.2,1,Store Pickup,1,1,33,PayPal,Every 3 Months,4,0.40490429482751017,7.358398280034169,0.4712640708417055,0.6003654743501173,1.5493458911992635,Gold,4,1,5,10,Promo-Dependent
651,34,Male,Gloves,Accessories,40,Florida,M,Magenta,Spring,3.9,1,Next Day Air,1,1,12,Bank Transfer,Annually,1,0.27248079185073504,1.0118770573303604,2.3996554557680767,0.5263423122163008,0.6684636118598383,Bronze,2,1,2,5,At-Risk / One-Timer
652,32,Male,Hat,Accessories,32,Arkansas,L,Yellow,Summer,2.9,1,Next Day Air,1,1,41,Venmo,Fortnightly,26,0.6802477492567311,61.840776372614584,2.3996554557680767,0.5840495498513462,0.5347708894878707,Platinum,5,2,1,8,Promo-Dependent
653,64,Male,Sunglasses,Accessories,27,Minnesota,M,Beige,Winter,3.1,1,Free Shipping,1,1,27,Venmo,Weekly,52,0.938998197930395,162.70456956988264,2.3996554557680767,0.7597996395860791,0.45121293800539086,Gold,3,3,1,7,Occasional Buyer
654,20,Male,Scarf,Accessories,68,North Dakota,M,Olive,Winter,3.6,1,2-Day Shipping,1,1,45,Cash,Fortnightly,26,0.68950266406766,75.90512058651649,2.3996554557680767,0.669900532813532,1.136388140161725,Platinum,5,2,3,10,Promo-Dependent
655,24,Male,Handbag,Accessories,59,California,L,Gray,Summer,4.4,1,2-Day Shipping,1,1,23,Venmo,Annually,1,0.334854307887009,1.3710089146338202,2.3996554557680767,0.5988170154235557,0.9859838274932615,Silver,3,1,3,7,Occasional Buyer
656,20,Male,Handbag,Accessories,36,Mississippi,S,Purple,Fall,3.1,1,Free Shipping,1,1,19,Venmo,Monthly,12,0.4432290997308591,19.205566747479992,2.3996554557680767,0.506799666100018,0.6016172506738545,Silver,2,2,2,6,Occasional Buyer
657,42,Male,Jeans,Clothing,23,Pennsylvania,M,Beige,Summer,3.9,1,Standard,1,1,6,PayPal,Quarterly,4,0.2441188965731355,3.1032919772582694,0.4712640708417055,0.5322083946992424,0.38317156449014045,Bronze,1,1,1,3,At-Risk / One-Timer
658,48,Male,Jacket,Outerwear,80,Arizona,M,White,Winter,4.3,1,Free Shipping,1,1,6,PayPal,Quarterly,4,0.2441188965731355,4.291072314741536,3.3361111111111157,0.5802083946992425,1.3992658173180739,Bronze,1,1,4,6,Occasional Buyer
659,62,Male,Backpack,Accessories,37,Louisiana,S,White,Fall,4.9,1,Store Pickup,1,1,20,Venmo,Weekly,52,0.9097311755011782,172.07972771988446,2.3996554557680767,0.9699462351002357,0.6183288409703505,Silver,2,3,2,7,Occasional Buyer
660,62,Male,Shorts,Clothing,52,Virginia,S,Gold,Spring,3.6,1,2-Day Shipping,1,1,8,Cash,Weekly,52,0.8235322501637777,170.02249853548076,0.4712640708417055,0.7967064500327555,0.8663009284124914,Bronze,1,3,3,7,Occasional Buyer
661,50,Male,Coat,Outerwear,79,Montana,M,Olive,Fall,5.0,1,2-Day Shipping,1,1,39,Credit Card,Quarterly,4,0.42143798117871967,7.387009833553358,3.3361111111111157,0.6996722116203593,1.3817749946015978,Platinum,4,1,4,9,Promo-Dependent
662,57,Male,Shirt,Clothing,68,Iowa,XL,Green,Fall,4.1,1,Store Pickup,1,1,39,Credit Card,Quarterly,4,0.42143798117871967,7.137653189572617,0.4712640708417055,0.5916722116203592,1.1328550602317196,Platinum,4,1,3,8,Promo-Dependent
663,24,Male,Gloves,Accessories,98,Illinois,L,Magenta,Fall,2.8,1,Express,1,1,39,Venmo,Bi-Weekly,26,0.6752841350248735,80.67829986667783,2.3996554557680767,0.5710568270049746,1.6377358490566039,Platinum,4,2,5,11,Loyal Promo-User
664,59,Male,Dress,Clothing,83,Alaska,M,Charcoal,Fall,4.7,1,Express,1,1,23,Credit Card,Monthly,12,0.4617773848100859,24.552611927309542,0.4712640708417055,0.7025093231158634,1.3827495588122458,Silver,3,2,4,9,Promo-Dependent
665,63,Male,Pants,Clothing,83,Colorado,M,Indigo,Winter,4.4,1,Express,1,1,41,PayPal,Bi-Weekly,26,0.6802477492567311,78.36538202433404,0.4712640708417055,0.7640495498513462,1.3827495588122458,Platinum,5,2,4,11,Loyal Promo-User
666,41,Male,Pants,Clothing,55,New Mexico,M,Peach,Spring,4.9,1,2-Day Shipping,1,1,50,Credit Card,Annually,1,0.4115384615384616,1.6565870419563886,0.4712640708417055,0.6741538461538462,0.9162798281285967,Platinum,5,1,3,9,Promo-Dependent
667,35,Male,Hoodie,Clothing,26,Colorado,L,Turquoise,Winter,3.1,1,Free Shipping,1,1,30,Debit Card,Quarterly,4,0.39550679567473,5.214103511760067,0.4712640708417055,0.4664859745195614,0.4331504642062457,Gold,3,1,1,5,At-Risk / One-Timer
668,34,Male,Sunglasses,Accessories,76,Arizona,S,Blue,Winter,2.6,1,Standard,1,1,32,Bank Transfer,Quarterly,4,0.4018672361236636,6.982532316557299,2.3996554557680767,0.4077580626093481,1.2700808625336928,Gold,4,1,4,9,Promo-Dependent
669,49,Male,T-shirt,Clothing,85,Hawaii,S,Turquoise,Fall,2.9,1,Express,1,1,35,Bank Transfer,Monthly,12,0.5030269361364219,26.887880075063478,0.4712640708417055,0.49475923338113054,1.4160688252896494,Gold,4,2,5,11,Loyal Promo-User
670,43,Male,Jacket,Outerwear,89,Illinois,M,Gray,Spring,3.3,1,Free Shipping,1,1,45,Venmo,Bi-Weekly,26,0.68950266406766,80.66839964274355,3.3361111111111157,0.633900532813532,1.556683221766357,Platinum,5,2,5,12,Loyal Promo-User
671,63,Male,Sweater,Clothing,41,Louisiana,XL,Purple,Spring,4.8,1,Next Day Air,1,1,37,Cash,Bi-Weekly,26,0.6700658675655395,65.11660572165852,0.4712640708417055,0.8100131735131079,0.6830449627867721,Gold,4,2,2,8,Promo-Dependent
672,38,Male,Jacket,Outerwear,30,Iowa,L,Black,Winter,4.7,1,Express,1,1,45,Cash,Weekly,52,0.9895026640676601,176.69285333504004,3.3361111111111157,0.961900532813532,0.5247246814942776,Platinum,5,3,1,9,Promo-Dependent
673,59,Male,Socks,Clothing,53,Washington,M,Peach,Winter,3.3,1,2-Day Shipping,1,1,29,Cash,Quarterly,4,0.39217095874950286,6.257454791910332,0.4712640708417055,0.4898188071345159,0.8829605616511932,Gold,3,1,3,7,Occasional Buyer
674,35,Male,Shirt,Clothing,66,Oklahoma,M,Indigo,Spring,4.2,1,Free Shipping,1,1,27,Venmo,Bi-Weekly,26,0.638998197930395,69.85656617269355,0.4712640708417055,0.731799639586079,1.099535793754316,Gold,3,2,3,8,Promo-Dependent
675,48,Male,Jewelry,Accessories,33,Washington,XL,Beige,Winter,4.7,1,Store Pickup,1,1,36,Bank Transfer,Annually,1,0.3788912640219484,1.3361071965689184,2.3996554557680767,0.6436244066505435,0.5514824797843666,Gold,4,1,1,6,Occasional Buyer
676,64,Male,Sunglasses,Accessories,86,Arkansas,M,Yellow,Spring,2.6,1,2-Day Shipping,1,1,9,Cash,Annually,1,0.24578944905222938,1.0976730960019883,2.3996554557680767,0.3650040436565997,1.4371967654986524,Bronze,1,1,5,7,Occasional Buyer
677,28,Male,Pants,Clothing,60,Connecticut,M,Peach,Winter,2.9,1,2-Day Shipping,1,1,38,Venmo,Bi-Weekly,26,0.6727084553941624,71.90090979469475,0.4712640708417055,0.5825416910788325,0.9995779943221055,Gold,4,2,3,9,Promo-Dependent
678,60,Male,Socks,Clothing,62,Washington,S,Turquoise,Summer,2.7,1,Express,1,1,41,PayPal,Annually,1,0.39178621079519266,1.6232230552669158,0.4712640708417055,0.4062033960051924,1.032897260799509,Platinum,5,1,3,9,Promo-Dependent
679,27,Male,Blouse,Clothing,74,Maine,M,Teal,Fall,3.3,1,Store Pickup,1,1,25,Debit Card,Every 3 Months,4,0.3776127502216725,6.521354242407307,0.4712640708417055,0.48690716542894985,1.23281285966393,Silver,3,1,4,8,Promo-Dependent
680,56,Male,Sandals,Footwear,95,Michigan,M,Turquoise,Fall,3.4,1,Express,1,1,37,Venmo,Fortnightly,26,0.6700658675655395,79.51876220046452,-2.7198160345219193,0.6420131735131079,1.5766215055550938,Gold,4,2,5,11,Loyal Promo-User
681,58,Male,Sneakers,Footwear,25,Tennessee,M,Magenta,Spring,4.2,1,Express,1,1,3,PayPal,Annually,1,0.15257160904956724,0.49709303124476206,-2.7198160345219193,0.5383604756560673,0.4149003961987089,Bronze,1,1,1,3,At-Risk / One-Timer
682,30,Male,Shirt,Clothing,59,Louisiana,XL,Purple,Winter,3.8,1,2-Day Shipping,1,1,24,Credit Card,Every 3 Months,4,0.3736226736702761,6.118959849059109,0.4712640708417055,0.5461091501186706,0.9829183610834037,Silver,3,1,3,7,Occasional Buyer
683,23,Male,Jacket,Outerwear,29,Missouri,M,Brown,Summer,4.0,1,Standard,1,1,49,Credit Card,Bi-Weekly,26,0.6979854012719828,61.7236391003616,3.3361111111111157,0.7195970802543965,0.5072338587778017,Platinum,5,2,1,8,Promo-Dependent
684,33,Male,Sandals,Footwear,36,Michigan,S,Violet,Winter,2.7,1,Free Shipping,1,1,3,Bank Transfer,Monthly,12,0.27949468597264415,12.11078841680992,-2.7198160345219193,0.426052783348375,0.5974565705261408,Bronze,1,2,2,5,At-Risk / One-Timer
685,63,Male,Hat,Accessories,82,Alabama,M,Yellow,Summer,4.7,1,Express,1,1,42,Debit Card,Monthly,12,0.5211031372536459,27.632060444959375,2.3996554557680767,0.7143744736045754,1.3703504043126684,Platinum,5,2,4,11,Loyal Promo-User
686,70,Male,Blouse,Clothing,71,Massachusetts,XL,Magenta,Winter,3.5,1,Standard,1,1,32,Cash,Fortnightly,26,0.6557133899698174,72.91094820539608,0.4712640708417055,0.6511426779939635,1.1828339599478248,Gold,4,2,4,10,Promo-Dependent
687,70,Male,Sweater,Clothing,35,Indiana,L,Beige,Fall,3.0,1,2-Day Shipping,1,1,33,Venmo,Fortnightly,26,0.658750448673664,61.376762422001896,0.4712640708417055,0.5917500897347328,0.5830871633545616,Gold,4,2,1,7,Occasional Buyer
688,19,Male,Gloves,Accessories,38,West Virginia,XL,Turquoise,Winter,3.3,1,Free Shipping,1,1,46,Bank Transfer,Quarterly,4,0.43784442059494383,6.416280105053975,2.3996554557680767,0.4989534995036041,0.6350404312668464,Platinum,5,1,2,8,Promo-Dependent
689,25,Male,Scarf,Accessories,59,Michigan,S,Peach,Summer,4.7,1,Store Pickup,1,1,44,Venmo,Monthly,12,0.5257282023835312,25.830148879629732,2.3996554557680767,0.7152994866305525,0.9859838274932615,Platinum,5,2,3,10,Promo-Dependent
690,19,Male,Hoodie,Clothing,91,Pennsylvania,M,Orange,Summer,4.7,1,Express,1,1,35,Credit Card,Every 3 Months,4,0.41071924382872965,7.4287423404758774,0.4712640708417055,0.6615284641503614,1.51602662472186,Gold,4,1,5,10,Promo-Dependent
691,25,Male,Shorts,Clothing,68,Alaska,XL,Red,Spring,4.8,1,Standard,1,1,45,Bank Transfer,Weekly,52,0.9895026640676601,217.86230264475023,0.4712640708417055,0.9739005328135321,1.1328550602317196,Platinum,5,3,3,11,Loyal Promo-User
692,60,Male,Backpack,Accessories,21,Massachusetts,L,Silver,Summer,2.9,1,Standard,1,1,37,PayPal,Bi-Weekly,26,0.6700658675655395,53.851253122977795,2.3996554557680767,0.5820131735131079,0.3509433962264151,Gold,4,2,1,7,Occasional Buyer
693,35,Male,Sunglasses,Accessories,95,North Dakota,M,Cyan,Spring,4.0,1,2-Day Shipping,1,1,40,Debit Card,Every 3 Months,4,0.42395005723670726,7.740222708084201,2.3996554557680767,0.5801746268319569,1.587601078167116,Platinum,4,1,5,10,Promo-Dependent
694,46,Male,Shorts,Clothing,52,Vermont,L,Turquoise,Spring,3.1,1,Free Shipping,1,1,30,Cash,Every 3 Months,4,0.39550679567473,6.281109730489168,0.4712640708417055,0.4664859745195614,0.8663009284124914,Gold,3,1,3,7,Occasional Buyer
695,41,Male,Dress,Clothing,21,Kentucky,S,Charcoal,Fall,3.5,1,2-Day Shipping,1,1,38,Venmo,Every 3 Months,4,0.4188623015480085,5.178884624785068,0.4712640708417055,0.5191570756942171,0.34985229801273693,Gold,4,1,1,6,Occasional Buyer
696,30,Male,Shorts,Clothing,67,Nevada,XL,Peach,Summer,3.7,1,Next Day Air,1,1,15,Debit Card,Every 3 Months,4,0.3282201411760575,5.5397096587454575,0.4712640708417055,0.5250286436198269,1.1161954269930177,Silver,2,1,3,6,Occasional Buyer
697,44,Male,Belt,Accessories,42,Utah,L,Green,Fall,2.8,1,Standard,1,1,49,Cash,Monthly,12,0.5364469397335212,24.21221150147013,2.3996554557680767,0.48944323410055035,0.7018867924528303,Platinum,5,2,2,9,Promo-Dependent
698,61,Male,Scarf,Accessories,63,North Dakota,XL,Brown,Summer,4.6,1,Free Shipping,1,1,40,Debit Card,Quarterly,4,0.42395005723670726,7.052634884924426,2.3996554557680767,0.6521746268319568,1.0528301886792453,Platinum,4,1,3,8,Promo-Dependent
699,55,Male,Boots,Footwear,41,Iowa,M,Yellow,Winter,3.8,1,Standard,1,1,40,Debit Card,Weekly,52,0.9777962110828611,190.04331793392407,-2.7198160345219193,0.8515592422165721,0.6804366497658826,Platinum,4,3,2,9,Promo-Dependent
700,50,Male,Handbag,Accessories,46,Connecticut,M,Charcoal,Fall,2.6,1,2-Day Shipping,1,1,5,PayPal,Weekly,52,0.7822826988374417,156.61900055298892,2.3996554557680767,0.6684565397674884,0.768733153638814,Bronze,1,3,2,6,Occasional Buyer
701,57,Male,Pants,Clothing,79,Wisconsin,L,Olive,Winter,4.1,1,Standard,1,1,5,PayPal,Monthly,12,0.3207442372989802,16.86611748914749,0.4712640708417055,0.6023026936136422,1.3161110258574389,Bronze,1,2,4,7,Occasional Buyer
702,51,Male,Boots,Footwear,90,Idaho,L,Red,Fall,3.3,1,Next Day Air,1,1,5,Debit Card,Every 3 Months,4,0.2284365449912879,4.12178064243926,-2.7198160345219193,0.4570719243828729,1.493641426315352,Bronze,1,1,5,7,Occasional Buyer
703,18,Male,Shirt,Clothing,71,Montana,M,White,Winter,3.4,1,Store Pickup,1,1,1,Cash,Weekly,52,0.6705165737555528,149.11392668739333,0.4712640708417055,0.7421033147511106,1.1828339599478248,Bronze,1,3,4,8,Promo-Dependent
704,63,Male,Dress,Clothing,87,Connecticut,L,Pink,Summer,3.0,1,Standard,1,1,21,Venmo,Weekly,52,0.9144638386434814,212.90685573391093,0.4712640708417055,0.7428927677286963,1.449388091767053,Silver,3,3,5,11,Loyal Promo-User
705,34,Male,Hoodie,Clothing,66,Idaho,S,Black,Spring,3.2,1,Express,1,1,18,PayPal,Annually,1,0.31108775534844835,1.3080283888965232,0.4712640708417055,0.4500637049158435,1.099535793754316,Silver,2,1,3,6,Occasional Buyer
706,25,Male,Pants,Clothing,90,Arkansas,XL,Indigo,Summer,4.5,1,Free Shipping,1,1,49,Cash,Quarterly,4,0.44413924742582894,8.013798985872159,0.4712640708417055,0.6442124648697811,1.4993669914831582,Platinum,5,1,5,11,Loyal Promo-User
707,46,Male,Jeans,Clothing,47,Iowa,L,Turquoise,Summer,4.8,1,Express,1,1,27,Debit Card,Weekly,52,0.938998197930395,189.0226401995793,0.4712640708417055,0.9637996395860791,0.7830027622189826,Gold,3,3,2,8,Promo-Dependent
708,59,Male,Shirt,Clothing,38,Louisiana,L,Purple,Spring,3.7,1,Next Day Air,1,1,21,Venmo,Annually,1,0.32600230018194293,1.1943295234966098,0.4712640708417055,0.5130466138825425,0.6330660630706668,Silver,3,1,2,6,Occasional Buyer
709,37,Male,Backpack,Accessories,50,Kentucky,L,Beige,Summer,3.4,1,Store Pickup,1,1,19,Cash,Fortnightly,26,0.6047675612693206,61.823855580211244,2.3996554557680767,0.6289535122538641,0.8355795148247979,Silver,2,2,2,6,Occasional Buyer
710,49,Male,Jacket,Outerwear,79,Massachusetts,L,Charcoal,Summer,4.6,1,Standard,1,1,23,Debit Card,Monthly,12,0.4617773848100859,24.282249594334157,3.3361111111111157,0.6905093231158632,1.3817749946015978,Silver,3,2,4,9,Promo-Dependent
711,22,Male,Scarf,Accessories,91,Virginia,L,Turquoise,Spring,4.1,1,Standard,1,1,26,PayPal,Fortnightly,26,0.6352983752456667,74.68980834129543,2.3996554557680767,0.7190596750491334,1.5207547169811322,Gold,3,2,5,10,Promo-Dependent
712,64,Male,Boots,Footwear,60,New Hampshire,M,Maroon,Spring,3.5,1,2-Day Shipping,1,1,13,Bank Transfer,Bi-Weekly,26,0.5684816241748422,60.760862528161994,-2.7198160345219193,0.6336963248349685,0.9957609508769013,Bronze,2,2,3,7,Occasional Buyer
713,42,Male,Blouse,Clothing,81,New Hampshire,XL,Black,Summer,3.8,1,Next Day Air,1,1,36,Bank Transfer,Quarterly,4,0.413506648637333,7.288830829687488,0.4712640708417055,0.554085945112082,1.3494302923348425,Gold,4,1,4,9,Promo-Dependent
714,37,Male,Hoodie,Clothing,90,Oregon,M,Lavender,Summer,2.6,1,Express,1,1,39,Bank Transfer,Bi-Weekly,26,0.6752841350248735,79.19890836200092,0.4712640708417055,0.5470568270049747,1.4993669914831582,Platinum,4,2,5,11,Loyal Promo-User
715,26,Male,Jacket,Outerwear,70,South Dakota,M,Magenta,Fall,4.4,1,Store Pickup,1,1,40,Debit Card,Fortnightly,26,0.677796211082861,75.11993501266176,3.3361111111111157,0.7635592422165722,1.2243575901533146,Platinum,4,2,4,10,Promo-Dependent
716,33,Male,Jeans,Clothing,63,Delaware,L,Green,Spring,2.6,1,Express,1,1,37,Debit Card,Quarterly,4,0.41621971371938576,6.924036505393436,0.4712640708417055,0.4106285581284925,1.0495568940382107,Gold,4,1,3,8,Promo-Dependent
717,30,Male,Jewelry,Accessories,29,Missouri,M,Olive,Spring,3.6,1,Express,1,1,9,Venmo,Bi-Weekly,26,0.5342509875137679,47.24441955693845,2.3996554557680767,0.6388501975027536,0.4846361185983828,Bronze,1,2,1,4,At-Risk / One-Timer
718,21,Male,Socks,Clothing,90,Alaska,L,Green,Spring,4.2,1,Express,1,1,7,Venmo,Every 3 Months,4,0.2577035674205047,4.649858347848358,0.4712640708417055,0.5709253288687163,1.4993669914831582,Bronze,1,1,5,7,Occasional Buyer
719,22,Male,Shirt,Clothing,22,Florida,M,Peach,Summer,4.6,1,Standard,1,1,25,Bank Transfer,Annually,1,0.3429973656062879,1.0754662559374515,0.4712640708417055,0.6244456269674113,0.36651193125143866,Silver,3,1,1,5,At-Risk / One-Timer
720,63,Male,Shorts,Clothing,22,Mississippi,L,Turquoise,Summer,3.3,1,Next Day Air,1,1,42,Venmo,Bi-Weekly,26,0.6826415987921073,55.65088839869727,0.4712640708417055,0.6325283197584215,0.36651193125143866,Platinum,5,2,1,8,Promo-Dependent
721,33,Male,Jewelry,Accessories,62,New Mexico,L,Orange,Fall,3.4,1,Free Shipping,1,1,19,Debit Card,Weekly,52,0.9047675612693207,194.92584292519007,2.3996554557680767,0.7889535122538641,1.0361185983827494,Silver,2,3,3,8,Promo-Dependent
722,43,Male,Blouse,Clothing,57,California,L,Silver,Summer,4.4,1,Next Day Air,1,1,41,Debit Card,Every 3 Months,4,0.42640159541057726,6.925517511082882,0.4712640708417055,0.6286649344667308,0.9495990946060002,Platinum,5,1,3,9,Promo-Dependent
723,27,Male,Sweater,Clothing,32,Wyoming,S,Blue,Summer,4.3,1,Store Pickup,1,1,50,Cash,Bi-Weekly,26,0.7,63.63643761868994,0.4712640708417055,0.756,0.5331082636384562,Platinum,5,2,1,8,Promo-Dependent
724,35,Male,Jewelry,Accessories,53,Missouri,L,Cyan,Fall,3.5,1,Express,1,1,43,PayPal,Monthly,12,0.5234419508605727,25.056019095423665,2.3996554557680767,0.5708422363259607,0.8857142857142858,Platinum,5,2,3,10,Promo-Dependent
725,37,Male,T-shirt,Clothing,79,New Hampshire,XL,Green,Fall,4.7,1,Store Pickup,1,1,36,Venmo,Every 3 Months,4,0.413506648637333,7.247988591774109,0.4712640708417055,0.662085945112082,1.3161110258574389,Gold,4,1,4,9,Promo-Dependent
726,61,Male,Hat,Accessories,61,Texas,L,Silver,Winter,3.1,1,Standard,1,1,33,Debit Card,Fortnightly,26,0.658750448673664,70.68754232500896,2.3996554557680767,0.6037500897347328,1.0194070080862534,Gold,4,2,3,9,Promo-Dependent
727,32,Male,Shorts,Clothing,78,North Dakota,L,Yellow,Summer,3.6,1,Next Day Air,1,1,20,Bank Transfer,Every 3 Months,4,0.3558850216550244,6.220084174382903,0.4712640708417055,0.5185616197156202,1.299451392618737,Silver,2,1,4,7,Occasional Buyer
728,62,Male,Sweater,Clothing,97,Arkansas,S,Gray,Winter,4.8,1,Next Day Air,1,1,37,Venmo,Every 3 Months,4,0.41621971371938576,7.633415405539838,0.4712640708417055,0.6746285581284925,1.6159844241540704,Gold,4,1,5,10,Promo-Dependent
729,29,Male,Jeans,Clothing,78,Nebraska,M,Pink,Winter,3.7,1,Next Day Air,1,1,12,PayPal,Every 3 Months,4,0.30709617646611964,5.36736291504288,0.4712640708417055,0.5208038506778393,1.299451392618737,Bronze,2,1,4,7,Occasional Buyer
730,41,Male,Sunglasses,Accessories,56,Minnesota,L,Beige,Summer,3.2,1,Express,1,1,46,PayPal,Every 3 Months,4,0.43784442059494383,7.080909759202687,2.3996554557680767,0.48695349950360417,0.9358490566037736,Platinum,5,1,3,9,Promo-Dependent
731,48,Male,Boots,Footwear,25,Massachusetts,M,Indigo,Summer,3.9,1,Standard,1,1,28,Venmo,Fortnightly,26,0.6425681751459875,54.43227781903401,-2.7198160345219193,0.6965136350291975,0.4149003961987089,Gold,3,2,1,6,Occasional Buyer
732,43,Male,Coat,Outerwear,28,Arkansas,M,Red,Spring,3.5,1,Free Shipping,1,1,30,PayPal,Fortnightly,26,0.6493529495208838,56.85065045688833,3.3361111111111157,0.6498705899041768,0.4897430360613258,Gold,3,2,1,6,Occasional Buyer
733,34,Male,Shirt,Clothing,57,New Hampshire,L,Blue,Spring,2.8,1,Express,1,1,28,Cash,Bi-Weekly,26,0.6425681751459875,67.8368978448484,0.4712640708417055,0.5645136350291975,0.9495990946060002,Gold,3,2,3,8,Promo-Dependent
734,45,Male,Dress,Clothing,36,Rhode Island,L,Cyan,Fall,2.7,1,2-Day Shipping,1,1,20,Debit Card,Bi-Weekly,26,0.6097311755011783,57.243919811385425,0.4712640708417055,0.5459462351002358,0.5997467965932632,Silver,2,2,2,6,Occasional Buyer
735,65,Male,Shirt,Clothing,69,New Jersey,S,Violet,Winter,3.1,1,Express,1,1,39,Bank Transfer,Every 3 Months,4,0.42143798117871967,7.1619090314267115,0.4712640708417055,0.4716722116203593,1.1495146934704212,Platinum,4,1,4,9,Promo-Dependent
736,61,Male,Sunglasses,Accessories,48,Montana,M,Orange,Fall,3.6,1,2-Day Shipping,1,1,48,Cash,Bi-Weekly,26,0.6959301008385788,70.41930720525366,2.3996554557680767,0.6711860201677158,0.802156334231806,Platinum,5,2,2,9,Promo-Dependent
737,18,Male,Dress,Clothing,58,Colorado,L,Maroon,Spring,2.9,1,2-Day Shipping,1,1,32,Credit Card,Every 3 Months,4,0.4018672361236636,6.554514811092559,0.4712640708417055,0.4437580626093481,0.9662587278447019,Gold,4,1,3,8,Promo-Dependent
738,47,Male,Sunglasses,Accessories,24,Nebraska,M,Teal,Spring,3.6,1,Store Pickup,1,1,28,PayPal,Annually,1,0.354106636684449,1.13982529224896,2.3996554557680767,0.5066674811830436,0.401078167115903,Gold,3,1,1,5,At-Risk / One-Timer
739,56,Male,Sunglasses,Accessories,31,Minnesota,L,Orange,Winter,3.5,1,2-Day Shipping,1,1,27,Venmo,Quarterly,4,0.3851520440842412,5.339341068877831,2.3996554557680767,0.5124150242014636,0.5180592991913747,Gold,3,1,1,5,At-Risk / One-Timer
740,64,Male,Shorts,Clothing,29,Minnesota,S,Purple,Summer,3.5,1,Free Shipping,1,1,26,Venmo,Bi-Weekly,26,0.6352983752456667,56.18015443195436,0.4712640708417055,0.6470596750491333,0.48312936392235095,Gold,3,2,1,6,Occasional Buyer
741,26,Male,Jeans,Clothing,69,South Dakota,M,Orange,Summer,2.8,1,Next Day Air,1,1,22,Credit Card,Fortnightly,26,0.6189860903121072,68.37374594922878,0.4712640708417055,0.5597972180624213,1.1495146934704212,Silver,3,2,4,9,Promo-Dependent
742,22,Male,T-shirt,Clothing,79,West Virginia,XL,Yellow,Summer,4.7,1,Free Shipping,1,1,23,Bank Transfer,Every 3 Months,4,0.3694696925023936,6.47610413300103,0.4712640708417055,0.6532785538850941,1.3161110258574389,Silver,3,1,4,8,Promo-Dependent
743,64,Male,Pants,Clothing,39,Nevada,M,Charcoal,Summer,3.1,1,Express,1,1,21,Debit Card,Quarterly,4,0.36061768479732753,5.321100672955988,0.4712640708417055,0.4595081523440809,0.6497256963093685,Silver,3,1,2,6,Occasional Buyer
744,21,Male,Sunglasses,Accessories,84,North Carolina,L,Gray,Fall,4.9,1,Free Shipping,1,1,36,Cash,Weekly,52,0.9673528024834868,223.47577945797997,2.3996554557680767,0.9814705604966973,1.4037735849056605,Gold,4,3,4,11,Loyal Promo-User
745,67,Male,Boots,Footwear,66,Illinois,S,Charcoal,Spring,4.1,1,Next Day Air,1,1,42,Debit Card,Bi-Weekly,26,0.6826415987921073,74.62775039539098,-2.7198160345219193,0.7285283197584215,1.0953370459645915,Platinum,5,2,3,10,Promo-Dependent
746,46,Male,T-shirt,Clothing,92,Michigan,L,Orange,Fall,4.7,1,Standard,1,1,4,Venmo,Monthly,12,0.3021959522197534,16.43679863837064,0.4712640708417055,0.670593036597797,1.5326862579605618,Bronze,1,2,5,8,Promo-Dependent
747,40,Male,Sandals,Footwear,45,Michigan,M,Red,Winter,2.5,1,Free Shipping,1,1,47,Credit Card,Annually,1,0.40537088164256185,1.5520197383879937,-2.7198160345219193,0.3849203301746662,0.746820713157676,Platinum,5,1,2,8,Promo-Dependent
748,51,Male,Shorts,Clothing,74,Oklahoma,L,Gold,Spring,4.4,1,Next Day Air,1,1,13,Bank Transfer,Weekly,52,0.8684816241748421,194.98227263837867,0.4712640708417055,0.9016963248349684,1.23281285966393,Bronze,2,3,4,9,Promo-Dependent
749,35,Male,Hat,Accessories,39,South Dakota,L,Brown,Fall,3.9,1,Free Shipping,1,1,8,Bank Transfer,Quarterly,4,0.2696860963176239,3.9793579990651,2.3996554557680767,0.5373218346481401,0.6517520215633423,Bronze,1,1,2,4,At-Risk / One-Timer
750,56,Male,Scarf,Accessories,71,Oklahoma,M,Olive,Winter,3.7,1,Standard,1,1,11,Debit Card,Quarterly,4,0.2989531187468407,5.114090696475189,2.3996554557680767,0.5191752391339836,1.186522911051213,Bronze,2,1,4,7,Occasional Buyer
751,25,Male,T-shirt,Clothing,95,Maryland,L,Violet,Fall,3.4,1,Free Shipping,1,1,5,Venmo,Annually,1,0.1938211603759033,0.8846672628299517,0.4712640708417055,0.45061038592133446,1.582665157676667,Bronze,1,1,5,7,Occasional Buyer
752,65,Male,Gloves,Accessories,72,Ohio,L,Indigo,Fall,4.8,1,Free Shipping,1,1,1,Credit Card,Monthly,12,0.2089781122170913,10.759345374662248,2.3996554557680767,0.6639494685972643,1.203234501347709,Bronze,1,2,4,7,Occasional Buyer
753,39,Male,Scarf,Accessories,85,Ohio,L,Yellow,Fall,4.2,1,2-Day Shipping,1,1,17,PayPal,Every 3 Months,4,0.3402026700731767,6.061523374474715,2.3996554557680767,0.5874251493992507,1.4204851752021563,Silver,2,1,5,8,Promo-Dependent
754,47,Male,Boots,Footwear,54,Massachusetts,M,Teal,Fall,3.4,1,Store Pickup,1,1,27,Venmo,Quarterly,4,0.3851520440842412,6.173730270475597,-2.7198160345219193,0.5004150242014636,0.8961848557892111,Gold,3,1,3,7,Occasional Buyer
755,36,Male,Gloves,Accessories,41,North Carolina,L,Pink,Spring,2.9,1,Store Pickup,1,1,3,Debit Card,Quarterly,4,0.18718699366495184,2.7985725566371675,2.3996554557680767,0.4008220141176057,0.6851752021563342,Bronze,1,1,2,4,At-Risk / One-Timer
756,66,Male,Coat,Outerwear,24,Florida,M,Violet,Spring,3.3,1,Free Shipping,1,1,22,PayPal,Weekly,52,0.9189860903121072,153.8213096937809,3.3361111111111157,0.7797972180624214,0.41977974519542216,Silver,3,3,1,7,Occasional Buyer
757,62,Male,Belt,Accessories,99,Montana,S,Orange,Summer,4.8,1,Standard,1,1,24,Cash,Fortnightly,26,0.62746882751643,75.12961916500475,2.3996554557680767,0.8014937655032859,1.6544474393531,Silver,3,2,5,10,Promo-Dependent
758,41,Male,Hoodie,Clothing,32,Minnesota,M,Red,Fall,3.8,1,Store Pickup,1,1,18,Debit Card,Quarterly,4,0.34570313996383295,4.8350145716249875,0.4712640708417055,0.540525243377382,0.5331082636384562,Silver,2,1,1,4,At-Risk / One-Timer
759,66,Male,Shoes,Footwear,71,Massachusetts,L,Peach,Summer,4.6,1,2-Day Shipping,1,1,39,Bank Transfer,Every 3 Months,4,0.42143798117871967,7.209398141494225,-2.7198160345219193,0.6516722116203593,1.1783171252043332,Platinum,4,1,4,9,Promo-Dependent
760,51,Male,Dress,Clothing,49,Rhode Island,XL,Green,Winter,2.6,1,Next Day Air,1,1,25,Credit Card,Fortnightly,26,0.6314589040678263,64.22732575209031,0.4712640708417055,0.5382917808135653,0.8163220286963861,Silver,3,2,2,7,Occasional Buyer
761,33,Male,Gloves,Accessories,50,Minnesota,XL,Violet,Fall,3.4,1,Free Shipping,1,1,6,Cash,Annually,1,0.2095035119577509,0.8237312784612523,2.3996554557680767,0.453746856237704,0.8355795148247979,Bronze,1,1,2,4,At-Risk / One-Timer
762,57,Male,Jewelry,Accessories,91,Nevada,L,Yellow,Fall,4.2,1,Express,1,1,26,Bank Transfer,Weekly,52,0.9352983752456666,219.91951848455588,2.3996554557680767,0.8910596750491333,1.5207547169811322,Gold,3,3,5,11,Loyal Promo-User
763,45,Male,Belt,Accessories,46,New Mexico,M,Pink,Fall,3.9,1,Standard,1,1,43,Debit Card,Fortnightly,26,0.6849804123990342,68.56916799242921,2.3996554557680767,0.7049960824798068,0.768733153638814,Platinum,5,2,2,9,Promo-Dependent
764,61,Male,Sweater,Clothing,50,North Carolina,M,Brown,Spring,2.9,1,2-Day Shipping,1,1,6,Credit Card,Monthly,12,0.3364265888808278,15.873248228299769,0.4712640708417055,0.4614391639300117,0.8329816619350878,Bronze,1,2,2,5,At-Risk / One-Timer
765,55,Male,Skirt,Clothing,39,Virginia,XL,Silver,Fall,4.2,1,Free Shipping,1,1,6,Debit Card,Quarterly,4,0.2441188965731355,3.6021007277184185,0.4712640708417055,0.5682083946992424,0.6497256963093685,Bronze,1,1,2,4,At-Risk / One-Timer
766,54,Male,Sneakers,Footwear,99,Alaska,M,Pink,Summer,3.0,1,Store Pickup,1,1,13,Cash,Quarterly,4,0.3146354703286883,5.795799549648065,-2.7198160345219193,0.438311709450353,1.6430055689468872,Bronze,2,1,5,8,Promo-Dependent
767,57,Male,Gloves,Accessories,48,Nevada,M,Cyan,Winter,3.6,1,Next Day Air,1,1,13,PayPal,Monthly,12,0.40694316263638064,19.0049959263072,2.3996554557680767,0.5595424786811223,0.802156334231806,Bronze,2,2,2,6,Occasional Buyer
768,27,Male,Coat,Outerwear,77,Pennsylvania,M,Brown,Fall,2.5,1,Next Day Air,1,1,11,Cash,Annually,1,0.2643377341314561,1.1516425395176415,3.3361111111111157,0.35671370067244507,1.3467933491686461,Bronze,2,1,4,7,Occasional Buyer
769,64,Male,Backpack,Accessories,95,Illinois,XL,Red,Spring,2.6,1,Express,1,1,45,Venmo,Weekly,52,0.9895026640676601,234.85460414987116,2.3996554557680767,0.709900532813532,1.587601078167116,Platinum,5,3,5,13,Loyal Promo-User
770,52,Male,Socks,Clothing,100,Delaware,M,Silver,Spring,4.3,1,Store Pickup,1,1,8,PayPal,Monthly,12,0.3619937886253162,20.047739530245543,0.4712640708417055,0.6345526038789094,1.6659633238701756,Bronze,1,2,5,8,Promo-Dependent
771,19,Male,Sneakers,Footwear,54,Vermont,M,Gray,Spring,3.3,1,Express,1,1,8,Credit Card,Annually,1,0.2350707117022393,0.9420066638805986,-2.7198160345219193,0.44686029618660167,0.8961848557892111,Bronze,1,1,3,5,At-Risk / One-Timer
772,22,Male,Sweater,Clothing,68,Hawaii,L,Cyan,Fall,2.6,1,Next Day Air,1,1,34,Bank Transfer,Fortnightly,26,0.6616994641775042,72.8443561394248,0.4712640708417055,0.5443398928355009,1.1328550602317196,Gold,4,2,3,9,Promo-Dependent
773,18,Male,Jeans,Clothing,22,Illinois,L,Teal,Fall,3.6,1,Free Shipping,1,1,40,Debit Card,Bi-Weekly,26,0.677796211082861,55.2558785851541,0.4712640708417055,0.6675592422165723,0.36651193125143866,Platinum,4,2,1,7,Occasional Buyer
774,29,Male,Hat,Accessories,84,California,L,Indigo,Winter,2.6,1,Express,1,1,14,Debit Card,Bi-Weekly,26,0.5755005388401039,66.47545299170989,2.3996554557680767,0.5271001077680209,1.4037735849056605,Silver,2,2,4,8,Promo-Dependent
775,42,Male,Hat,Accessories,46,Nevada,M,Yellow,Summer,3.5,1,Standard,1,1,11,Credit Card,Quarterly,4,0.2989531187468407,4.604054532667565,2.3996554557680767,0.49517523913398354,0.768733153638814,Bronze,2,1,2,5,At-Risk / One-Timer
776,49,Male,Handbag,Accessories,53,Kentucky,S,Gold,Winter,3.0,1,Store Pickup,1,1,8,PayPal,Monthly,12,0.3619937886253162,17.32784937338096,2.3996554557680767,0.4785526038789094,0.8857142857142858,Bronze,1,2,3,6,Occasional Buyer
777,49,Male,Shirt,Clothing,60,Alabama,M,Maroon,Spring,5.0,1,Standard,1,1,8,Venmo,Every 3 Months,4,0.2696860963176239,4.434582099532186,0.4712640708417055,0.6693218346481402,0.9995779943221055,Bronze,1,1,3,5,At-Risk / One-Timer
778,55,Male,Socks,Clothing,32,Wyoming,XL,Silver,Spring,2.5,1,Express,1,1,37,Venmo,Weekly,52,0.9700658675655396,176.37581733529942,0.4712640708417055,0.6940131735131079,0.5331082636384562,Gold,4,3,1,8,Promo-Dependent
779,29,Male,Socks,Clothing,50,Massachusetts,M,Yellow,Summer,2.9,1,Store Pickup,1,1,23,Debit Card,Annually,1,0.334854307887009,1.3165887509783052,0.4712640708417055,0.4188170154235556,0.8329816619350878,Silver,3,1,2,6,Occasional Buyer
780,60,Male,Dress,Clothing,94,Utah,M,Blue,Spring,4.6,1,Express,1,1,38,Cash,Annually,1,0.3842469169326239,1.7498131556882286,0.4712640708417055,0.6326955372326786,1.5660055244379651,Gold,4,1,5,10,Promo-Dependent
781,34,Male,Shoes,Footwear,26,New York,M,Turquoise,Spring,3.6,1,Free Shipping,1,1,38,Cash,Quarterly,4,0.4188623015480085,5.5220072608853945,-2.7198160345219193,0.5311570756942171,0.43149641204665723,Gold,4,1,1,6,Occasional Buyer
782,30,Male,Scarf,Accessories,44,Vermont,L,Indigo,Winter,3.0,1,Store Pickup,1,1,12,Credit Card,Fortnightly,26,0.5609423303122735,55.51827132082618,2.3996554557680767,0.5721884660624547,0.7353099730458221,Bronze,2,2,2,6,Occasional Buyer
783,28,Male,Hoodie,Clothing,57,Hawaii,M,Green,Summer,4.5,1,Standard,1,1,15,Cash,Weekly,52,0.8820662950222113,186.2421559679987,0.4712640708417055,0.9164132590044423,0.9495990946060002,Silver,2,3,3,8,Promo-Dependent
784,63,Male,T-shirt,Clothing,65,Louisiana,L,Purple,Winter,4.5,1,Next Day Air,1,1,38,PayPal,Fortnightly,26,0.6727084553941624,73.27882042372903,0.4712640708417055,0.7745416910788325,1.0828761605156143,Gold,4,2,3,9,Promo-Dependent
785,31,Male,Jeans,Clothing,72,Alabama,M,Peach,Winter,3.2,1,Store Pickup,1,1,41,Bank Transfer,Every 3 Months,4,0.42640159541057726,7.317835003000191,0.4712640708417055,0.48466493446673087,1.1994935931865265,Platinum,5,1,4,10,Promo-Dependent
786,46,Male,Shorts,Clothing,62,Louisiana,S,Purple,Spring,4.0,1,Next Day Air,1,1,37,PayPal,Fortnightly,26,0.6700658675655395,72.18050228689187,0.4712640708417055,0.7140131735131079,1.032897260799509,Gold,4,2,3,9,Promo-Dependent
787,70,Male,Hat,Accessories,21,Indiana,S,Teal,Winter,4.8,1,Express,1,1,16,Bank Transfer,Every 3 Months,4,0.3343877210719573,4.134426566860637,2.3996554557680767,0.6582621595990068,0.3509433962264151,Silver,2,1,1,4,At-Risk / One-Timer
788,53,Male,Handbag,Accessories,85,Michigan,S,Green,Spring,3.7,1,Free Shipping,1,1,25,Venmo,Weekly,52,0.9314589040678263,215.7501554471004,2.3996554557680767,0.8302917808135652,1.4204851752021563,Silver,3,3,5,11,Loyal Promo-User
789,50,Male,Pants,Clothing,51,Rhode Island,XL,Yellow,Summer,3.8,1,Store Pickup,1,1,18,Bank Transfer,Quarterly,4,0.34570313996383295,5.463829441103884,0.4712640708417055,0.540525243377382,0.8496412951737896,Silver,2,1,2,5,At-Risk / One-Timer
790,33,Male,Handbag,Accessories,84,Idaho,S,Purple,Fall,2.7,1,Standard,1,1,4,Credit Card,Bi-Weekly,26,0.46373441375821495,53.565467174979084,2.3996554557680767,0.516746882751643,1.4037735849056605,Bronze,1,2,4,7,Occasional Buyer
791,22,Male,Sweater,Clothing,37,Louisiana,M,Indigo,Summer,4.9,1,Store Pickup,1,1,12,Bank Transfer,Quarterly,4,0.30709617646611964,4.468355204872195,0.4712640708417055,0.6648038506778393,0.616406429831965,Bronze,2,1,2,5,At-Risk / One-Timer
792,50,Male,Scarf,Accessories,44,North Carolina,S,Magenta,Summer,3.1,1,2-Day Shipping,1,1,35,PayPal,Fortnightly,26,0.6645653976748835,65.77418045453514,2.3996554557680767,0.6049130795349766,0.7353099730458221,Gold,4,2,2,8,Promo-Dependent
793,34,Male,Sneakers,Footwear,45,New Jersey,M,Violet,Spring,4.2,1,Next Day Air,1,1,45,Venmo,Weekly,52,0.9895026640676601,196.99944480245568,-2.7198160345219193,0.901900532813532,0.746820713157676,Platinum,5,3,2,10,Promo-Dependent
794,24,Male,Pants,Clothing,35,Alabama,L,Maroon,Summer,3.8,1,Free Shipping,1,1,16,Credit Card,Monthly,12,0.4266954133796496,18.348853137579997,0.4712640708417055,0.5874929288297761,0.5830871633545616,Silver,2,2,1,5,At-Risk / One-Timer
795,69,Male,Backpack,Accessories,50,Kentucky,XL,Yellow,Winter,4.2,1,Store Pickup,1,1,10,Debit Card,Fortnightly,26,0.5439472648879285,55.6063507723528,2.3996554557680767,0.7127894529775857,0.8355795148247979,Bronze,1,2,2,5,At-Risk / One-Timer
796,39,Male,Sandals,Footwear,26,New York,M,Beige,Summer,4.6,1,Store Pickup,1,1,34,Venmo,Annually,1,0.37323792571596587,1.2301313153656654,-2.7198160345219193,0.6304937389893469,0.43149641204665723,Gold,4,1,1,6,Occasional Buyer
797,42,Male,Socks,Clothing,78,Arizona,XL,Black,Fall,4.0,1,2-Day Shipping,1,1,43,Credit Card,Annually,1,0.39651887393749574,1.7325685421888324,0.4712640708417055,0.563149928633653,1.299451392618737,Platinum,5,1,4,10,Promo-Dependent
798,42,Male,Coat,Outerwear,82,Maryland,M,Violet,Fall,4.0,1,2-Day Shipping,1,1,38,Debit Card,Weekly,52,0.9727084553941623,223.50866835662717,3.3361111111111157,0.8745416910788324,1.4342474627510255,Gold,4,3,4,11,Loyal Promo-User
799,29,Male,Socks,Clothing,39,Alaska,M,Violet,Spring,3.8,1,2-Day Shipping,1,1,48,PayPal,Every 3 Months,4,0.44208394699242487,6.523177556215803,0.4712640708417055,0.5598014047831004,0.6497256963093685,Platinum,5,1,2,8,Promo-Dependent
800,55,Male,Belt,Accessories,55,Nevada,L,Brown,Summer,3.976291434388882,1,Free Shipping,1,1,31,PayPal,Annually,1,0.3641213303162258,1.4657164126211515,2.3996554557680767,0.5538253920360648,0.9191374663072777,Gold,4,1,3,8,Promo-Dependent
801,32,Male,Socks,Clothing,20,Utah,S,Gold,Summer,2.6,1,Free Shipping,1,1,20,Cash,Every 3 Months,4,0.3558850216550244,4.3339997347136325,0.4712640708417055,0.39856161971562026,0.33319266477403514,Silver,2,1,1,4,At-Risk / One-Timer
802,25,Male,Belt,Accessories,29,New Mexico,L,Blue,Fall,4.9,1,Express,1,1,12,Credit Card,Fortnightly,26,0.5609423303122735,49.60476521316089,2.3996554557680767,0.8001884660624548,0.4846361185983828,Bronze,2,2,1,5,At-Risk / One-Timer
803,38,Male,Pants,Clothing,41,Delaware,M,Teal,Winter,3.5,1,Next Day Air,1,1,2,Bank Transfer,Weekly,52,0.7117661250818889,138.3380242941765,0.4712640708417055,0.7623532250163778,0.6830449627867721,Bronze,1,3,2,6,Occasional Buyer
804,32,Male,Shorts,Clothing,38,Connecticut,L,Silver,Winter,2.8,1,Express,1,1,30,Venmo,Every 3 Months,4,0.39550679567473,5.7958541096703025,0.4712640708417055,0.4304859745195614,0.6330660630706668,Gold,3,1,2,6,Occasional Buyer
805,43,Male,Boots,Footwear,47,Mississippi,M,Maroon,Summer,2.6,1,Store Pickup,1,1,28,Venmo,Quarterly,4,0.38872202129983363,6.019284327272299,-2.7198160345219193,0.40512901964458214,0.7800127448535726,Gold,3,1,2,6,Occasional Buyer
806,41,Male,Dress,Clothing,30,Connecticut,L,White,Summer,3.7,1,Next Day Air,1,1,40,Debit Card,Monthly,12,0.5162577495443996,21.27387007382119,0.4712640708417055,0.5934053960627261,0.49978899716105274,Platinum,4,2,1,7,Occasional Buyer
807,56,Male,Jeans,Clothing,56,Florida,L,Charcoal,Summer,2.7,1,Standard,1,1,46,PayPal,Quarterly,4,0.43784442059494383,7.080909759202687,0.4712640708417055,0.4269534995036042,0.9329394613672984,Platinum,5,1,3,9,Promo-Dependent
808,27,Male,T-shirt,Clothing,89,New York,S,Brown,Winter,3.3,1,Express,1,1,15,Credit Card,Weekly,52,0.8820662950222113,206.39478309909342,0.4712640708417055,0.7724132590044422,1.4827073582444563,Silver,2,3,5,10,Promo-Dependent
809,46,Male,Shoes,Footwear,96,Wisconsin,L,Lavender,Fall,4.6,1,Next Day Air,1,1,38,Cash,Every 3 Months,4,0.4188623015480085,7.664695877491476,-2.7198160345219193,0.6511570756942171,1.5932175214030422,Gold,4,1,5,10,Promo-Dependent
810,48,Male,Boots,Footwear,81,South Carolina,M,Violet,Fall,4.9,1,Next Day Air,1,1,30,PayPal,Bi-Weekly,26,0.6493529495208838,74.3994196639588,-2.7198160345219193,0.8178705899041768,1.3442772836838168,Gold,3,2,4,9,Promo-Dependent
811,52,Male,Scarf,Accessories,83,South Dakota,S,Lavender,Fall,4.9,1,Store Pickup,1,1,32,Debit Card,Bi-Weekly,26,0.6557133899698174,75.53899349112385,2.3996554557680767,0.8191426779939636,1.3870619946091645,Gold,4,2,4,10,Promo-Dependent
812,18,Male,Sneakers,Footwear,35,Illinois,M,Green,Winter,2.7,1,Free Shipping,1,1,36,Venmo,Quarterly,4,0.413506648637333,5.9272356262775965,-2.7198160345219193,0.422085945112082,0.5808605546781924,Gold,4,1,1,6,Occasional Buyer
813,64,Male,Boots,Footwear,56,Alaska,M,Olive,Summer,3.2,1,Standard,1,1,32,Credit Card,Weekly,52,0.9557133899698174,200.92790811620415,-2.7198160345219193,0.7751426779939635,0.9293768874851079,Gold,4,3,3,10,Promo-Dependent
814,54,Male,Handbag,Accessories,45,Montana,S,Olive,Summer,2.9,1,Store Pickup,1,1,14,Debit Card,Annually,1,0.28703900037856545,1.0989693992562246,2.3996554557680767,0.4092539539218669,0.7520215633423181,Silver,2,1,2,5,At-Risk / One-Timer
815,31,Male,Shirt,Clothing,62,Minnesota,M,Pink,Winter,3.8,1,Express,1,1,8,PayPal,Monthly,12,0.3619937886253162,17.997468436699005,0.4712640708417055,0.5745526038789094,1.032897260799509,Bronze,1,2,3,6,Occasional Buyer
816,30,Male,Hat,Accessories,84,West Virginia,L,Teal,Spring,3.0,1,Next Day Air,1,1,27,Venmo,Bi-Weekly,26,0.638998197930395,73.80999982019345,2.3996554557680767,0.587799639586079,1.4037735849056605,Gold,3,2,4,9,Promo-Dependent
817,26,Male,Sweater,Clothing,24,Illinois,L,Cyan,Summer,3.9,1,Store Pickup,1,1,24,Debit Card,Monthly,12,0.4659303659779684,17.997263893421707,0.4712640708417055,0.6073399193494399,0.3998311977288422,Silver,3,2,1,6,Occasional Buyer
818,25,Male,Handbag,Accessories,21,Nevada,S,Gray,Spring,4.7,1,Store Pickup,1,1,30,PayPal,Fortnightly,26,0.6493529495208838,52.186615888744775,2.3996554557680767,0.7938705899041768,0.3509433962264151,Gold,3,2,1,6,Occasional Buyer
819,59,Male,Shirt,Clothing,91,Idaho,M,Peach,Winter,4.9,1,Store Pickup,1,1,34,Debit Card,Monthly,12,0.5001610026390428,27.139467701023428,0.4712640708417055,0.7341860466816549,1.51602662472186,Gold,4,2,5,11,Loyal Promo-User
820,55,Male,Sunglasses,Accessories,36,Colorado,S,Teal,Winter,4.8,1,Next Day Air,1,1,28,Debit Card,Quarterly,4,0.38872202129983363,5.614573239003356,2.3996554557680767,0.6691290196445822,0.6016172506738545,Gold,3,1,2,6,Occasional Buyer
821,56,Male,Sneakers,Footwear,39,Louisiana,M,Turquoise,Spring,2.5,1,2-Day Shipping,1,1,27,Debit Card,Monthly,12,0.4774597363919335,21.135496940914315,-2.7198160345219193,0.44164579343223287,0.6472446180699859,Gold,3,2,2,7,Occasional Buyer
822,62,Male,Hoodie,Clothing,39,Vermont,M,Green,Spring,3.9,1,Standard,1,1,31,Credit Card,Bi-Weekly,26,0.6525828687777642,62.58978795526666,0.4712640708417055,0.6985165737555528,0.6497256963093685,Gold,4,2,2,8,Promo-Dependent
823,35,Male,Shirt,Clothing,59,Mississippi,L,Magenta,Winter,3.4,1,Standard,1,1,23,Bank Transfer,Annually,1,0.334854307887009,1.3710089146338202,0.4712640708417055,0.4788170154235556,0.9829183610834037,Silver,3,1,3,7,Occasional Buyer
824,51,Male,Sunglasses,Accessories,27,Georgia,M,Green,Winter,2.5,1,Free Shipping,1,1,11,Credit Card,Quarterly,4,0.2989531187468407,3.9846917224766636,2.3996554557680767,0.37517523913398354,0.45121293800539086,Bronze,2,1,1,4,At-Risk / One-Timer
825,61,Male,Blouse,Clothing,94,Georgia,M,White,Spring,3.0,1,Store Pickup,1,1,48,Cash,Quarterly,4,0.44208394699242487,8.052783481425449,0.4712640708417055,0.46380140478310034,1.5660055244379651,Platinum,5,1,5,11,Loyal Promo-User
826,27,Male,Belt,Accessories,94,Nebraska,XL,Brown,Fall,3.6,1,Next Day Air,1,1,17,Cash,Monthly,12,0.43251036238086904,23.635187335488183,2.3996554557680767,0.56465591863002,1.57088948787062,Silver,2,2,5,9,Promo-Dependent
827,54,Male,Dress,Clothing,94,Massachusetts,M,Purple,Winter,3.6,1,Standard,1,1,36,PayPal,Weekly,52,0.9673528024834868,229.07068980923776,0.4712640708417055,0.8254705604966974,1.5660055244379651,Gold,4,3,5,12,Loyal Promo-User
828,31,Male,Shoes,Footwear,51,Colorado,S,Green,Fall,4.1,1,Free Shipping,1,1,33,Bank Transfer,Fortnightly,26,0.658750448673664,67.6749728832973,-2.7198160345219193,0.7237500897347328,0.8463968082453661,Gold,4,2,2,8,Promo-Dependent
829,24,Male,Socks,Clothing,62,Nevada,M,Peach,Fall,3.7,1,2-Day Shipping,1,1,27,PayPal,Bi-Weekly,26,0.638998197930395,68.83384622262277,0.4712640708417055,0.671799639586079,1.032897260799509,Gold,3,2,3,8,Promo-Dependent
830,42,Male,Socks,Clothing,57,Idaho,S,Silver,Spring,3.7,1,2-Day Shipping,1,1,14,Credit Card,Fortnightly,26,0.5755005388401039,60.756465652973944,0.4712640708417055,0.6591001077680209,0.9495990946060002,Silver,2,2,3,7,Occasional Buyer
831,41,Male,Shorts,Clothing,76,Wyoming,M,Maroon,Fall,4.2,1,Express,1,1,5,Credit Card,Annually,1,0.1938211603759033,0.8419214073108212,0.4712640708417055,0.5466103859213345,1.2661321261413336,Bronze,1,1,4,6,Occasional Buyer
832,66,Male,Gloves,Accessories,63,Washington,M,Red,Summer,4.3,1,Express,1,1,47,Cash,Every 3 Months,4,0.43998626625794646,7.319405758603031,2.3996554557680767,0.6193818686362047,1.0528301886792453,Platinum,5,1,3,9,Promo-Dependent
833,58,Male,Jacket,Outerwear,80,California,L,Blue,Fall,2.5,1,Express,1,1,28,Cash,Bi-Weekly,26,0.6425681751459875,73.41706252633212,3.3361111111111157,0.5285136350291976,1.3992658173180739,Gold,3,2,4,9,Promo-Dependent
834,43,Male,Handbag,Accessories,68,Oklahoma,M,Purple,Fall,3.5,1,Standard,1,1,11,Credit Card,Annually,1,0.2643377341314561,1.1192341194964994,2.3996554557680767,0.47671370067244506,1.136388140161725,Bronze,2,1,3,6,Occasional Buyer
835,52,Male,Backpack,Accessories,89,Nevada,M,Indigo,Summer,3.1,1,Free Shipping,1,1,18,Credit Card,Weekly,52,0.8995492938099867,210.48563178369682,2.3996554557680767,0.7519098587619975,1.4873315363881403,Silver,2,3,5,10,Promo-Dependent
836,35,Male,Boots,Footwear,26,Maryland,L,Indigo,Summer,2.5,1,Next Day Air,1,1,21,Debit Card,Weekly,52,0.9144638386434814,156.72402886550904,-2.7198160345219193,0.6828927677286962,0.43149641204665723,Silver,3,3,1,7,Occasional Buyer
837,23,Male,Gloves,Accessories,90,West Virginia,L,Violet,Winter,3.9,1,Store Pickup,1,1,22,Cash,Bi-Weekly,26,0.6189860903121072,72.59614153703771,2.3996554557680767,0.6917972180624214,1.5040431266846361,Silver,3,2,5,10,Promo-Dependent
838,25,Male,Hoodie,Clothing,28,Illinois,L,Brown,Spring,4.9,1,Express,1,1,33,Cash,Every 3 Months,4,0.40490429482751017,5.453730174065155,0.4712640708417055,0.6843654743501174,0.4664697306836492,Gold,4,1,1,6,Occasional Buyer
839,33,Male,Coat,Outerwear,29,Kentucky,M,Gray,Spring,4.3,1,Express,1,1,49,Credit Card,Annually,1,0.40952386281044434,1.392871489919055,3.3361111111111157,0.6017509264082427,0.5072338587778017,Platinum,5,1,1,7,Occasional Buyer
840,48,Male,Shirt,Clothing,31,Illinois,L,Teal,Spring,2.6,1,Free Shipping,1,1,10,Debit Card,Every 3 Months,4,0.2901011110417747,4.021655343918275,0.4712640708417055,0.38540483759297034,0.5164486303997545,Bronze,1,1,1,3,At-Risk / One-Timer
841,42,Male,Shirt,Clothing,24,Alabama,L,Teal,Summer,4.2,1,2-Day Shipping,1,1,18,PayPal,Weekly,52,0.8995492938099867,150.56794870635585,0.4712640708417055,0.8839098587619973,0.3998311977288422,Silver,2,3,1,6,Occasional Buyer
842,55,Male,Sweater,Clothing,88,Texas,M,Beige,Summer,2.6,1,Store Pickup,1,1,28,PayPal,Fortnightly,26,0.6425681751459875,74.99062690580998,0.4712640708417055,0.5405136350291976,1.4660477250057546,Gold,3,2,5,10,Promo-Dependent
843,59,Male,Shirt,Clothing,87,Missouri,M,Violet,Spring,3.6,1,Express,1,1,25,PayPal,Weekly,52,0.9314589040678263,216.86367260253294,0.4712640708417055,0.8182917808135652,1.449388091767053,Silver,3,3,5,11,Loyal Promo-User
844,65,Male,Hoodie,Clothing,80,Pennsylvania,S,Beige,Summer,3.2,1,Express,1,1,6,PayPal,Weekly,52,0.7979650504192893,182.34407574620622,0.4712640708417055,0.7435930100838579,1.3327706590961406,Bronze,1,3,4,8,Promo-Dependent
845,59,Male,Sandals,Footwear,48,Missouri,L,Purple,Winter,4.4,1,Express,1,1,44,Venmo,Bi-Weekly,26,0.6872666639219928,69.54267717452603,-2.7198160345219193,0.7654533327843985,0.7966087607015211,Platinum,5,2,2,9,Promo-Dependent
846,31,Male,Belt,Accessories,21,Michigan,XL,Charcoal,Winter,3.7,1,Standard,1,1,30,Venmo,Monthly,12,0.48781448798242233,18.09426350060301,2.3996554557680767,0.5877167437503307,0.3509433962264151,Gold,3,2,1,6,Occasional Buyer
847,49,Male,Boots,Footwear,72,Kentucky,M,Pink,Spring,3.7,1,Express,1,1,42,Debit Card,Quarterly,4,0.4287954449459535,7.358917860359165,-2.7198160345219193,0.5451437043738061,1.1949131410522815,Platinum,5,1,4,10,Promo-Dependent
848,53,Male,Hoodie,Clothing,44,New Jersey,L,Blue,Fall,4.1,1,Standard,1,1,30,PayPal,Monthly,12,0.48781448798242233,22.283341360430416,0.4712640708417055,0.6357167437503306,0.7330238625028773,Gold,3,2,2,7,Occasional Buyer
849,48,Male,Sandals,Footwear,73,Delaware,M,Lavender,Fall,3.6,1,Store Pickup,1,1,33,Credit Card,Bi-Weekly,26,0.658750448673664,73.71792509299146,-2.7198160345219193,0.6637500897347328,1.2115091569002299,Gold,4,2,4,10,Promo-Dependent
850,23,Male,Jeans,Clothing,61,Missouri,S,Charcoal,Spring,4.3,1,Express,1,1,24,PayPal,Quarterly,4,0.3736226736702761,6.167963934148311,0.4712640708417055,0.6061091501186706,1.0162376275608072,Silver,3,1,3,7,Occasional Buyer
851,68,Male,Shoes,Footwear,20,Connecticut,L,Turquoise,Winter,2.6,1,Store Pickup,1,1,13,Venmo,Monthly,12,0.40694316263638064,14.867371074295116,-2.7198160345219193,0.4395424786811223,0.3319203169589671,Bronze,2,2,1,5,At-Risk / One-Timer
852,35,Male,Sandals,Footwear,86,Massachusetts,M,Red,Summer,2.9,1,Express,1,1,19,Debit Card,Monthly,12,0.4432290997308591,23.75304521894407,-2.7198160345219193,0.48279966610001795,1.4272573629235585,Silver,2,2,5,9,Promo-Dependent
853,34,Male,Dress,Clothing,60,Florida,L,Yellow,Spring,4.2,1,Next Day Air,1,1,23,Debit Card,Every 3 Months,4,0.3694696925023936,6.0753732100489595,0.4712640708417055,0.5932785538850941,0.9995779943221055,Silver,3,1,3,7,Occasional Buyer
854,62,Male,Hat,Accessories,43,Delaware,L,Orange,Winter,4.0,1,Free Shipping,1,1,35,Cash,Monthly,12,0.5030269361364219,22.84259180770933,2.3996554557680767,0.6267592333811306,0.7185983827493262,Gold,4,2,2,8,Promo-Dependent
855,21,Male,Pants,Clothing,44,California,L,Blue,Spring,4.3,1,Free Shipping,1,1,22,Venmo,Monthly,12,0.4574476287736457,20.89618475384418,0.4712640708417055,0.6536433719085754,0.7330238625028773,Silver,3,2,2,7,Occasional Buyer
856,70,Male,Socks,Clothing,76,Oregon,L,Gold,Spring,3.0,1,2-Day Shipping,1,1,14,Credit Card,Quarterly,4,0.32165438499395005,5.58881624599893,0.4712640708417055,0.4397154923834054,1.2661321261413336,Silver,2,1,4,7,Occasional Buyer
857,55,Male,Shirt,Clothing,33,Alaska,M,Gold,Summer,3.5,1,Express,1,1,47,Debit Card,Fortnightly,26,0.6938324201041003,63.6142846808039,0.4712640708417055,0.65876648402082,0.549767896877158,Platinum,5,2,1,8,Promo-Dependent
858,43,Male,Shorts,Clothing,60,Missouri,L,Cyan,Fall,3.0,1,Standard,1,1,50,Debit Card,Every 3 Months,4,0.4461538461538462,7.3363287422169865,0.4712640708417055,0.4646153846153846,0.9995779943221055,Platinum,5,1,3,9,Promo-Dependent
859,19,Male,Jacket,Outerwear,26,Oklahoma,L,Olive,Fall,3.1,1,Free Shipping,1,1,33,PayPal,Weekly,52,0.958750448673664,164.31402384991637,3.3361111111111157,0.7637500897347329,0.454761390628374,Gold,4,3,1,8,Promo-Dependent
860,47,Male,Hoodie,Clothing,73,Wisconsin,M,Teal,Winter,4.0,1,Next Day Air,1,1,7,Debit Card,Monthly,12,0.350011259728197,18.07765494269462,0.4712640708417055,0.5961560980994856,1.2161532264252284,Bronze,1,2,4,7,Occasional Buyer
861,26,Male,Shoes,Footwear,87,South Carolina,M,Maroon,Spring,4.1,1,Standard,1,1,3,Cash,Monthly,12,0.27949468597264415,15.016702163476143,-2.7198160345219193,0.594052783348375,1.4438533787715069,Bronze,1,2,5,8,Promo-Dependent
862,46,Male,Skirt,Clothing,100,Virginia,XL,Green,Spring,3.882282698837442,1,2-Day Shipping,1,1,35,Credit Card,Every 3 Months,4,0.41071924382872965,7.582075235421993,0.4712640708417055,0.5634023880108543,1.6659633238701756,Gold,4,1,5,10,Promo-Dependent
863,19,Male,Coat,Outerwear,84,Arkansas,M,Charcoal,Winter,4.9,1,Standard,1,1,13,PayPal,Fortnightly,26,0.5684816241748422,65.66470565023248,3.3361111111111157,0.8016963248349684,1.4692291081839775,Bronze,2,2,4,8,Promo-Dependent
864,49,Male,Sneakers,Footwear,41,Vermont,M,Cyan,Summer,3.9,1,Standard,1,1,42,PayPal,Fortnightly,26,0.6826415987921073,66.33870786352274,-2.7198160345219193,0.7045283197584215,0.6804366497658826,Platinum,5,2,2,9,Promo-Dependent
865,51,Male,Jeans,Clothing,59,Kentucky,S,Charcoal,Winter,3.9,1,Next Day Air,1,1,5,PayPal,Annually,1,0.1938211603759033,0.7935706140286574,0.4712640708417055,0.5106103859213345,0.9829183610834037,Bronze,1,1,3,5,At-Risk / One-Timer
866,64,Male,Blouse,Clothing,26,Colorado,L,Charcoal,Winter,4.8,1,Store Pickup,1,1,23,Venmo,Annually,1,0.334854307887009,1.1036251726743684,0.4712640708417055,0.6468170154235556,0.4331504642062457,Silver,3,1,1,5,At-Risk / One-Timer
867,67,Male,Sunglasses,Accessories,69,New Mexico,M,Lavender,Summer,2.7,1,Free Shipping,1,1,11,PayPal,Bi-Weekly,26,0.5527992725929946,61.06269206491179,2.3996554557680767,0.534559854518599,1.1530997304582211,Bronze,2,2,4,8,Promo-Dependent
868,37,Male,Jacket,Outerwear,20,Colorado,M,Turquoise,Spring,3.1,1,Free Shipping,1,1,23,Bank Transfer,Fortnightly,26,0.6233158463485474,49.34017607991468,3.3361111111111157,0.5966631692697095,0.34981645432951847,Silver,3,2,1,6,Occasional Buyer
869,40,Male,Dress,Clothing,83,North Carolina,M,Green,Summer,3.2,1,Next Day Air,1,1,2,Credit Card,Every 3 Months,4,0.15791997123573503,2.7988578456965905,0.4712640708417055,0.4309686096317624,1.3827495588122458,Bronze,1,1,4,6,Occasional Buyer
870,38,Male,Hat,Accessories,54,New Hampshire,M,Silver,Spring,2.7,1,2-Day Shipping,1,1,33,PayPal,Weekly,52,0.958750448673664,199.78568944497772,2.3996554557680767,0.7157500897347329,0.9024258760107817,Gold,4,3,3,10,Promo-Dependent
871,66,Male,Hoodie,Clothing,66,West Virginia,M,Blue,Fall,2.5,1,Standard,1,1,6,Bank Transfer,Bi-Weekly,26,0.49796505041928935,54.438539277528534,0.4712640708417055,0.4995930100838579,1.099535793754316,Bronze,1,2,3,6,Occasional Buyer
872,47,Male,Handbag,Accessories,42,Hawaii,M,Charcoal,Spring,2.6,1,Next Day Air,1,1,45,Debit Card,Quarterly,4,0.43565651022150625,6.554365266591132,2.3996554557680767,0.41451591742891664,0.7018867924528303,Platinum,5,1,2,8,Promo-Dependent
873,56,Male,Jeans,Clothing,33,North Dakota,M,Pink,Spring,2.9,1,Standard,1,1,25,Cash,Quarterly,4,0.3776127502216725,5.326394783893795,0.4712640708417055,0.43890716542894986,0.549767896877158,Silver,3,1,1,5,At-Risk / One-Timer
874,51,Male,Boots,Footwear,77,Mississippi,M,Pink,Summer,4.2,1,Free Shipping,1,1,24,Venmo,Quarterly,4,0.3736226736702761,6.5110608009226265,-2.7198160345219193,0.5941091501186706,1.2778932202920232,Silver,3,1,4,8,Promo-Dependent
875,25,Male,Jacket,Outerwear,65,Maine,M,Magenta,Fall,4.4,1,Free Shipping,1,1,10,Venmo,Every 3 Months,4,0.2901011110417747,4.861693982173224,3.3361111111111157,0.6014048375929703,1.136903476570935,Bronze,1,1,3,5,At-Risk / One-Timer
876,37,Male,Sandals,Footwear,39,North Dakota,L,Gray,Summer,4.1,1,Free Shipping,1,1,7,Bank Transfer,Every 3 Months,4,0.2577035674205047,3.8025495804374616,-2.7198160345219193,0.5589253288687163,0.6472446180699859,Bronze,1,1,2,4,At-Risk / One-Timer
877,41,Male,Belt,Accessories,51,Nebraska,L,Gray,Summer,3.8,1,2-Day Shipping,1,1,1,Debit Card,Weekly,52,0.6705165737555528,137.76746881333116,2.3996554557680767,0.7901033147511105,0.8522911051212938,Bronze,1,3,2,6,Occasional Buyer
878,64,Male,Handbag,Accessories,65,Nebraska,M,Orange,Winter,4.9,1,Next Day Air,1,1,45,Venmo,Every 3 Months,4,0.43565651022150625,7.30100145577687,2.3996554557680767,0.6905159174289166,1.0862533692722371,Platinum,5,1,3,9,Promo-Dependent
879,23,Male,Sunglasses,Accessories,89,Tennessee,S,Black,Summer,4.9,1,Express,1,1,37,Debit Card,Weekly,52,0.9700658675655396,226.98581212989413,2.3996554557680767,0.9820131735131079,1.4873315363881403,Gold,4,3,5,12,Loyal Promo-User
880,62,Male,Skirt,Clothing,76,Wyoming,S,Lavender,Spring,4.1,1,Free Shipping,1,1,14,PayPal,Quarterly,4,0.32165438499395005,5.58881624599893,0.4712640708417055,0.5717154923834054,1.2661321261413336,Silver,2,1,4,7,Occasional Buyer
881,39,Male,Backpack,Accessories,75,Nevada,L,Red,Spring,3.1,1,Express,1,1,25,Debit Card,Monthly,12,0.4699204425293648,24.421201532928325,2.3996554557680767,0.5121379346597191,1.2533692722371967,Silver,3,2,4,9,Promo-Dependent
882,52,Male,Sandals,Footwear,61,South Carolina,M,Silver,Summer,2.7,1,Next Day Air,1,1,18,Venmo,Annually,1,0.31108775534844835,1.2839009718650762,-2.7198160345219193,0.3900637049158435,1.0123569667248498,Silver,2,1,3,6,Occasional Buyer
883,50,Male,Boots,Footwear,35,Virginia,M,Cyan,Fall,3.8,1,Next Day Air,1,1,37,Cash,Every 3 Months,4,0.41621971371938576,5.966124906688797,-2.7198160345219193,0.5546285581284925,0.5808605546781924,Gold,4,1,1,6,Occasional Buyer
884,28,Male,Sneakers,Footwear,37,Pennsylvania,S,Gold,Fall,4.3,1,Free Shipping,1,1,30,Bank Transfer,Monthly,12,0.48781448798242233,21.293606759986474,-2.7198160345219193,0.6597167437503307,0.6140525863740891,Gold,3,2,2,7,Occasional Buyer
885,67,Male,Skirt,Clothing,91,Hawaii,L,Yellow,Winter,4.1,1,Express,1,1,34,Bank Transfer,Weekly,52,0.9616994641775043,226.12728588694512,0.4712640708417055,0.8843398928355009,1.51602662472186,Gold,4,3,5,12,Loyal Promo-User
886,41,Male,Dress,Clothing,99,Ohio,L,Purple,Fall,4.4,1,Free Shipping,1,1,49,Debit Card,Every 3 Months,4,0.44413924742582894,8.181347282690464,0.4712640708417055,0.6322124648697811,1.649303690631474,Platinum,5,1,5,11,Loyal Promo-User
887,19,Male,Shorts,Clothing,54,Utah,S,Brown,Summer,3.6,1,Express,1,1,48,Bank Transfer,Monthly,12,0.5343916393001171,25.69782420093768,0.4712640708417055,0.5850321740138695,0.8996201948898949,Platinum,5,2,3,10,Promo-Dependent
888,70,Male,Handbag,Accessories,47,Minnesota,L,Turquoise,Winter,3.3,1,2-Day Shipping,1,1,33,PayPal,Fortnightly,26,0.658750448673664,66.30404047387938,2.3996554557680767,0.6277500897347328,0.78544474393531,Gold,4,2,2,8,Promo-Dependent
889,49,Male,Scarf,Accessories,77,New Hampshire,S,Gold,Spring,3.993633331960996,1,Express,1,1,44,Cash,Annually,1,0.3988051254604543,1.7374778102226114,2.3996554557680767,0.5628431787735642,1.2867924528301888,Platinum,5,1,4,10,Promo-Dependent
890,59,Male,Belt,Accessories,84,Arizona,S,Olive,Fall,2.8,1,Free Shipping,1,1,50,Venmo,Weekly,52,1.0,231.01786533749646,2.3996554557680767,0.736,1.4037735849056605,Platinum,5,3,4,12,Loyal Promo-User
891,52,Male,Gloves,Accessories,51,New York,S,Purple,Spring,4.3,1,2-Day Shipping,1,1,47,Credit Card,Monthly,12,0.5322939585656388,25.238677922655874,2.3996554557680767,0.668612637866974,0.8522911051212938,Platinum,5,2,2,9,Promo-Dependent
892,20,Male,Skirt,Clothing,26,Pennsylvania,S,Lavender,Summer,3.9,1,Store Pickup,1,1,24,PayPal,Every 3 Months,4,0.3736226736702761,4.925597527430403,0.4712640708417055,0.5581091501186706,0.4331504642062457,Silver,3,1,1,5,At-Risk / One-Timer
893,31,Male,Shorts,Clothing,64,New Mexico,L,Gray,Summer,2.7,1,Free Shipping,1,1,43,Debit Card,Monthly,12,0.5234419508605727,26.220592994420546,0.4712640708417055,0.4748422363259607,1.0662165272769124,Platinum,5,2,3,10,Promo-Dependent
894,33,Male,Backpack,Accessories,51,Nebraska,M,Red,Spring,4.7,1,Express,1,1,14,Venmo,Monthly,12,0.41396207730164236,19.627980692028405,2.3996554557680767,0.6929462616141747,0.8522911051212938,Silver,2,2,2,6,Occasional Buyer
895,44,Male,Hoodie,Clothing,60,Wyoming,L,Purple,Spring,3.8,1,Free Shipping,1,1,3,Debit Card,Quarterly,4,0.18718699366495184,3.078008479881703,0.4712640708417055,0.5088220141176057,0.9995779943221055,Bronze,1,1,3,5,At-Risk / One-Timer
896,40,Male,Hat,Accessories,69,Mississippi,XL,Olive,Spring,4.7,1,Next Day Air,1,1,33,Debit Card,Quarterly,4,0.40490429482751017,6.880935880240112,2.3996554557680767,0.6603654743501174,1.1530997304582211,Gold,4,1,4,9,Promo-Dependent
897,69,Male,Jewelry,Accessories,29,Arkansas,M,Lavender,Spring,4.7,1,Express,1,1,38,Cash,Fortnightly,26,0.6727084553941624,59.48837016482407,2.3996554557680767,0.7985416910788325,0.4846361185983828,Gold,4,2,1,7,Occasional Buyer
898,29,Male,Shirt,Clothing,91,Illinois,M,Gray,Spring,3.4,1,Express,1,1,46,Venmo,Weekly,52,0.9916905744410976,233.1791857966977,0.4712640708417055,0.8063381148882195,1.51602662472186,Platinum,5,3,5,13,Loyal Promo-User
899,54,Male,Belt,Accessories,70,Nevada,L,Red,Spring,3.5,1,2-Day Shipping,1,1,19,Bank Transfer,Every 3 Months,4,0.3509214074231668,5.983462487383,2.3996554557680767,0.5055688968692488,1.169811320754717,Silver,2,1,4,7,Occasional Buyer
900,65,Male,Sweater,Clothing,58,Rhode Island,M,Peach,Summer,4.0,1,Standard,1,1,20,PayPal,Annually,1,0.3212696370396398,1.309988974619131,0.4712640708417055,0.5481000812540817,0.9662587278447019,Silver,2,1,3,6,Occasional Buyer
901,54,Male,Hat,Accessories,98,West Virginia,L,Gray,Fall,3.3,1,Free Shipping,1,1,42,Bank Transfer,Quarterly,4,0.4287954449459535,7.881465842873778,2.3996554557680767,0.49714370437380606,1.6377358490566039,Platinum,5,1,5,11,Loyal Promo-User
902,60,Male,Scarf,Accessories,68,Missouri,L,Violet,Summer,4.7,1,2-Day Shipping,1,1,34,Cash,Monthly,12,0.5001610026390428,25.4128194554383,2.3996554557680767,0.7101860466816549,1.136388140161725,Gold,4,2,3,9,Promo-Dependent
903,43,Male,Hat,Accessories,44,Kentucky,M,Beige,Summer,2.8,1,Next Day Air,1,1,5,Cash,Monthly,12,0.3207442372989802,14.651580683232218,2.3996554557680767,0.44630269361364217,0.7353099730458221,Bronze,1,2,2,5,At-Risk / One-Timer
904,44,Male,Jacket,Outerwear,45,Washington,M,Blue,Winter,3.3,1,Express,1,1,3,PayPal,Quarterly,4,0.18718699366495184,2.8666874913199063,3.3361111111111157,0.4488220141176057,0.7870870222414165,Bronze,1,1,2,4,At-Risk / One-Timer
905,69,Male,T-shirt,Clothing,99,Alaska,L,Magenta,Spring,2.9,1,Free Shipping,1,1,46,PayPal,Every 3 Months,4,0.43784442059494383,8.065392287300263,0.4712640708417055,0.45095349950360414,1.649303690631474,Platinum,5,1,5,11,Loyal Promo-User
906,46,Male,Dress,Clothing,68,Mississippi,S,Cyan,Spring,2.8,1,Standard,1,1,16,Venmo,Annually,1,0.2997723364565727,1.2692679996890928,0.4712640708417055,0.39980062113746834,1.1328550602317196,Silver,2,1,3,6,Occasional Buyer
907,41,Male,Pants,Clothing,56,South Carolina,M,Red,Spring,4.2,1,Standard,1,1,21,Debit Card,Bi-Weekly,26,0.6144638386434813,64.5920288485163,0.4712640708417055,0.7268927677286963,0.9329394613672984,Silver,3,2,3,8,Promo-Dependent
908,32,Male,Sweater,Clothing,43,Missouri,L,Cyan,Winter,4.4,1,Express,1,1,34,Credit Card,Bi-Weekly,26,0.6616994641775042,65.10390258085425,0.4712640708417055,0.7603398928355009,0.7163642292641755,Gold,4,2,2,8,Promo-Dependent
909,26,Male,Sunglasses,Accessories,99,New Jersey,M,Turquoise,Winter,3.6,1,Free Shipping,1,1,9,PayPal,Every 3 Months,4,0.28040483366761404,5.165247920052185,2.3996554557680767,0.5034655821181382,1.6544474393531,Bronze,1,1,5,7,Occasional Buyer
910,61,Male,Belt,Accessories,56,Louisiana,L,Silver,Fall,2.7,1,Express,1,1,36,PayPal,Weekly,52,0.9673528024834868,203.37496267525665,2.3996554557680767,0.7174705604966973,0.9358490566037736,Gold,4,3,3,10,Promo-Dependent
911,49,Male,Hoodie,Clothing,25,South Carolina,S,Pink,Spring,3.4,1,Express,1,1,22,Credit Card,Monthly,12,0.4574476287736457,17.884902427602615,0.4712640708417055,0.5456433719085753,0.4164908309675439,Silver,3,2,1,6,Occasional Buyer
912,53,Male,Pants,Clothing,74,Vermont,M,Black,Winter,2.8,1,2-Day Shipping,1,1,2,Bank Transfer,Quarterly,4,0.15791997123573503,2.727270394801128,0.4712640708417055,0.3829686096317624,1.23281285966393,Bronze,1,1,4,6,Occasional Buyer
913,24,Male,Hoodie,Clothing,56,Arkansas,M,Green,Winter,3.4,1,Next Day Air,1,1,32,Bank Transfer,Monthly,12,0.4941749284313559,23.9756948511173,0.4712640708417055,0.5529888318401173,0.9329394613672984,Gold,4,2,3,9,Promo-Dependent
914,37,Male,Sneakers,Footwear,47,Utah,M,Yellow,Fall,2.6,1,Next Day Air,1,1,29,Cash,Every 3 Months,4,0.39217095874950286,6.072690447839169,-2.7198160345219193,0.40581880713451596,0.7800127448535726,Gold,3,1,2,6,Occasional Buyer
915,43,Male,Dress,Clothing,67,Washington,L,Purple,Summer,4.1,1,Standard,1,1,27,Venmo,Every 3 Months,4,0.3851520440842412,6.500608070711134,0.4712640708417055,0.5844150242014636,1.1161954269930177,Gold,3,1,3,7,Occasional Buyer
916,31,Male,Dress,Clothing,22,Rhode Island,L,Purple,Winter,2.9,1,Store Pickup,1,1,33,Credit Card,Fortnightly,26,0.658750448673664,53.70321376048214,0.4712640708417055,0.5797500897347327,0.36651193125143866,Gold,4,2,1,7,Occasional Buyer
917,49,Male,Jeans,Clothing,34,Illinois,S,Blue,Spring,2.7,1,Standard,1,1,16,Venmo,Monthly,12,0.4266954133796496,18.204608529669134,0.4712640708417055,0.4554929288297761,0.5664275301158598,Silver,2,2,1,5,At-Risk / One-Timer
918,69,Male,Sweater,Clothing,64,Missouri,M,Maroon,Spring,3.7,1,Standard,1,1,11,Bank Transfer,Quarterly,4,0.2989531187468407,4.991784372769642,0.4712640708417055,0.5191752391339836,1.0662165272769124,Bronze,2,1,3,6,Occasional Buyer
919,65,Male,Shorts,Clothing,42,North Carolina,M,Orange,Spring,4.3,1,2-Day Shipping,1,1,11,Cash,Fortnightly,26,0.5527992725929946,54.058905888834296,0.4712640708417055,0.726559854518599,0.6997045960254739,Bronze,2,2,2,6,Occasional Buyer
920,41,Male,Shirt,Clothing,82,Massachusetts,L,Green,Winter,2.6,1,2-Day Shipping,1,1,17,Debit Card,Bi-Weekly,26,0.5940488239193306,68.25018371986228,0.4712640708417055,0.5308097647838661,1.3660899255735441,Silver,2,2,4,8,Promo-Dependent
921,37,Male,Belt,Accessories,81,Arkansas,XL,Gold,Summer,4.3,1,Free Shipping,1,1,37,Cash,Weekly,52,0.9700658675655396,222.2900123451883,2.3996554557680767,0.9100131735131078,1.3536388140161726,Gold,4,3,4,11,Loyal Promo-User
922,70,Male,Coat,Outerwear,24,South Dakota,L,Silver,Summer,4.1,1,Express,1,1,18,PayPal,Weekly,52,0.8995492938099867,150.56794870635585,3.3361111111111157,0.8719098587619973,0.41977974519542216,Silver,2,3,1,6,Occasional Buyer
923,63,Male,Sneakers,Footwear,60,Georgia,M,Cyan,Fall,4.2,1,Standard,1,1,13,Credit Card,Monthly,12,0.40694316263638064,20.07470413783112,-2.7198160345219193,0.6315424786811223,0.9957609508769013,Bronze,2,2,3,7,Occasional Buyer
924,55,Male,Shirt,Clothing,24,Arkansas,M,Silver,Spring,4.2,1,2-Day Shipping,1,1,7,PayPal,Weekly,52,0.8115497212666585,135.8384444801162,0.4712640708417055,0.8663099442533316,0.3998311977288422,Bronze,1,3,1,5,At-Risk / One-Timer
925,52,Male,Socks,Clothing,78,Kansas,XL,Beige,Winter,3.1,1,Standard,1,1,37,Cash,Quarterly,4,0.41621971371938576,7.2746013370624345,0.4712640708417055,0.4706285581284925,1.299451392618737,Gold,4,1,4,9,Promo-Dependent
926,22,Male,Jeans,Clothing,88,Arizona,L,Teal,Winter,4.9,1,Express,1,1,8,Cash,Monthly,12,0.3619937886253162,19.498301822888674,0.4712640708417055,0.7065526038789095,1.4660477250057546,Bronze,1,2,5,8,Promo-Dependent
927,54,Male,Jeans,Clothing,63,Massachusetts,XL,Green,Spring,4.4,1,Express,1,1,11,Cash,Bi-Weekly,26,0.5527992725929946,59.774716125293956,0.4712640708417055,0.738559854518599,1.0495568940382107,Bronze,2,2,3,7,Occasional Buyer
928,28,Male,Sneakers,Footwear,78,New Mexico,L,Black,Summer,4.4,1,Standard,1,1,8,Venmo,Bi-Weekly,26,0.5235322501637778,59.47621852055901,-2.7198160345219193,0.7327064500327556,1.2944892361399718,Bronze,1,2,4,7,Occasional Buyer
929,67,Male,Dress,Clothing,37,Arkansas,XL,Yellow,Winter,3.4,1,Store Pickup,1,1,31,Cash,Every 3 Months,4,0.3987367149316104,5.801756622439965,0.4712640708417055,0.5031319583709375,0.616406429831965,Gold,4,1,2,7,Occasional Buyer
930,59,Male,Boots,Footwear,94,Nebraska,M,White,Fall,4.5,1,2-Day Shipping,1,1,26,Debit Card,Fortnightly,26,0.6352983752456667,75.21983534786787,-2.7198160345219193,0.7670596750491334,1.5600254897071453,Gold,3,2,5,10,Promo-Dependent
931,26,Male,T-shirt,Clothing,78,Hawaii,L,Green,Fall,4.5,1,Store Pickup,1,1,20,Credit Card,Bi-Weekly,26,0.6097311755011783,69.26890295977121,0.4712640708417055,0.7619462351002357,1.299451392618737,Silver,2,2,4,8,Promo-Dependent
932,24,Male,Coat,Outerwear,36,Nebraska,M,Silver,Winter,4.1,1,Standard,1,1,24,Bank Transfer,Fortnightly,26,0.62746882751643,58.909199151528604,3.3361111111111157,0.717493765503286,0.6296696177931332,Silver,3,2,2,7,Occasional Buyer
933,62,Male,Skirt,Clothing,24,Indiana,L,Blue,Winter,3.2,1,Standard,1,1,45,Debit Card,Bi-Weekly,26,0.68950266406766,57.70500987028988,0.4712640708417055,0.621900532813532,0.3998311977288422,Platinum,5,2,1,8,Promo-Dependent
934,70,Male,Sneakers,Footwear,84,Colorado,M,Magenta,Spring,2.7,1,Store Pickup,1,1,33,Debit Card,Monthly,12,0.4972119871352025,26.507273512659054,-2.7198160345219193,0.4695962435808867,1.3940653312276619,Gold,4,2,4,10,Promo-Dependent
935,45,Male,Jeans,Clothing,47,Oregon,S,Yellow,Spring,3.7,1,Express,1,1,21,Bank Transfer,Monthly,12,0.45292537710501984,21.040382132577488,0.4712640708417055,0.5807389215748502,0.7830027622189826,Silver,3,2,2,7,Occasional Buyer
936,58,Male,Hoodie,Clothing,51,Ohio,L,White,Fall,2.6,1,Store Pickup,1,1,2,Bank Transfer,Fortnightly,26,0.41176612508188887,42.30169619661512,0.4712640708417055,0.4943532250163778,0.8496412951737896,Bronze,1,2,2,5,At-Risk / One-Timer
937,31,Male,Shoes,Footwear,84,Maine,M,Pink,Summer,2.7,1,Free Shipping,1,1,28,Cash,Weekly,52,0.9425681751459875,217.7500877572855,-2.7198160345219193,0.7125136350291975,1.3940653312276619,Gold,3,3,4,10,Promo-Dependent
938,32,Male,Shorts,Clothing,24,Iowa,M,Magenta,Summer,2.7,1,Express,1,1,18,Venmo,Quarterly,4,0.34570313996383295,4.451101919242439,0.4712640708417055,0.408525243377382,0.3998311977288422,Silver,2,1,1,4,At-Risk / One-Timer
939,36,Male,Blouse,Clothing,97,Wisconsin,S,Teal,Fall,4.8,1,Free Shipping,1,1,21,Debit Card,Fortnightly,26,0.6144638386434813,73.24971464198553,0.4712640708417055,0.7988927677286962,1.6159844241540704,Silver,3,2,5,10,Promo-Dependent
940,25,Male,T-shirt,Clothing,89,New York,L,Indigo,Winter,4.8,1,Next Day Air,1,1,24,Credit Card,Monthly,12,0.4659303659779684,25.15917559833818,0.4712640708417055,0.7153399193494397,1.4827073582444563,Silver,3,2,5,10,Promo-Dependent
941,48,Male,Belt,Accessories,44,Colorado,S,Maroon,Spring,2.6,1,Store Pickup,1,1,15,PayPal,Every 3 Months,4,0.3282201411760575,4.997693199208068,2.3996554557680767,0.3930286436198269,0.7353099730458221,Silver,2,1,2,5,At-Risk / One-Timer
942,39,Male,Handbag,Accessories,35,Illinois,L,Black,Winter,4.5,1,2-Day Shipping,1,1,38,PayPal,Every 3 Months,4,0.4188623015480085,6.00400396081041,2.3996554557680767,0.6391570756942171,0.5849056603773585,Gold,4,1,1,6,Occasional Buyer
943,26,Male,Dress,Clothing,91,Arizona,M,Cyan,Winter,3.2,1,Express,1,1,38,PayPal,Bi-Weekly,26,0.6727084553941624,79.0879806414263,0.4712640708417055,0.6185416910788325,1.51602662472186,Gold,4,2,5,11,Loyal Promo-User
944,32,Male,Hat,Accessories,63,Oklahoma,L,Cyan,Winter,3.8,1,Next Day Air,1,1,13,Venmo,Fortnightly,26,0.5684816241748422,61.47046385952112,2.3996554557680767,0.6696963248349683,1.0528301886792453,Bronze,2,2,3,7,Occasional Buyer
945,54,Male,Belt,Accessories,97,Indiana,S,Gray,Spring,4.8,1,Express,1,1,39,Cash,Bi-Weekly,26,0.6752841350248735,80.50005074673204,2.3996554557680767,0.8110568270049746,1.6210242587601078,Platinum,4,2,5,11,Loyal Promo-User
946,38,Male,Boots,Footwear,38,Minnesota,M,Violet,Summer,4.1,1,Store Pickup,1,1,8,Venmo,Every 3 Months,4,0.2696860963176239,3.9520465558546904,-2.7198160345219193,0.5613218346481401,0.6306486022220374,Bronze,1,1,2,4,At-Risk / One-Timer
947,46,Male,Coat,Outerwear,24,Pennsylvania,XL,Blue,Spring,2.8,1,Next Day Air,1,1,4,PayPal,Quarterly,4,0.20988825991206111,2.702416983018348,3.3361111111111157,0.39336226736702756,0.41977974519542216,Bronze,1,1,1,3,At-Risk / One-Timer
948,57,Male,Blouse,Clothing,32,Indiana,M,Charcoal,Winter,3.9,1,Store Pickup,1,1,6,Cash,Every 3 Months,4,0.2441188965731355,3.4142542710592876,0.4712640708417055,0.5322083946992424,0.5331082636384562,Bronze,1,1,1,3,At-Risk / One-Timer
949,49,Male,Hat,Accessories,90,Alabama,L,Olive,Summer,4.9,1,Express,1,1,11,Venmo,Every 3 Months,4,0.2989531187468407,5.394142070808188,2.3996554557680767,0.6631752391339836,1.5040431266846361,Bronze,2,1,5,8,Promo-Dependent
950,33,Male,Jeans,Clothing,36,Montana,M,Olive,Summer,3.4,1,Standard,1,1,49,Venmo,Monthly,12,0.5364469397335212,23.244790366403382,0.4712640708417055,0.5614432341005504,0.5997467965932632,Platinum,5,2,2,9,Promo-Dependent
951,54,Male,Backpack,Accessories,37,New Mexico,XL,Turquoise,Winter,4.1,1,Free Shipping,1,1,30,PayPal,Quarterly,4,0.39550679567473,5.754760184096518,2.3996554557680767,0.5864859745195613,0.6183288409703505,Gold,3,1,2,6,Occasional Buyer
952,47,Male,Dress,Clothing,51,Alaska,M,Cyan,Summer,2.9,1,Express,1,1,34,Bank Transfer,Monthly,12,0.5001610026390428,23.715096239482882,0.4712640708417055,0.4941860466816547,0.8496412951737896,Gold,4,2,2,8,Promo-Dependent
953,36,Male,Hat,Accessories,71,Idaho,S,Red,Fall,3.1,1,2-Day Shipping,1,1,28,PayPal,Monthly,12,0.48102971360752594,24.68644174110363,2.3996554557680767,0.5143597888753514,1.186522911051213,Gold,3,2,4,9,Promo-Dependent
954,68,Male,Sunglasses,Accessories,50,Utah,S,Cyan,Spring,3.6,1,2-Day Shipping,1,1,36,Venmo,Quarterly,4,0.413506648637333,6.503344161656789,2.3996554557680767,0.530085945112082,0.8355795148247979,Gold,4,1,2,7,Occasional Buyer
955,60,Male,Hat,Accessories,74,Louisiana,S,Turquoise,Fall,3.5,1,Standard,1,1,18,Credit Card,Every 3 Months,4,0.34570313996383295,5.970276790424112,2.3996554557680767,0.5045252433773819,1.236657681940701,Silver,2,1,4,7,Occasional Buyer
956,55,Male,Dress,Clothing,75,Mississippi,L,Lavender,Summer,3.4,1,Free Shipping,1,1,4,PayPal,Monthly,12,0.3021959522197534,15.704761026931935,0.4712640708417055,0.5145930365977969,1.2494724929026317,Bronze,1,2,4,7,Occasional Buyer
957,29,Male,Shirt,Clothing,99,Mississippi,XL,Cyan,Spring,2.9,1,2-Day Shipping,1,1,42,Debit Card,Quarterly,4,0.4287954449459535,7.898703995810413,0.4712640708417055,0.4491437043738061,1.649303690631474,Platinum,5,1,5,11,Loyal Promo-User
958,38,Male,Scarf,Accessories,23,Indiana,XL,Violet,Spring,4.7,1,Store Pickup,1,1,11,Cash,Quarterly,4,0.2989531187468407,3.8003564165114456,2.3996554557680767,0.6391752391339836,0.384366576819407,Bronze,2,1,1,4,At-Risk / One-Timer
959,70,Male,Sneakers,Footwear,53,Washington,XL,Beige,Winter,4.4,1,Free Shipping,1,1,31,Credit Card,Bi-Weekly,26,0.6525828687777642,67.68170896800687,-2.7198160345219193,0.7585165737555528,0.8795888399412628,Gold,4,2,3,9,Promo-Dependent
960,36,Male,Skirt,Clothing,99,Nevada,M,Cyan,Spring,2.6,1,Standard,1,1,12,Cash,Fortnightly,26,0.5609423303122735,67.16410728593192,0.4712640708417055,0.5241884660624547,1.649303690631474,Bronze,2,2,5,9,Promo-Dependent
961,18,Male,Jewelry,Accessories,48,Louisiana,XL,Indigo,Spring,4.4,1,Standard,1,1,20,Venmo,Quarterly,4,0.3558850216550244,5.540162204282255,2.3996554557680767,0.6145616197156203,0.802156334231806,Silver,2,1,2,5,At-Risk / One-Timer
962,62,Male,Boots,Footwear,72,Pennsylvania,L,Olive,Fall,3.7,1,Next Day Air,1,1,37,Debit Card,Quarterly,4,0.41621971371938576,7.143095201277676,-2.7198160345219193,0.5426285581284925,1.1949131410522815,Gold,4,1,4,9,Promo-Dependent
963,29,Male,Sunglasses,Accessories,64,Michigan,L,Green,Spring,4.4,1,Standard,1,1,26,Debit Card,Fortnightly,26,0.6352983752456667,68.9515177054832,2.3996554557680767,0.7550596750491334,1.0695417789757413,Gold,3,2,3,8,Promo-Dependent
964,21,Male,Boots,Footwear,63,South Carolina,L,Green,Spring,2.5,1,2-Day Shipping,1,1,14,Credit Card,Weekly,52,0.8755005388401038,189.33742778362802,-2.7198160345219193,0.6751001077680208,1.0455489984207464,Silver,2,3,3,8,Promo-Dependent
965,42,Male,Sandals,Footwear,51,Arizona,M,Beige,Spring,2.6,1,Next Day Air,1,1,12,Venmo,Bi-Weekly,26,0.5609423303122735,57.62691633745277,-2.7198160345219193,0.5241884660624547,0.8463968082453661,Bronze,2,2,2,6,Occasional Buyer
966,43,Male,Boots,Footwear,55,Delaware,L,Black,Spring,5.0,1,Store Pickup,1,1,10,Credit Card,Annually,1,0.25548572642639006,1.0284199008291672,-2.7198160345219193,0.6549432991314318,0.9127808716371595,Bronze,1,1,3,5,At-Risk / One-Timer
967,58,Male,Dress,Clothing,55,Kentucky,M,Brown,Spring,4.9,1,Express,1,1,19,Cash,Annually,1,0.3163060228077822,1.273242983699017,0.4712640708417055,0.6551073584077104,0.9162798281285967,Silver,2,1,3,6,Occasional Buyer
968,27,Male,Hoodie,Clothing,26,Georgia,S,Silver,Summer,3.7,1,Store Pickup,1,1,4,Cash,Weekly,52,0.7637344137582149,130.8914899084275,0.4712640708417055,0.7967468827516431,0.4331504642062457,Bronze,1,3,1,5,At-Risk / One-Timer
969,57,Male,Shorts,Clothing,67,North Carolina,L,Gray,Summer,3.1,1,Next Day Air,1,1,48,Bank Transfer,Quarterly,4,0.44208394699242487,7.46150648267681,0.4712640708417055,0.47580140478310035,1.1161954269930177,Platinum,5,1,3,9,Promo-Dependent
970,40,Male,Coat,Outerwear,31,California,S,Pink,Fall,3.2,1,Express,1,1,37,PayPal,Monthly,12,0.5085274060270781,21.149060263507902,3.3361111111111157,0.5318593273592618,0.5422155042107536,Gold,4,2,1,7,Occasional Buyer
971,45,Male,Jeans,Clothing,66,California,S,Maroon,Winter,4.4,1,Free Shipping,1,1,4,Cash,Monthly,12,0.3021959522197534,15.247693078898667,0.4712640708417055,0.634593036597797,1.099535793754316,Bronze,1,2,3,6,Occasional Buyer
972,47,Male,Sunglasses,Accessories,67,Indiana,M,Cyan,Summer,4.3,1,Next Day Air,1,1,15,Credit Card,Weekly,52,0.8820662950222113,193.53804747276283,2.3996554557680767,0.8924132590044422,1.1196765498652292,Silver,2,3,3,8,Promo-Dependent
973,61,Male,Sneakers,Footwear,61,Colorado,L,Gold,Winter,3.0,1,Standard,1,1,33,Credit Card,Weekly,52,0.958750448673664,205.7583810567214,-2.7198160345219193,0.7517500897347329,1.0123569667248498,Gold,4,3,3,10,Promo-Dependent
974,60,Male,Jacket,Outerwear,75,Colorado,M,Teal,Fall,3.5,1,2-Day Shipping,1,1,30,Bank Transfer,Quarterly,4,0.39550679567473,6.851337865353468,3.3361111111111157,0.5144859745195614,1.3118117037356942,Gold,3,1,4,8,Promo-Dependent
975,69,Male,Skirt,Clothing,90,North Carolina,M,Beige,Spring,3.6,1,2-Day Shipping,1,1,23,Bank Transfer,Monthly,12,0.4617773848100859,24.996154873980785,0.4712640708417055,0.5705093231158633,1.4993669914831582,Silver,3,2,5,10,Promo-Dependent
976,58,Male,Sweater,Clothing,40,Washington,M,Olive,Summer,3.8,1,2-Day Shipping,1,1,2,Bank Transfer,Weekly,52,0.7117661250818889,137.44612960678427,0.4712640708417055,0.7983532250163777,0.6663853295480703,Bronze,1,3,2,6,Occasional Buyer
977,34,Male,T-shirt,Clothing,90,Florida,M,Gray,Fall,3.6,1,Express,1,1,50,Credit Card,Every 3 Months,4,0.4461538461538462,8.050149273168532,0.4712640708417055,0.5366153846153846,1.4993669914831582,Platinum,5,1,5,11,Loyal Promo-User
978,20,Male,Belt,Accessories,20,Washington,M,Black,Spring,4.6,1,Express,1,1,34,Cash,Bi-Weekly,26,0.6616994641775042,52.37853050866743,2.3996554557680767,0.7843398928355008,0.33423180592991913,Gold,4,2,1,7,Occasional Buyer
979,56,Male,Gloves,Accessories,40,Colorado,M,Turquoise,Summer,2.5,1,Standard,1,1,33,Credit Card,Weekly,52,0.958750448673664,185.14022202700653,2.3996554557680767,0.6917500897347328,0.6684636118598383,Gold,4,3,2,9,Promo-Dependent
980,64,Male,Hat,Accessories,33,New Hampshire,S,Brown,Fall,3.5,1,Store Pickup,1,1,34,Debit Card,Monthly,12,0.5001610026390428,21.164976187905125,2.3996554557680767,0.5661860466816547,0.5514824797843666,Gold,4,2,1,7,Occasional Buyer
981,56,Male,Boots,Footwear,98,Maryland,S,Magenta,Spring,4.0,1,Free Shipping,1,1,39,PayPal,Every 3 Months,4,0.42143798117871967,7.746232131659929,-2.7198160345219193,0.5796722116203593,1.6264095530989389,Platinum,4,1,5,10,Promo-Dependent
982,27,Male,Belt,Accessories,42,Maryland,M,Silver,Spring,3.5,1,Next Day Air,1,1,47,Credit Card,Quarterly,4,0.43998626625794646,6.619505582211867,2.3996554557680767,0.5233818686362046,0.7018867924528303,Platinum,5,1,2,8,Promo-Dependent
983,35,Male,Coat,Outerwear,62,Texas,S,Red,Summer,3.2,1,Standard,1,1,37,PayPal,Monthly,12,0.5085274060270781,25.28277066279113,3.3361111111111157,0.5318593273592618,1.0844310084215072,Gold,4,2,3,9,Promo-Dependent
984,24,Male,Hat,Accessories,45,New Mexico,L,Indigo,Winter,3.5,1,Free Shipping,1,1,40,Venmo,Bi-Weekly,26,0.677796211082861,67.47100443551787,2.3996554557680767,0.6555592422165722,0.7520215633423181,Platinum,4,2,2,8,Promo-Dependent
985,26,Male,Shoes,Footwear,78,Utah,M,Green,Summer,3.4,1,Free Shipping,1,1,8,Credit Card,Bi-Weekly,26,0.5235322501637778,59.47621852055901,-2.7198160345219193,0.6127064500327556,1.2944892361399718,Bronze,1,2,4,7,Occasional Buyer
986,32,Male,Handbag,Accessories,80,West Virginia,M,Gray,Fall,5.0,1,Express,1,1,12,Bank Transfer,Annually,1,0.27248079185073504,1.1974029854129393,2.3996554557680767,0.6583423122163008,1.3369272237196765,Bronze,2,1,4,7,Occasional Buyer
987,54,Male,Scarf,Accessories,96,Connecticut,S,Peach,Spring,4.5,1,Store Pickup,1,1,36,Bank Transfer,Monthly,12,0.5058143409450253,27.767453023267926,2.3996554557680767,0.6873167143428514,1.604312668463612,Gold,4,2,5,11,Loyal Promo-User
988,62,Male,Handbag,Accessories,47,West Virginia,M,Charcoal,Summer,2.8,1,Express,1,1,48,PayPal,Weekly,52,0.9959301008385787,200.483171884315,2.3996554557680767,0.7351860201677158,0.78544474393531,Platinum,5,3,2,10,Promo-Dependent
989,50,Male,Pants,Clothing,84,Ohio,M,Orange,Winter,4.9,1,2-Day Shipping,1,1,47,PayPal,Fortnightly,26,0.6938324201041003,80.14384229719916,0.4712640708417055,0.8267664840208201,1.3994091920509477,Platinum,5,2,4,11,Loyal Promo-User
990,70,Male,Shoes,Footwear,31,Texas,M,Beige,Spring,3.1,1,Store Pickup,1,1,2,Bank Transfer,Monthly,12,0.25022766354342735,10.406675968993756,-2.7198160345219193,0.4681993788625316,0.514476491286399,Bronze,1,2,1,4,At-Risk / One-Timer
991,48,Male,Sunglasses,Accessories,63,Washington,S,Yellow,Spring,4.8,1,Store Pickup,1,1,24,Cash,Weekly,52,0.9274688275164299,200.5761896892785,2.3996554557680767,0.961493765503286,1.0528301886792453,Silver,3,3,3,9,Promo-Dependent
992,20,Male,Shorts,Clothing,97,Wisconsin,XL,White,Spring,2.7,1,Standard,1,1,40,Bank Transfer,Bi-Weekly,26,0.677796211082861,80.79951320950735,0.4712640708417055,0.5595592422165723,1.6159844241540704,Platinum,4,2,5,11,Loyal Promo-User
993,46,Male,Jacket,Outerwear,99,Louisiana,M,Gray,Winter,4.6,1,Express,1,1,50,Debit Card,Weekly,52,1.0,239.46884967138078,3.3361111111111157,0.952,1.7315914489311164,Platinum,5,3,5,13,Loyal Promo-User
994,51,Male,Sandals,Footwear,90,Iowa,M,Peach,Winter,4.4,1,Store Pickup,1,1,25,Cash,Weekly,52,0.9314589040678263,218.48737312189428,-2.7198160345219193,0.9142917808135652,1.493641426315352,Silver,3,3,5,11,Loyal Promo-User
995,53,Male,Shoes,Footwear,68,New York,L,Violet,Fall,3.2,1,Express,1,1,20,Debit Card,Monthly,12,0.4481927139627167,22.772348226031653,-2.7198160345219193,0.5197923889463896,1.1285290776604882,Silver,2,2,3,7,Occasional Buyer
996,44,Male,Jewelry,Accessories,80,Idaho,M,Magenta,Spring,3.0,1,2-Day Shipping,1,1,10,Venmo,Weekly,52,0.8439472648879285,192.85153392829346,2.3996554557680767,0.7287894529775858,1.3369272237196765,Bronze,1,3,4,8,Promo-Dependent
997,29,Male,Sandals,Footwear,91,Delaware,L,Maroon,Summer,4.9,1,Standard,1,1,32,Bank Transfer,Quarterly,4,0.4018672361236636,7.268634711177007,-2.7198160345219193,0.6837580626093481,1.5102374421633002,Gold,4,1,5,10,Promo-Dependent
998,64,Male,Pants,Clothing,30,Kentucky,M,Cyan,Spring,3.6,1,Express,1,1,31,Cash,Fortnightly,26,0.6525828687777642,58.26499175247534,0.4712640708417055,0.6625165737555528,0.49978899716105274,Gold,4,2,1,7,Occasional Buyer
999,51,Male,Shoes,Footwear,90,Connecticut,M,White,Spring,3.8,1,Next Day Air,1,1,48,Bank Transfer,Bi-Weekly,26,0.6959301008385788,81.62031569221226,-2.7198160345219193,0.6951860201677157,1.493641426315352,Platinum,5,2,5,12,Loyal Promo-User
1000,50,Male,Socks,Clothing,28,New Mexico,L,Brown,Spring,2.9,1,Standard,1,1,23,Debit Card,Monthly,12,0.4617773848100859,18.65929274703674,0.4712640708417055,0.4865093231158633,0.4664697306836492,Silver,3,2,1,6,Occasional Buyer
1001,43,Male,Socks,Clothing,46,Georgia,M,Red,Winter,3.9,1,Express,1,1,1,Bank Transfer,Bi-Weekly,26,0.3705165737555528,37.09013094380801,0.4712640708417055,0.6421033147511105,0.7663431289802809,Bronze,1,2,2,5,At-Risk / One-Timer
1002,61,Male,Dress,Clothing,60,Washington,M,Orange,Fall,3.6,1,Standard,1,1,4,Debit Card,Fortnightly,26,0.46373441375821495,49.56519571734584,0.4712640708417055,0.624746882751643,0.9995779943221055,Bronze,1,2,3,6,Occasional Buyer
1003,55,Male,Shoes,Footwear,59,North Dakota,M,White,Spring,3.5,1,Store Pickup,1,1,3,Bank Transfer,Bi-Weekly,26,0.44103314751110567,46.949283401066616,-2.7198160345219193,0.6082066295022212,0.979164935028953,Bronze,1,2,3,6,Occasional Buyer
1004,56,Male,Hat,Accessories,68,Ohio,M,Green,Fall,4.0,1,Store Pickup,1,1,3,Cash,Bi-Weekly,26,0.44103314751110567,48.551914284114154,2.3996554557680767,0.6682066295022211,1.136388140161725,Bronze,1,2,3,6,Occasional Buyer
1005,33,Male,Backpack,Accessories,79,Tennessee,M,Black,Summer,4.8,1,2-Day Shipping,1,1,44,Cash,Annually,1,0.3988051254604543,1.7475746818121696,2.3996554557680767,0.6596071789382447,1.3202156334231807,Platinum,5,1,4,10,Promo-Dependent
1006,43,Male,Backpack,Accessories,94,New York,M,Gold,Winter,3.9,1,Store Pickup,1,1,5,Debit Card,Bi-Weekly,26,0.48228269883744174,57.102656973818796,2.3996554557680767,0.6644565397674883,1.57088948787062,Bronze,1,2,5,8,Promo-Dependent
1007,21,Male,Pants,Clothing,83,Michigan,S,Lavender,Summer,4.5,1,Next Day Air,1,1,50,Venmo,Quarterly,4,0.4461538461538462,7.907303825628067,0.4712640708417055,0.6446153846153846,1.3827495588122458,Platinum,5,1,4,10,Promo-Dependent
1008,58,Male,Gloves,Accessories,62,Georgia,XL,Turquoise,Spring,4.8,1,Standard,1,1,2,Credit Card,Annually,1,0.12330458662035042,0.5108675147501266,2.3996554557680767,0.6045070711702238,1.0361185983827494,Bronze,1,1,3,5,At-Risk / One-Timer
1009,41,Male,Scarf,Accessories,85,New Mexico,M,Pink,Spring,2.6,1,Store Pickup,1,1,29,PayPal,Annually,1,0.35755557413411826,1.5926767049046802,2.3996554557680767,0.3873572686729775,1.4204851752021563,Gold,3,1,5,9,Promo-Dependent
1010,39,Male,Hoodie,Clothing,30,Louisiana,M,Silver,Summer,3.1,1,Express,1,1,11,Venmo,Annually,1,0.2643377341314561,0.9077323966700168,0.4712640708417055,0.4287137006724451,0.49978899716105274,Bronze,2,1,1,4,At-Risk / One-Timer
1011,54,Male,Jeans,Clothing,24,South Dakota,XL,Gray,Spring,4.7,1,2-Day Shipping,1,1,37,Credit Card,Fortnightly,26,0.6700658675655395,56.078329376577365,0.4712640708417055,0.798013173513108,0.3998311977288422,Gold,4,2,1,7,Occasional Buyer
1012,43,Male,Backpack,Accessories,25,Montana,L,Indigo,Spring,2.9,1,Next Day Air,1,1,32,Debit Card,Fortnightly,26,0.6557133899698174,55.5458156706698,2.3996554557680767,0.5791426779939635,0.41778975741239893,Gold,4,2,1,7,Occasional Buyer
1013,28,Male,Sandals,Footwear,37,New Mexico,L,Teal,Summer,3.8,1,Express,1,1,27,Credit Card,Annually,1,0.3505366594688566,1.2751073009606337,-2.7198160345219193,0.5299534857399251,0.6140525863740891,Gold,3,1,2,6,Occasional Buyer
1014,59,Male,Belt,Accessories,69,South Carolina,XL,Green,Summer,3.8,1,2-Day Shipping,1,1,31,Venmo,Bi-Weekly,26,0.6525828687777642,72.08487553917656,2.3996554557680767,0.6865165737555528,1.1530997304582211,Gold,4,2,4,10,Promo-Dependent
1015,28,Male,Shoes,Footwear,97,Ohio,M,Violet,Summer,3.0,1,Standard,1,1,36,Debit Card,Fortnightly,26,0.6673528024834868,79.55456330084778,-2.7198160345219193,0.5934705604966973,1.6098135372509905,Gold,4,2,5,11,Loyal Promo-User
1016,68,Male,Gloves,Accessories,24,North Carolina,M,Cyan,Summer,4.1,1,Standard,1,1,34,Cash,Weekly,52,0.9616994641775043,160.97074011354286,2.3996554557680767,0.8843398928355009,0.401078167115903,Gold,4,3,1,8,Promo-Dependent
1017,20,Male,Belt,Accessories,30,Idaho,XL,Blue,Summer,3.4,1,Express,1,1,15,Bank Transfer,Every 3 Months,4,0.3282201411760575,4.50841506021156,2.3996554557680767,0.4890286436198269,0.5013477088948787,Silver,2,1,1,4,At-Risk / One-Timer
1018,21,Male,Jacket,Outerwear,53,Oklahoma,L,Orange,Fall,2.5,1,Express,1,1,14,Credit Card,Annually,1,0.28703900037856545,1.1449939932518542,3.3361111111111157,0.36125395392186693,0.9270136039732239,Silver,2,1,3,6,Occasional Buyer
1019,50,Male,Dress,Clothing,70,Georgia,XL,Charcoal,Spring,4.9,1,Next Day Air,1,1,46,Cash,Weekly,52,0.9916905744410976,219.81749170792372,0.4712640708417055,0.9863381148882195,1.1661743267091231,Platinum,5,3,4,12,Loyal Promo-User
1020,32,Male,Shirt,Clothing,76,Kentucky,S,Beige,Winter,2.8,1,Standard,1,1,33,Venmo,Bi-Weekly,26,0.658750448673664,74.39857803552742,0.4712640708417055,0.5677500897347327,1.2661321261413336,Gold,4,2,4,10,Promo-Dependent
1021,24,Male,Scarf,Accessories,95,Delaware,M,Black,Fall,4.5,1,Express,1,1,41,Debit Card,Annually,1,0.39178621079519266,1.788248682685074,2.3996554557680767,0.6222033960051924,1.587601078167116,Platinum,5,1,5,11,Loyal Promo-User
1022,55,Male,Coat,Outerwear,51,Massachusetts,S,Lavender,Winter,4.9,1,2-Day Shipping,1,1,39,PayPal,Weekly,52,0.9752841350248735,200.38643624215592,3.3361111111111157,0.9830568270049748,0.8920319585402721,Platinum,4,3,2,9,Promo-Dependent
1023,61,Male,Handbag,Accessories,41,Nebraska,M,Lavender,Winter,4.9,1,Store Pickup,1,1,7,Cash,Annually,1,0.22308818280512005,0.8338299230687434,2.3996554557680767,0.6364637904071779,0.6851752021563342,Bronze,1,1,2,4,At-Risk / One-Timer
1024,61,Male,Sunglasses,Accessories,71,Maine,S,Turquoise,Winter,3.5,1,Free Shipping,1,1,29,Bank Transfer,Every 3 Months,4,0.39217095874950286,6.708737008584167,2.3996554557680767,0.513818807134516,1.186522911051213,Gold,3,1,4,8,Promo-Dependent
1025,28,Male,T-shirt,Clothing,66,Pennsylvania,M,Purple,Summer,3.5,1,Free Shipping,1,1,18,Venmo,Quarterly,4,0.34570313996383295,5.814301764424842,0.4712640708417055,0.5045252433773819,1.099535793754316,Silver,2,1,3,6,Occasional Buyer
1026,60,Male,Shirt,Clothing,84,Nebraska,M,Olive,Winter,4.9,1,Free Shipping,1,1,15,Credit Card,Annually,1,0.2936047565606729,1.304383540645807,0.4712640708417055,0.6505671051582885,1.3994091920509477,Silver,2,1,4,7,Occasional Buyer
1027,49,Male,Handbag,Accessories,95,Virginia,L,Turquoise,Winter,3.0,1,Express,1,1,39,PayPal,Bi-Weekly,26,0.6752841350248735,80.13802993112029,2.3996554557680767,0.5950568270049746,1.587601078167116,Platinum,4,2,5,11,Loyal Promo-User
1028,33,Male,Jewelry,Accessories,90,Ohio,L,Teal,Summer,2.8,1,Next Day Air,1,1,11,Cash,Monthly,12,0.39126081105453303,21.179070588873998,2.3996554557680767,0.46040600836475276,1.5040431266846361,Bronze,2,2,5,9,Promo-Dependent
1029,45,Male,Hoodie,Clothing,36,Nebraska,S,Lavender,Summer,3.7,1,Standard,1,1,4,Cash,Fortnightly,26,0.46373441375821495,43.53717943507677,0.4712640708417055,0.636746882751643,0.5997467965932632,Bronze,1,2,2,5,At-Risk / One-Timer
1030,29,Male,Gloves,Accessories,22,Ohio,M,Purple,Spring,3.6,1,2-Day Shipping,1,1,33,Venmo,Bi-Weekly,26,0.658750448673664,53.70321376048214,2.3996554557680767,0.6637500897347328,0.36765498652291106,Gold,4,2,1,7,Occasional Buyer
1031,58,Male,Coat,Outerwear,89,Kentucky,L,Blue,Winter,3.3,1,Next Day Air,1,1,37,Debit Card,Quarterly,4,0.41621971371938576,7.491637971106346,3.3361111111111157,0.4946285581284925,1.556683221766357,Gold,4,1,5,10,Promo-Dependent
1032,22,Male,Sandals,Footwear,50,Tennessee,M,Teal,Spring,3.4,1,Free Shipping,1,1,32,Cash,Quarterly,4,0.4018672361236636,6.320287599772398,-2.7198160345219193,0.5037580626093481,0.8298007923974178,Gold,4,1,2,7,Occasional Buyer
1033,55,Male,Boots,Footwear,36,Maine,M,Lavender,Fall,4.0,1,Free Shipping,1,1,44,Credit Card,Quarterly,4,0.4334205100758389,6.260183534160973,-2.7198160345219193,0.5820687173997832,0.5974565705261408,Platinum,5,1,2,8,Promo-Dependent
1034,19,Male,Pants,Clothing,52,Montana,S,Silver,Spring,4.6,1,Free Shipping,1,1,41,Bank Transfer,Quarterly,4,0.42640159541057726,6.771755224737354,0.4712640708417055,0.6526649344667308,0.8663009284124914,Platinum,5,1,3,9,Promo-Dependent
1035,68,Male,Socks,Clothing,29,Maryland,M,Olive,Fall,4.2,1,Next Day Air,1,1,44,Bank Transfer,Weekly,52,0.9872666639219927,174.61021720135827,0.4712640708417055,0.9014533327843985,0.48312936392235095,Platinum,5,3,1,9,Promo-Dependent
1036,61,Male,Blouse,Clothing,89,Georgia,M,Brown,Fall,2.8,1,Express,1,1,32,Venmo,Annually,1,0.367251851508279,1.6525634328636483,0.4712640708417055,0.4132965241478096,1.4827073582444563,Gold,4,1,5,10,Promo-Dependent
1037,68,Male,Handbag,Accessories,47,Hawaii,M,Yellow,Fall,3.7,1,2-Day Shipping,1,1,13,Bank Transfer,Monthly,12,0.40694316263638064,18.904305390960133,2.3996554557680767,0.5715424786811223,0.78544474393531,Bronze,2,2,2,6,Occasional Buyer
1038,52,Male,Jewelry,Accessories,25,Rhode Island,XL,Brown,Spring,3.4,1,Standard,1,1,48,Debit Card,Quarterly,4,0.44208394699242487,5.761408708843567,2.3996554557680767,0.5118014047831003,0.41778975741239893,Platinum,5,1,1,7,Occasional Buyer
1039,41,Male,Pants,Clothing,74,Nebraska,XL,Cyan,Fall,3.0,1,Express,1,1,3,Bank Transfer,Weekly,52,0.7410331475111056,166.36889391801108,0.4712640708417055,0.7082066295022211,1.23281285966393,Bronze,1,3,4,8,Promo-Dependent
1040,29,Male,Belt,Accessories,46,Michigan,M,Magenta,Fall,4.8,1,Standard,1,1,39,Venmo,Monthly,12,0.513745673486412,23.73596007195153,2.3996554557680767,0.7249029808511285,0.768733153638814,Platinum,4,2,2,8,Promo-Dependent
1041,68,Male,Jeans,Clothing,22,North Carolina,S,Magenta,Fall,4.0,1,Next Day Air,1,1,7,Cash,Fortnightly,26,0.5115497212666585,41.702990996986195,0.4712640708417055,0.6823099442533317,0.36651193125143866,Bronze,1,2,1,4,At-Risk / One-Timer
1042,36,Male,Shirt,Clothing,25,Minnesota,M,Orange,Summer,4.9,1,Next Day Air,1,1,11,Cash,Fortnightly,26,0.5527992725929946,46.82790830265676,0.4712640708417055,0.798559854518599,0.4164908309675439,Bronze,2,2,1,5,At-Risk / One-Timer
1043,55,Male,Belt,Accessories,80,Maryland,M,Maroon,Spring,4.9,1,Next Day Air,1,1,47,Credit Card,Weekly,52,0.9938324201041002,227.10199399745144,2.3996554557680767,0.9867664840208201,1.3369272237196765,Platinum,5,3,4,12,Loyal Promo-User
1044,28,Male,Jeans,Clothing,76,Hawaii,M,Green,Spring,3.3,1,2-Day Shipping,1,1,28,Debit Card,Fortnightly,26,0.6425681751459875,72.57096920085398,0.4712640708417055,0.6245136350291975,1.2661321261413336,Gold,3,2,4,9,Promo-Dependent
1045,39,Male,Jeans,Clothing,30,Oregon,L,Teal,Summer,4.4,1,Next Day Air,1,1,17,Bank Transfer,Every 3 Months,4,0.3402026700731767,4.673006463851883,0.4712640708417055,0.6114251493992507,0.49978899716105274,Silver,2,1,1,4,At-Risk / One-Timer
1046,54,Male,Sweater,Clothing,79,New Mexico,L,Black,Fall,3.5,1,2-Day Shipping,1,1,11,PayPal,Bi-Weekly,26,0.5527992725929946,62.98190953940208,0.4712640708417055,0.630559854518599,1.3161110258574389,Bronze,2,2,4,8,Promo-Dependent
1047,40,Male,Sneakers,Footwear,22,Illinois,M,Magenta,Winter,4.2,1,Standard,1,1,12,Venmo,Annually,1,0.27248079185073504,0.8543619467997743,-2.7198160345219193,0.5623423122163008,0.3651123486548638,Bronze,2,1,1,4,At-Risk / One-Timer
1048,31,Male,Socks,Clothing,36,Utah,S,Olive,Fall,4.2,1,Standard,1,1,7,Credit Card,Fortnightly,26,0.5115497212666585,48.02626534497838,0.4712640708417055,0.7063099442533317,0.5997467965932632,Bronze,1,2,2,5,At-Risk / One-Timer
1049,30,Male,Socks,Clothing,77,Maine,L,Yellow,Fall,2.7,1,Standard,1,1,19,Venmo,Fortnightly,26,0.6047675612693206,68.50470047921728,0.4712640708417055,0.5449535122538642,1.2827917593800353,Silver,2,2,4,8,Promo-Dependent
1050,45,Male,Sunglasses,Accessories,33,Virginia,S,Purple,Fall,2.8,1,Store Pickup,1,1,24,Cash,Quarterly,4,0.3736226736702761,5.270112990129631,2.3996554557680767,0.42610915011867057,0.5514824797843666,Silver,3,1,1,5,At-Risk / One-Timer
1051,48,Male,Sneakers,Footwear,64,Florida,M,Beige,Winter,3.8,1,Next Day Air,1,1,19,Venmo,Monthly,12,0.4432290997308591,22.202518938765625,-2.7198160345219193,0.590799666100018,1.0621450142686948,Silver,2,2,3,7,Occasional Buyer
1052,45,Male,Socks,Clothing,53,Ohio,M,Indigo,Fall,2.6,1,Free Shipping,1,1,39,PayPal,Annually,1,0.38682259656333506,1.5430291665417122,0.4712640708417055,0.39321067315882086,0.8829605616511932,Platinum,4,1,3,8,Promo-Dependent
1053,60,Male,Shoes,Footwear,36,Virginia,XL,Pink,Fall,3.0,1,2-Day Shipping,1,1,1,Credit Card,Fortnightly,26,0.3705165737555528,34.78552826074276,-2.7198160345219193,0.5341033147511105,0.5974565705261408,Bronze,1,2,2,5,At-Risk / One-Timer
1054,59,Male,Blouse,Clothing,70,Kansas,M,Blue,Spring,3.3,0,2-Day Shipping,1,1,10,Debit Card,Bi-Weekly,26,0.5439472648879285,60.28549956544531,0.4712640708417055,0.6047894529775857,1.1661743267091231,Bronze,1,2,4,7,Occasional Buyer
1055,18,Male,Shorts,Clothing,96,Arkansas,L,Cyan,Winter,4.9,0,Express,1,1,48,PayPal,Quarterly,4,0.44208394699242487,8.089625142905414,0.4712640708417055,0.6918014047831004,1.5993247909153687,Platinum,5,1,5,11,Loyal Promo-User
1056,70,Male,Jacket,Outerwear,27,Massachusetts,M,Orange,Spring,3.3,0,Next Day Air,1,1,24,Debit Card,Annually,1,0.33900728905489147,1.1296416175709783,3.3361111111111157,0.4676476116571321,0.4722522133448499,Silver,3,1,1,5,At-Risk / One-Timer
1057,20,Male,Sweater,Clothing,64,Idaho,L,Black,Winter,2.9,0,2-Day Shipping,1,1,42,Venmo,Fortnightly,26,0.6826415987921073,74.08987039737342,0.4712640708417055,0.5845283197584215,1.0662165272769124,Platinum,5,2,3,10,Promo-Dependent
1058,65,Male,Jacket,Outerwear,23,Wisconsin,S,Maroon,Spring,4.4,0,2-Day Shipping,1,1,20,Credit Card,Weekly,52,0.9097311755011782,150.34108163819985,3.3361111111111157,0.9099462351002356,0.4022889224789462,Silver,2,3,1,6,Occasional Buyer
1059,29,Male,Scarf,Accessories,33,New Mexico,L,Violet,Summer,3.1,0,Next Day Air,1,1,49,Bank Transfer,Every 3 Months,4,0.44413924742582894,6.2647804382206935,2.3996554557680767,0.4762124648697812,0.5514824797843666,Platinum,5,1,1,7,Occasional Buyer
1060,22,Male,Jacket,Outerwear,34,North Carolina,M,Beige,Winter,2.5,0,Standard,1,1,25,Debit Card,Monthly,12,0.4699204425293648,20.048768812812295,3.3361111111111157,0.4401379346597191,0.5946879723601813,Silver,3,2,1,6,Occasional Buyer
1061,27,Male,Sweater,Clothing,35,Iowa,S,Gray,Summer,2.6,0,Next Day Air,1,1,21,Debit Card,Every 3 Months,4,0.36061768479732753,5.1691212120536765,0.4712640708417055,0.3995081523440809,0.5830871633545616,Silver,3,1,1,5,At-Risk / One-Timer
1062,36,Male,Coat,Outerwear,62,Idaho,M,Gray,Summer,4.4,0,Free Shipping,1,1,12,Venmo,Every 3 Months,4,0.30709617646611964,5.0893633322353695,3.3361111111111157,0.6048038506778393,1.0844310084215072,Bronze,2,1,3,6,Occasional Buyer
1063,59,Male,Boots,Footwear,75,Ohio,M,Brown,Fall,2.6,0,Next Day Air,1,1,21,Debit Card,Every 3 Months,4,0.36061768479732753,6.246956122594614,-2.7198160345219193,0.3995081523440809,1.2447011885961266,Silver,3,1,4,8,Promo-Dependent
1064,62,Male,Hoodie,Clothing,29,Alabama,S,Indigo,Summer,3.3,0,Free Shipping,1,1,35,Cash,Monthly,12,0.5030269361364219,20.530726777112815,0.4712640708417055,0.5427592333811305,0.48312936392235095,Gold,4,2,1,7,Occasional Buyer
1065,34,Male,Hat,Accessories,28,Wyoming,M,Violet,Spring,3.5,0,Express,1,1,42,Credit Card,Every 3 Months,4,0.4287954449459535,5.775524454734816,2.3996554557680767,0.5211437043738061,0.4679245283018868,Platinum,5,1,1,7,Occasional Buyer
1066,59,Male,T-shirt,Clothing,20,Alabama,XL,Blue,Spring,4.1,0,Store Pickup,1,1,3,PayPal,Every 3 Months,4,0.18718699366495184,2.2795800090517524,0.4712640708417055,0.5448220141176057,0.33319266477403514,Bronze,1,1,1,3,At-Risk / One-Timer
1067,49,Male,Coat,Outerwear,96,Mississippi,M,Red,Winter,4.0,0,Store Pickup,1,1,11,PayPal,Bi-Weekly,26,0.5527992725929946,65.75131943223627,3.3361111111111157,0.6905598545185989,1.6791189807816886,Bronze,2,2,5,9,Promo-Dependent
1068,18,Male,Dress,Clothing,43,Pennsylvania,S,Peach,Summer,2.7,0,2-Day Shipping,1,1,22,PayPal,Quarterly,4,0.3651399364659534,5.527035050016133,0.4712640708417055,0.4124126026778061,0.7163642292641755,Silver,3,1,2,6,Occasional Buyer
1069,55,Male,Shirt,Clothing,94,Wyoming,M,Olive,Fall,2.5,0,Standard,1,1,47,Credit Card,Weekly,52,0.9938324201041002,235.34110558584615,0.4712640708417055,0.6987664840208201,1.5660055244379651,Platinum,5,3,5,13,Loyal Promo-User
1070,38,Male,Skirt,Clothing,81,Maryland,XL,White,Fall,4.3,0,Next Day Air,1,1,33,Venmo,Every 3 Months,4,0.40490429482751017,7.137198197265396,0.4712640708417055,0.6123654743501173,1.3494302923348425,Gold,4,1,4,9,Promo-Dependent
1071,50,Male,Jewelry,Accessories,75,North Carolina,M,Magenta,Summer,3.3,0,Free Shipping,1,1,50,Debit Card,Weekly,52,1.0,225.1981336948892,2.3996554557680767,0.796,1.2533692722371967,Platinum,5,3,4,12,Loyal Promo-User
1072,61,Male,Hat,Accessories,81,Pennsylvania,M,Beige,Summer,2.6,0,Express,1,1,46,Credit Card,Monthly,12,0.5301521129026361,28.0347782388703,2.3996554557680767,0.46418426873437335,1.3536388140161726,Platinum,5,2,4,11,Loyal Promo-User
1073,48,Male,Shorts,Clothing,92,Idaho,L,Gold,Fall,3.8808497320887523,0,Express,1,1,34,Debit Card,Fortnightly,26,0.6616994641775042,77.97968505471916,0.4712640708417055,0.6980418606861511,1.5326862579605618,Gold,4,2,5,11,Loyal Promo-User
1074,22,Male,Scarf,Accessories,96,California,XL,Purple,Spring,4.0,0,Store Pickup,1,1,33,Credit Card,Monthly,12,0.4972119871352025,27.29521363429072,2.3996554557680767,0.6255962435808867,1.604312668463612,Gold,4,2,5,11,Loyal Promo-User
1075,48,Male,Jewelry,Accessories,71,Tennessee,S,White,Fall,2.6,0,Standard,1,1,45,Bank Transfer,Fortnightly,26,0.68950266406766,76.66808974212623,2.3996554557680767,0.549900532813532,1.186522911051213,Platinum,5,2,4,11,Loyal Promo-User
1076,57,Male,Sunglasses,Accessories,50,Missouri,L,Indigo,Summer,4.9,0,Next Day Air,1,1,32,Debit Card,Bi-Weekly,26,0.6557133899698174,67.03191857450113,2.3996554557680767,0.8191426779939636,0.8355795148247979,Gold,4,2,2,8,Promo-Dependent
1077,33,Male,Coat,Outerwear,72,North Dakota,L,Charcoal,Spring,2.9,0,Standard,1,1,47,Venmo,Bi-Weekly,26,0.6938324201041003,77.39835629267232,3.3361111111111157,0.58676648402082,1.2593392355862665,Platinum,5,2,4,11,Loyal Promo-User
1078,58,Male,Jacket,Outerwear,28,West Virginia,M,Pink,Winter,3.7,0,Standard,1,1,5,PayPal,Quarterly,4,0.2284365449912879,3.0768537014627255,3.3361111111111157,0.505071924382873,0.4897430360613258,Bronze,1,1,1,3,At-Risk / One-Timer
1079,37,Male,Sweater,Clothing,59,Arizona,M,Silver,Fall,4.4,0,Express,1,1,49,Credit Card,Fortnightly,26,0.6979854012719828,74.3026110374172,0.4712640708417055,0.7675970802543965,0.9829183610834037,Platinum,5,2,3,10,Promo-Dependent
1080,18,Male,Coat,Outerwear,33,Oklahoma,S,Blue,Summer,4.4,0,Free Shipping,1,1,48,Bank Transfer,Monthly,12,0.5343916393001171,22.613490978154218,3.3361111111111157,0.6810321740138696,0.5771971496437054,Platinum,5,2,1,8,Promo-Dependent
1081,65,Male,Scarf,Accessories,59,Pennsylvania,L,Blue,Fall,3.8,0,Express,1,1,22,Cash,Every 3 Months,4,0.3651399364659534,5.980034853277998,2.3996554557680767,0.544412602677806,0.9859838274932615,Silver,3,1,3,7,Occasional Buyer
1082,62,Male,Belt,Accessories,30,Idaho,XL,Brown,Spring,4.5,0,Standard,1,1,45,Credit Card,Annually,1,0.40104112560612165,1.3771700938037421,2.3996554557680767,0.6240543789673783,0.5013477088948787,Platinum,5,1,1,7,Occasional Buyer
1083,54,Male,Hat,Accessories,85,South Carolina,XL,Cyan,Winter,2.6,0,Next Day Air,1,1,30,Venmo,Quarterly,4,0.39550679567473,7.0468985038544885,2.3996554557680767,0.40648597451956137,1.4204851752021563,Gold,3,1,5,9,Promo-Dependent
1084,35,Male,Backpack,Accessories,97,Washington,L,Teal,Summer,3.3,0,Store Pickup,1,1,43,Cash,Weekly,52,0.9849804123990342,234.8373642148092,2.3996554557680767,0.7929960824798068,1.6210242587601078,Platinum,5,3,5,13,Loyal Promo-User
1085,34,Male,T-shirt,Clothing,36,Arkansas,S,Purple,Fall,4.1,0,Next Day Air,1,1,48,Cash,Quarterly,4,0.44208394699242487,6.385315372349627,0.4712640708417055,0.5958014047831003,0.5997467965932632,Platinum,5,1,2,8,Promo-Dependent
1086,25,Male,Jewelry,Accessories,85,Utah,M,Turquoise,Winter,3.0,0,Store Pickup,1,1,23,Venmo,Fortnightly,26,0.6233158463485474,72.1880966272601,2.3996554557680767,0.5846631692697095,1.4204851752021563,Silver,3,2,5,10,Promo-Dependent
1087,53,Male,Sunglasses,Accessories,62,Alaska,M,Olive,Winter,3.0,0,Free Shipping,1,1,27,PayPal,Bi-Weekly,26,0.638998197930395,68.83384622262277,2.3996554557680767,0.587799639586079,1.0361185983827494,Gold,3,2,3,8,Promo-Dependent
1088,45,Male,Jeans,Clothing,71,West Virginia,S,White,Winter,3.4,0,Next Day Air,1,1,7,Bank Transfer,Monthly,12,0.350011259728197,17.962575549044505,0.4712640708417055,0.5241560980994855,1.1828339599478248,Bronze,1,2,4,7,Occasional Buyer
1089,49,Male,Pants,Clothing,21,Louisiana,M,Turquoise,Winter,2.7,0,Free Shipping,1,1,2,PayPal,Weekly,52,0.7117661250818889,114.40516409350411,0.4712640708417055,0.6663532250163778,0.34985229801273693,Bronze,1,3,1,5,At-Risk / One-Timer
1090,40,Male,Backpack,Accessories,61,Arizona,M,Silver,Spring,3.8,0,Next Day Air,1,1,33,PayPal,Bi-Weekly,26,0.658750448673664,70.68754232500896,2.3996554557680767,0.6877500897347327,1.0194070080862534,Gold,4,2,3,9,Promo-Dependent
1091,38,Male,Scarf,Accessories,58,Connecticut,M,Violet,Spring,4.2,0,Store Pickup,1,1,27,Cash,Fortnightly,26,0.638998197930395,67.74401604488607,2.3996554557680767,0.731799639586079,0.9692722371967656,Gold,3,2,3,8,Promo-Dependent
1092,44,Male,Sweater,Clothing,80,North Carolina,L,Lavender,Spring,4.7,0,Store Pickup,1,1,6,Credit Card,Fortnightly,26,0.49796505041928935,56.89533446665808,0.4712640708417055,0.7635930100838579,1.3327706590961406,Bronze,1,2,4,7,Occasional Buyer
1093,68,Male,Jewelry,Accessories,50,South Dakota,L,Magenta,Spring,4.1,0,2-Day Shipping,1,1,20,Venmo,Quarterly,4,0.3558850216550244,5.597111401783507,2.3996554557680767,0.5785616197156203,0.8355795148247979,Silver,2,1,2,5,At-Risk / One-Timer
1094,60,Male,Sneakers,Footwear,48,Delaware,S,Indigo,Winter,4.2,0,2-Day Shipping,1,1,46,Venmo,Every 3 Months,4,0.43784442059494383,6.8160472139435555,-2.7198160345219193,0.6069534995036041,0.7966087607015211,Platinum,5,1,2,8,Promo-Dependent
1095,25,Male,Jewelry,Accessories,40,Connecticut,M,Black,Winter,4.8,0,Next Day Air,1,1,25,Cash,Quarterly,4,0.3776127502216725,5.609168645018376,2.3996554557680767,0.6669071654289499,0.6684636118598383,Silver,3,1,2,6,Occasional Buyer
1096,19,Male,Coat,Outerwear,34,Tennessee,S,Peach,Summer,3.0,0,Free Shipping,1,1,30,Bank Transfer,Quarterly,4,0.39550679567473,5.6246572772321635,3.3361111111111157,0.4544859745195614,0.5946879723601813,Gold,3,1,1,5,At-Risk / One-Timer
1097,57,Male,Coat,Outerwear,46,New Hampshire,S,Beige,Fall,2.6,0,Standard,1,1,48,Credit Card,Annually,1,0.40746856237704027,1.568814108208207,3.3361111111111157,0.3973398663215619,0.8045778449578924,Platinum,5,1,2,8,Promo-Dependent
1098,58,Male,Sunglasses,Accessories,27,Vermont,M,Black,Summer,3.2,0,Store Pickup,1,1,47,Bank Transfer,Weekly,52,0.9938324201041002,172.20594937671947,2.3996554557680767,0.7827664840208202,0.45121293800539086,Platinum,5,3,1,9,Promo-Dependent
1099,49,Male,Handbag,Accessories,98,Idaho,S,Turquoise,Spring,3.6,0,Next Day Air,1,1,27,Credit Card,Weekly,52,0.938998197930395,224.37008144462945,2.3996554557680767,0.819799639586079,1.6377358490566039,Gold,3,3,5,11,Loyal Promo-User
1100,19,Male,Sweater,Clothing,73,North Carolina,M,Peach,Fall,2.6,0,Next Day Air,1,1,45,Bank Transfer,Fortnightly,26,0.68950266406766,77.15927305020732,0.4712640708417055,0.549900532813532,1.2161532264252284,Platinum,5,2,4,11,Loyal Promo-User
1101,50,Male,Pants,Clothing,28,Nevada,L,Gold,Spring,4.4,0,Express,1,1,2,Credit Card,Weekly,52,0.7117661250818889,124.62980945552152,0.4712640708417055,0.8703532250163778,0.4664697306836492,Bronze,1,3,1,5,At-Risk / One-Timer
1102,30,Male,Gloves,Accessories,76,Delaware,XL,Silver,Fall,3.0,0,Free Shipping,1,1,39,Cash,Fortnightly,26,0.6752841350248735,76.26587506233335,2.3996554557680767,0.5950568270049746,1.2700808625336928,Platinum,4,2,4,10,Promo-Dependent
1103,52,Male,Sweater,Clothing,83,Texas,M,Peach,Fall,2.9,0,Express,1,1,24,Cash,Fortnightly,26,0.62746882751643,72.2851849644682,0.4712640708417055,0.5734937655032859,1.3827495588122458,Silver,3,2,4,9,Promo-Dependent
1104,35,Male,Hoodie,Clothing,23,Tennessee,S,Charcoal,Spring,4.3,0,Free Shipping,1,1,8,Debit Card,Bi-Weekly,26,0.5235322501637778,43.2591554965355,0.4712640708417055,0.7207064500327556,0.38317156449014045,Bronze,1,2,1,4,At-Risk / One-Timer
1105,35,Male,Hat,Accessories,28,Delaware,M,Beige,Fall,3.1,0,Express,1,1,8,Bank Transfer,Quarterly,4,0.2696860963176239,3.6324514701426627,2.3996554557680767,0.4413218346481402,0.4679245283018868,Bronze,1,1,1,3,At-Risk / One-Timer
1106,33,Male,T-shirt,Clothing,83,Massachusetts,S,Olive,Spring,3.0,0,Next Day Air,1,1,6,Venmo,Every 3 Months,4,0.2441188965731355,4.326584431405369,0.4712640708417055,0.4242083946992425,1.3827495588122458,Bronze,1,1,4,6,Occasional Buyer
1107,52,Male,Skirt,Clothing,96,Minnesota,L,Violet,Winter,3.6,0,Store Pickup,1,1,12,Venmo,Fortnightly,26,0.5609423303122735,66.71987495645753,0.4712640708417055,0.6441884660624547,1.5993247909153687,Bronze,2,2,5,9,Promo-Dependent
1108,69,Male,Sneakers,Footwear,62,Texas,M,Peach,Fall,2.8,0,Store Pickup,1,1,26,Bank Transfer,Weekly,52,0.9352983752456666,201.5034932569308,-2.7198160345219193,0.7230596750491334,1.028952982572798,Gold,3,3,3,9,Promo-Dependent
1109,27,Male,Shorts,Clothing,25,Nebraska,M,Teal,Fall,2.8,0,Standard,1,1,50,Cash,Fortnightly,26,0.7,59.29735699199097,0.4712640708417055,0.576,0.4164908309675439,Platinum,5,2,1,8,Promo-Dependent
1110,66,Male,Hoodie,Clothing,97,Oklahoma,L,Violet,Winter,3.7,0,Next Day Air,1,1,2,Venmo,Weekly,52,0.7117661250818889,169.69807586783122,0.4712640708417055,0.7863532250163778,1.6159844241540704,Bronze,1,3,5,9,Promo-Dependent
1111,28,Male,Hoodie,Clothing,61,Texas,L,Cyan,Fall,3.0,0,Standard,1,1,31,Cash,Bi-Weekly,26,0.6525828687777642,70.02572711742607,0.4712640708417055,0.5905165737555528,1.0162376275608072,Gold,4,2,3,9,Promo-Dependent
1112,22,Male,Shoes,Footwear,66,New York,S,Olive,Summer,4.1,0,Next Day Air,1,1,4,Credit Card,Bi-Weekly,26,0.46373441375821495,50.69637733905583,-2.7198160345219193,0.684746882751643,1.0953370459645915,Bronze,1,2,3,6,Occasional Buyer
1113,69,Male,Hoodie,Clothing,67,Washington,XL,Pink,Spring,4.6,0,Free Shipping,1,1,32,PayPal,Quarterly,4,0.4018672361236636,6.782727597126498,0.4712640708417055,0.6477580626093481,1.1161954269930177,Gold,4,1,3,8,Promo-Dependent
1114,28,Male,Sunglasses,Accessories,80,Maryland,M,Purple,Summer,4.8,0,Next Day Air,1,1,11,PayPal,Bi-Weekly,26,0.5527992725929946,63.16045569989543,2.3996554557680767,0.7865598545185989,1.3369272237196765,Bronze,2,2,4,8,Promo-Dependent
1115,55,Male,Skirt,Clothing,25,New Hampshire,L,Violet,Fall,2.6,0,Next Day Air,1,1,47,Bank Transfer,Every 3 Months,4,0.43998626625794646,5.734070923488054,0.4712640708417055,0.4153818686362047,0.4164908309675439,Platinum,5,1,1,7,Occasional Buyer
1116,30,Male,Hat,Accessories,58,New York,S,Peach,Fall,4.0,0,2-Day Shipping,1,1,37,Cash,Weekly,52,0.9700658675655396,205.6849546987755,2.3996554557680767,0.8740131735131078,0.9692722371967656,Gold,4,3,3,10,Promo-Dependent
1117,67,Male,Backpack,Accessories,96,Hawaii,M,Charcoal,Winter,4.2,0,Express,1,1,39,PayPal,Fortnightly,26,0.6752841350248735,80.31997339879369,2.3996554557680767,0.7390568270049747,1.604312668463612,Platinum,4,2,5,11,Loyal Promo-User
1118,25,Male,Sunglasses,Accessories,77,California,L,Lavender,Spring,4.5,0,Store Pickup,1,1,24,Credit Card,Monthly,12,0.4659303659779684,24.359075256947122,2.3996554557680767,0.6793399193494399,1.2867924528301888,Silver,3,2,4,9,Promo-Dependent
1119,49,Male,Belt,Accessories,65,Indiana,M,Purple,Summer,4.9,0,Standard,1,1,11,PayPal,Every 3 Months,4,0.2989531187468407,5.01004140640516,2.3996554557680767,0.6631752391339836,1.0862533692722371,Bronze,2,1,3,6,Occasional Buyer
1120,34,Male,Jewelry,Accessories,36,Louisiana,M,Indigo,Spring,3.1,0,Standard,1,1,36,Credit Card,Weekly,52,0.9673528024834868,181.63764124137907,2.3996554557680767,0.7654705604966974,0.6016172506738545,Gold,4,3,2,9,Promo-Dependent
1121,22,Male,Sneakers,Footwear,84,Pennsylvania,M,Magenta,Winter,4.0,0,Next Day Air,1,1,40,Debit Card,Monthly,12,0.5162577495443996,27.522637676235483,-2.7198160345219193,0.6294053960627262,1.3940653312276619,Platinum,4,2,4,10,Promo-Dependent
1122,63,Male,T-shirt,Clothing,58,Florida,XL,Peach,Fall,3.2,0,Express,1,1,25,Cash,Quarterly,4,0.3776127502216725,6.15892051330035,0.4712640708417055,0.4749071654289499,0.9662587278447019,Silver,3,1,3,7,Occasional Buyer
1123,70,Male,Handbag,Accessories,62,North Carolina,S,Charcoal,Spring,4.3,0,2-Day Shipping,1,1,12,Credit Card,Annually,1,0.27248079185073504,1.1289246309914434,2.3996554557680767,0.5743423122163008,1.0361185983827494,Bronze,2,1,3,6,Occasional Buyer
1124,36,Male,Hat,Accessories,67,Massachusetts,S,Purple,Fall,2.5,0,Store Pickup,1,1,38,Cash,Monthly,12,0.5111699938557008,25.88262873274744,2.3996554557680767,0.4483878449249863,1.1196765498652292,Gold,4,2,3,9,Promo-Dependent
1125,42,Male,Sweater,Clothing,20,Iowa,M,Orange,Spring,3.888898105541431,0,Express,1,1,40,Cash,Quarterly,4,0.42395005723670726,5.162901846925139,0.4712640708417055,0.5668423994969285,0.33319266477403514,Platinum,4,1,1,6,Occasional Buyer
1126,27,Male,Sandals,Footwear,90,North Dakota,M,Lavender,Summer,2.7,0,2-Day Shipping,1,1,10,Bank Transfer,Weekly,52,0.8439472648879285,197.9602322265675,-2.7198160345219193,0.6927894529775858,1.493641426315352,Bronze,1,3,5,9,Promo-Dependent
1127,23,Male,Scarf,Accessories,58,Iowa,L,Beige,Winter,3.4,0,Standard,1,1,47,Venmo,Fortnightly,26,0.6938324201041003,73.55731949202502,2.3996554557680767,0.64676648402082,0.9692722371967656,Platinum,5,2,3,10,Promo-Dependent
1128,50,Male,Shirt,Clothing,53,Delaware,XL,Maroon,Spring,4.8,0,Store Pickup,1,1,22,Debit Card,Monthly,12,0.4574476287736457,21.89701551980075,0.4712640708417055,0.7136433719085752,0.8829605616511932,Silver,3,2,3,8,Promo-Dependent
1129,56,Male,Gloves,Accessories,30,New York,L,Charcoal,Winter,4.7,0,Next Day Air,1,1,35,Debit Card,Monthly,12,0.5030269361364219,20.728656746446077,2.3996554557680767,0.7107592333811307,0.5013477088948787,Gold,4,2,1,7,Occasional Buyer
1130,37,Male,Hoodie,Clothing,65,New Hampshire,XL,White,Winter,4.7,0,Express,1,1,46,Venmo,Fortnightly,26,0.6916905744410977,75.34656207577531,0.4712640708417055,0.8023381148882196,1.0828761605156143,Platinum,5,2,3,10,Promo-Dependent
1131,67,Male,Jewelry,Accessories,41,Kentucky,M,Lavender,Summer,3.9,0,Standard,1,1,30,PayPal,Bi-Weekly,26,0.6493529495208838,63.103736565139435,2.3996554557680767,0.6978705899041767,0.6851752021563342,Gold,3,2,2,7,Occasional Buyer
1132,67,Male,Shirt,Clothing,73,Illinois,M,Black,Spring,3.7,0,Express,1,1,20,Bank Transfer,Monthly,12,0.4481927139627167,23.148607382344444,0.4712640708417055,0.5797923889463895,1.2161532264252284,Silver,2,2,4,8,Promo-Dependent
1133,50,Male,Hoodie,Clothing,98,North Carolina,S,Teal,Spring,4.3,0,Store Pickup,1,1,25,Cash,Fortnightly,26,0.6314589040678263,75.44236296028387,0.4712640708417055,0.7422917808135653,1.6326440573927723,Silver,3,2,5,10,Promo-Dependent
1134,36,Male,Shoes,Footwear,36,Connecticut,XL,Magenta,Winter,4.1,0,2-Day Shipping,1,1,29,Cash,Weekly,52,0.9460171125956567,177.6314871520605,-2.7198160345219193,0.8812034225191313,0.5974565705261408,Gold,3,3,2,8,Promo-Dependent
1135,62,Male,T-shirt,Clothing,81,Wisconsin,M,Brown,Summer,3.7,0,Express,1,1,2,Venmo,Every 3 Months,4,0.15791997123573503,2.7836359070877235,0.4712640708417055,0.4909686096317624,1.3494302923348425,Bronze,1,1,4,6,Occasional Buyer
1136,65,Male,Skirt,Clothing,90,Massachusetts,L,Peach,Winter,3.6,0,2-Day Shipping,1,1,32,Bank Transfer,Quarterly,4,0.4018672361236636,7.251066569704318,0.4712640708417055,0.5277580626093481,1.4993669914831582,Gold,4,1,5,10,Promo-Dependent
1137,23,Male,Handbag,Accessories,83,Illinois,S,Cyan,Summer,4.8,0,Free Shipping,1,1,37,Cash,Monthly,12,0.5085274060270781,27.038301279563907,2.3996554557680767,0.7238593273592617,1.3870619946091645,Gold,4,2,4,10,Promo-Dependent
1138,46,Male,Shirt,Clothing,91,New Mexico,XL,Pink,Winter,2.8,0,2-Day Shipping,1,1,16,Bank Transfer,Every 3 Months,4,0.3343877210719573,6.048122309794549,0.4712640708417055,0.4182621595990068,1.51602662472186,Silver,2,1,5,8,Promo-Dependent
1139,18,Male,Pants,Clothing,36,Iowa,M,Purple,Summer,4.7,0,Express,1,1,32,Venmo,Fortnightly,26,0.6557133899698174,61.56090786046972,0.4712640708417055,0.7951426779939635,0.5997467965932632,Gold,4,2,2,8,Promo-Dependent
1140,58,Male,Coat,Outerwear,53,Alabama,L,Purple,Spring,3.9,0,Standard,1,1,42,Debit Card,Bi-Weekly,26,0.6826415987921073,70.799207624674,3.3361111111111157,0.7045283197584215,0.9270136039732239,Platinum,5,2,3,10,Promo-Dependent
1141,31,Male,Jeans,Clothing,39,Maryland,M,White,Winter,2.6,0,Store Pickup,1,1,6,Credit Card,Every 3 Months,4,0.2441188965731355,3.6021007277184185,0.4712640708417055,0.3762083946992425,0.6497256963093685,Bronze,1,1,2,4,At-Risk / One-Timer
1142,39,Male,Gloves,Accessories,33,Ohio,S,Silver,Winter,4.7,0,Next Day Air,1,1,23,PayPal,Fortnightly,26,0.6233158463485474,57.14894626821199,2.3996554557680767,0.7886631692697095,0.5514824797843666,Silver,3,2,1,6,Occasional Buyer
1143,69,Male,T-shirt,Clothing,76,Ohio,L,Green,Spring,3.5,0,Store Pickup,1,1,27,Venmo,Bi-Weekly,26,0.638998197930395,72.16777975484437,0.4712640708417055,0.647799639586079,1.2661321261413336,Gold,3,2,4,9,Promo-Dependent
1144,68,Male,Boots,Footwear,23,Nevada,L,Teal,Winter,4.4,0,Standard,1,1,43,PayPal,Quarterly,4,0.43113425855288035,5.480671527152812,-2.7198160345219193,0.6296114670951914,0.38170836450281215,Platinum,5,1,1,7,Occasional Buyer
1145,41,Male,Jeans,Clothing,54,South Carolina,S,Indigo,Fall,4.4,0,2-Day Shipping,1,1,25,Bank Transfer,Fortnightly,26,0.6314589040678263,65.79212175591972,0.4712640708417055,0.7542917808135653,0.8996201948898949,Silver,3,2,3,8,Promo-Dependent
1146,31,Male,Sneakers,Footwear,89,Nevada,L,Pink,Summer,3.0,0,Express,1,1,30,Cash,Every 3 Months,4,0.39550679567473,7.118821215433946,-2.7198160345219193,0.4544859745195614,1.4770454104674036,Gold,3,1,5,9,Promo-Dependent
1147,48,Male,Sneakers,Footwear,38,Wisconsin,M,Indigo,Summer,4.2,0,Standard,1,1,7,Bank Transfer,Every 3 Months,4,0.2577035674205047,3.776451622690186,-2.7198160345219193,0.5709253288687163,0.6306486022220374,Bronze,1,1,2,4,At-Risk / One-Timer
1148,59,Male,Hat,Accessories,36,Tennessee,XL,Red,Winter,4.3,0,Next Day Air,1,1,17,Debit Card,Annually,1,0.3055872854577921,1.1034506029358655,2.3996554557680767,0.5809636109377123,0.6016172506738545,Silver,2,1,2,5,At-Risk / One-Timer
1149,34,Male,Pants,Clothing,66,Florida,M,Violet,Spring,2.6,0,Store Pickup,1,1,10,PayPal,Fortnightly,26,0.5439472648879285,59.46540730031657,0.4712640708417055,0.5207894529775857,1.099535793754316,Bronze,1,2,3,6,Occasional Buyer
1150,21,Male,Jewelry,Accessories,42,Georgia,L,Cyan,Spring,3.3,0,Store Pickup,1,1,40,Venmo,Annually,1,0.38933467262132265,1.464365615706834,2.3996554557680767,0.4777130883704183,0.7018867924528303,Platinum,4,1,2,7,Occasional Buyer
1151,29,Male,Jewelry,Accessories,36,Kentucky,S,Red,Winter,2.7,0,Next Day Air,1,1,50,Venmo,Bi-Weekly,26,0.7,65.71870601012489,2.3996554557680767,0.5640000000000001,0.6016172506738545,Platinum,5,2,2,9,Promo-Dependent
1152,41,Male,Blouse,Clothing,86,Ohio,M,Gray,Spring,3.8637344137582152,0,Express,1,1,24,Credit Card,Weekly,52,0.9274688275164299,215.38350946344295,0.4712640708417055,0.8491418951542717,1.432728458528351,Silver,3,3,5,11,Loyal Promo-User
1153,62,Male,Handbag,Accessories,49,Connecticut,M,Gold,Fall,4.0,0,Standard,1,1,8,PayPal,Every 3 Months,4,0.2696860963176239,4.2200728521546225,2.3996554557680767,0.5493218346481401,0.8188679245283019,Bronze,1,1,2,4,At-Risk / One-Timer
1154,27,Male,Shirt,Clothing,41,Idaho,M,Pink,Summer,4.0,0,Free Shipping,1,1,6,Bank Transfer,Quarterly,4,0.2441188965731355,3.649743131881074,0.4712640708417055,0.5442083946992424,0.6830449627867721,Bronze,1,1,2,4,At-Risk / One-Timer
1155,49,Male,Dress,Clothing,82,Georgia,L,Cyan,Spring,2.9,0,2-Day Shipping,1,1,44,Credit Card,Bi-Weekly,26,0.6872666639219928,78.95996791600837,0.4712640708417055,0.5854533327843985,1.3660899255735441,Platinum,5,2,4,11,Loyal Promo-User
1156,67,Male,T-shirt,Clothing,53,Tennessee,S,Red,Fall,2.6,0,Express,1,1,47,PayPal,Quarterly,4,0.43998626625794646,7.0203927872413185,0.4712640708417055,0.4153818686362047,0.8829605616511932,Platinum,5,1,3,9,Promo-Dependent
1157,20,Male,Shoes,Footwear,21,Hawaii,M,Gold,Summer,4.8,0,Express,1,1,6,Venmo,Every 3 Months,4,0.2441188965731355,3.0183274918981993,-2.7198160345219193,0.6402083946992425,0.34851633280691546,Bronze,1,1,1,3,At-Risk / One-Timer
1158,37,Male,Belt,Accessories,66,Maryland,M,Charcoal,Fall,4.4,0,Standard,1,1,11,Cash,Quarterly,4,0.2989531187468407,5.028023887755008,2.3996554557680767,0.6031752391339835,1.1029649595687332,Bronze,2,1,3,6,Occasional Buyer
1159,69,Male,Belt,Accessories,89,Nevada,L,Orange,Summer,4.0,0,2-Day Shipping,1,1,41,Bank Transfer,Annually,1,0.39178621079519266,1.7629633800382596,2.3996554557680767,0.5622033960051923,1.4873315363881403,Platinum,5,1,5,11,Loyal Promo-User
1160,66,Male,Handbag,Accessories,55,New Hampshire,L,Blue,Fall,3.6,0,2-Day Shipping,1,1,46,Venmo,Every 3 Months,4,0.43784442059494383,7.049911114883236,2.3996554557680767,0.5349534995036042,0.9191374663072777,Platinum,5,1,3,9,Promo-Dependent
1161,37,Male,Scarf,Accessories,42,North Dakota,S,Blue,Summer,3.2,0,Next Day Air,1,1,9,Venmo,Bi-Weekly,26,0.5342509875137679,52.24504677720078,2.3996554557680767,0.5908501975027536,0.7018867924528303,Bronze,1,2,2,5,At-Risk / One-Timer
1162,63,Male,Shorts,Clothing,52,Oklahoma,S,Orange,Fall,3.1,0,2-Day Shipping,1,1,37,PayPal,Monthly,12,0.5085274060270781,24.228026975627337,0.4712640708417055,0.5198593273592618,0.8663009284124914,Gold,4,2,3,9,Promo-Dependent
1163,47,Male,Sandals,Footwear,92,North Carolina,M,Blue,Winter,4.2,0,Express,1,1,13,PayPal,Weekly,52,0.8684816241748421,204.6969272164859,-2.7198160345219193,0.8776963248349684,1.5268334580112486,Bronze,2,3,5,10,Promo-Dependent
1164,26,Male,Pants,Clothing,56,Tennessee,L,White,Summer,3.0,0,2-Day Shipping,1,1,24,Debit Card,Monthly,12,0.4659303659779684,22.605364282678096,0.4712640708417055,0.49933991934943983,0.9329394613672984,Silver,3,2,3,8,Promo-Dependent
1165,68,Male,Dress,Clothing,96,Montana,M,Green,Winter,4.2,0,Standard,1,1,47,PayPal,Quarterly,4,0.43998626625794646,8.051240010563761,0.4712640708417055,0.6073818686362047,1.5993247909153687,Platinum,5,1,5,11,Loyal Promo-User
1166,51,Male,T-shirt,Clothing,64,Wisconsin,M,Silver,Winter,2.9,0,Next Day Air,1,1,21,Venmo,Every 3 Months,4,0.36061768479732753,6.021431490868806,0.4712640708417055,0.43550815234408086,1.0662165272769124,Silver,3,1,3,7,Occasional Buyer
1167,48,Male,Dress,Clothing,48,Connecticut,S,Lavender,Winter,3.7,0,Store Pickup,1,1,22,Venmo,Fortnightly,26,0.6189860903121072,62.6335483936447,0.4712640708417055,0.6677972180624214,0.7996623954576844,Silver,3,2,2,7,Occasional Buyer
1168,60,Male,Socks,Clothing,83,New Jersey,XL,Beige,Summer,3.6,0,Free Shipping,1,1,16,PayPal,Quarterly,4,0.3343877210719573,5.926442927410243,0.4712640708417055,0.5142621595990069,1.3827495588122458,Silver,2,1,4,7,Occasional Buyer
1169,68,Male,Scarf,Accessories,91,Mississippi,L,Violet,Summer,3.6,0,Standard,1,1,37,Debit Card,Fortnightly,26,0.6700658675655395,78.77730083153611,2.3996554557680767,0.666013173513108,1.5207547169811322,Gold,4,2,5,11,Loyal Promo-User
1170,25,Male,Backpack,Accessories,94,Wyoming,S,Gray,Fall,4.5,0,2-Day Shipping,1,1,3,Cash,Annually,1,0.15257160904956724,0.6947923247651362,2.3996554557680767,0.5743604756560673,1.57088948787062,Bronze,1,1,5,7,Occasional Buyer
1171,57,Male,Skirt,Clothing,62,Illinois,S,Red,Spring,3.2,0,Express,1,1,33,Cash,Bi-Weekly,26,0.658750448673664,70.96158835807236,0.4712640708417055,0.6157500897347328,1.032897260799509,Gold,4,2,3,9,Promo-Dependent
1172,41,Male,Socks,Clothing,55,Louisiana,M,Lavender,Spring,3.9,0,Next Day Air,1,1,15,Debit Card,Annually,1,0.2936047565606729,1.1818624032293867,0.4712640708417055,0.5305671051582884,0.9162798281285967,Silver,2,1,3,6,Occasional Buyer
1173,59,Male,Coat,Outerwear,68,Oregon,L,Peach,Spring,4.6,0,Store Pickup,1,1,42,Bank Transfer,Bi-Weekly,26,0.6826415987921073,75.14980807761269,3.3361111111111157,0.7885283197584214,1.1893759447203627,Platinum,5,2,3,10,Promo-Dependent
1174,44,Male,Jewelry,Accessories,76,South Dakota,M,Indigo,Winter,2.5,0,Express,1,1,42,Cash,Bi-Weekly,26,0.6826415987921073,77.0968192284166,2.3996554557680767,0.5365283197584215,1.2700808625336928,Platinum,5,2,4,11,Loyal Promo-User
1175,42,Male,Backpack,Accessories,31,Michigan,M,Black,Winter,4.3,0,Express,1,1,19,Bank Transfer,Bi-Weekly,26,0.6047675612693206,54.49508089843267,2.3996554557680767,0.7369535122538642,0.5180592991913747,Silver,2,2,1,5,At-Risk / One-Timer
1176,35,Male,Belt,Accessories,81,New Jersey,M,Beige,Spring,4.1,0,Store Pickup,1,1,26,PayPal,Quarterly,4,0.3814522213995128,6.7238113838117535,2.3996554557680767,0.5836750596645179,1.3536388140161726,Gold,3,1,4,8,Promo-Dependent
1177,36,Male,Dress,Clothing,83,Oregon,M,Red,Winter,3.887642067512437,0,Free Shipping,1,1,39,PayPal,Quarterly,4,0.42143798117871967,7.469257946709133,0.4712640708417055,0.5661892597218517,1.3827495588122458,Platinum,4,1,4,9,Promo-Dependent
1178,54,Male,Skirt,Clothing,21,Iowa,M,Black,Spring,4.8,0,Standard,1,1,24,Debit Card,Monthly,12,0.4659303659779684,17.28252649856013,0.4712640708417055,0.7153399193494397,0.34985229801273693,Silver,3,2,1,6,Occasional Buyer
1179,37,Male,Dress,Clothing,22,South Carolina,M,Teal,Spring,4.9,0,Express,1,1,23,Debit Card,Annually,1,0.334854307887009,1.0499337455586752,0.4712640708417055,0.6588170154235558,0.36651193125143866,Silver,3,1,1,5,At-Risk / One-Timer
1180,20,Male,T-shirt,Clothing,33,Indiana,M,Blue,Summer,2.8,0,Free Shipping,1,1,44,Bank Transfer,Annually,1,0.3988051254604543,1.4063306514383418,0.4712640708417055,0.4196071789382447,0.549767896877158,Platinum,5,1,1,7,Occasional Buyer
1181,23,Male,Skirt,Clothing,23,Oregon,S,Beige,Spring,4.9,0,Standard,1,1,34,Cash,Monthly,12,0.5001610026390428,19.07446308273215,0.4712640708417055,0.7341860466816549,0.38317156449014045,Gold,4,2,1,7,Occasional Buyer
1182,61,Male,Shorts,Clothing,96,New York,L,Teal,Summer,3.5,0,Free Shipping,1,1,43,Bank Transfer,Quarterly,4,0.43113425855288035,7.889258503243111,0.4712640708417055,0.5216114670951915,1.5993247909153687,Platinum,5,1,5,11,Loyal Promo-User
1183,37,Male,Jewelry,Accessories,21,New Mexico,M,Maroon,Spring,3.8,0,Express,1,1,45,PayPal,Quarterly,4,0.43565651022150625,5.386531072706428,2.3996554557680767,0.5585159174289166,0.3509433962264151,Platinum,5,1,1,7,Occasional Buyer
1184,23,Male,Pants,Clothing,39,Louisiana,M,Yellow,Spring,4.5,0,2-Day Shipping,1,1,4,Credit Card,Weekly,52,0.7637344137582149,146.50085774024643,0.4712640708417055,0.8927468827516429,0.6497256963093685,Bronze,1,3,2,6,Occasional Buyer
1185,63,Male,Belt,Accessories,73,South Carolina,S,Indigo,Fall,3.4,0,Express,1,1,19,Credit Card,Annually,1,0.3163060228077822,1.3614017115372175,2.3996554557680767,0.47510735840771023,1.2199460916442049,Silver,2,1,4,7,Occasional Buyer
1186,47,Male,Jeans,Clothing,64,Maine,M,Magenta,Spring,3.9,0,Standard,1,1,29,Credit Card,Monthly,12,0.4844786510571952,24.268818162112392,0.4712640708417055,0.6110495763652852,1.0662165272769124,Gold,3,2,3,8,Promo-Dependent
1187,63,Male,Jeans,Clothing,68,Indiana,M,Beige,Summer,4.1,0,2-Day Shipping,1,1,27,Credit Card,Annually,1,0.3505366594688566,1.4842095499568804,0.4712640708417055,0.5659534857399251,1.1328550602317196,Gold,3,1,3,7,Occasional Buyer
1188,56,Male,Hat,Accessories,89,Iowa,L,Maroon,Fall,3.0,0,Express,1,1,37,Credit Card,Every 3 Months,4,0.41621971371938576,7.491637971106346,2.3996554557680767,0.4586285581284925,1.4873315363881403,Gold,4,1,5,10,Promo-Dependent
1189,68,Male,Blouse,Clothing,29,Mississippi,M,Magenta,Summer,3.3,0,Next Day Air,1,1,11,Credit Card,Weekly,52,0.8527992725929945,150.82800995738754,0.4712640708417055,0.7665598545185989,0.48312936392235095,Bronze,2,3,1,6,Occasional Buyer
1190,64,Male,Shirt,Clothing,97,Arkansas,XL,Teal,Summer,3.871284087572994,0,Free Shipping,1,1,28,Debit Card,Annually,1,0.354106636684449,1.6235674131796147,0.4712640708417055,0.5392215716918028,1.6159844241540704,Gold,3,1,5,9,Promo-Dependent
1191,62,Male,Shirt,Clothing,45,South Carolina,M,Orange,Winter,4.3,0,Next Day Air,1,1,31,Credit Card,Weekly,52,0.9525828687777642,189.64910665942216,0.4712640708417055,0.9065165737555528,0.7496834957415791,Gold,4,3,2,9,Promo-Dependent
1192,34,Male,T-shirt,Clothing,70,Indiana,L,Charcoal,Winter,4.1,0,Free Shipping,1,1,50,Venmo,Quarterly,4,0.4461538461538462,7.607244088258348,0.4712640708417055,0.5966153846153845,1.1661743267091231,Platinum,5,1,4,10,Promo-Dependent
1193,49,Male,Coat,Outerwear,56,Florida,M,Turquoise,Summer,4.0,0,2-Day Shipping,1,1,42,Venmo,Quarterly,4,0.4287954449459535,6.93456786932167,3.3361111111111157,0.5811437043738061,0.9794860721226516,Platinum,5,1,3,9,Promo-Dependent
1194,40,Male,Jacket,Outerwear,55,Alaska,L,Pink,Fall,5.0,0,2-Day Shipping,1,1,18,Credit Card,Fortnightly,26,0.5995492938099868,62.74831585144448,3.3361111111111157,0.8199098587619973,0.9619952494061758,Silver,2,2,3,7,Occasional Buyer
1195,50,Male,Hoodie,Clothing,46,New York,S,Teal,Winter,3.1,0,2-Day Shipping,1,1,6,Credit Card,Fortnightly,26,0.49796505041928935,49.848212559788635,0.4712640708417055,0.5715930100838579,0.7663431289802809,Bronze,1,2,2,5,At-Risk / One-Timer
1196,25,Male,Scarf,Accessories,95,Texas,M,White,Winter,4.0,0,2-Day Shipping,1,1,33,Venmo,Monthly,12,0.4972119871352025,27.233383611080285,2.3996554557680767,0.6255962435808867,1.587601078167116,Gold,4,2,5,11,Loyal Promo-User
1197,30,Male,Belt,Accessories,88,North Dakota,M,Maroon,Winter,3.2,0,2-Day Shipping,1,1,13,Bank Transfer,Bi-Weekly,26,0.5684816241748422,66.34438963868544,2.3996554557680767,0.5976963248349685,1.4706199460916443,Bronze,2,2,5,9,Promo-Dependent
1198,54,Male,Sneakers,Footwear,92,Vermont,L,Violet,Fall,3.9,0,Standard,1,1,26,PayPal,Annually,1,0.3468368367841282,1.572072470614618,-2.7198160345219193,0.5412135212029794,1.5268334580112486,Gold,3,1,5,9,Promo-Dependent
1199,40,Male,Socks,Clothing,49,New Jersey,M,Brown,Summer,3.9,0,2-Day Shipping,1,1,17,Cash,Annually,1,0.3055872854577921,1.1954644908772207,0.4712640708417055,0.5329636109377123,0.8163220286963861,Silver,2,1,2,5,At-Risk / One-Timer
1200,49,Male,Sandals,Footwear,89,Maryland,M,Indigo,Fall,4.5,0,Free Shipping,1,1,3,Debit Card,Weekly,52,0.7410331475111056,173.39442240669882,-2.7198160345219193,0.8882066295022211,1.4770454104674036,Bronze,1,3,5,9,Promo-Dependent
1201,27,Male,Coat,Outerwear,22,Connecticut,XL,Black,Winter,4.4,0,Store Pickup,1,1,7,PayPal,Weekly,52,0.8115497212666585,132.3196917624671,3.3361111111111157,0.8903099442533317,0.3847980997624703,Bronze,1,3,1,5,At-Risk / One-Timer
1202,27,Male,Shoes,Footwear,61,Illinois,XL,Black,Summer,3.1,0,2-Day Shipping,1,1,46,Venmo,Fortnightly,26,0.6916905744410977,74.22219879327359,-2.7198160345219193,0.6103381148882195,1.0123569667248498,Platinum,5,2,3,10,Promo-Dependent
1203,48,Male,Scarf,Accessories,29,Maryland,S,Olive,Spring,2.9,0,Standard,1,1,14,Venmo,Every 3 Months,4,0.32165438499395005,4.3760402081662955,2.3996554557680767,0.4277154923834054,0.4846361185983828,Silver,2,1,1,4,At-Risk / One-Timer
1204,40,Male,Sneakers,Footwear,82,Minnesota,M,Orange,Winter,3.7,0,Free Shipping,1,1,23,Bank Transfer,Annually,1,0.334854307887009,1.47966781338674,-2.7198160345219193,0.5148170154235556,1.3608732995317652,Silver,3,1,4,8,Promo-Dependent
1205,67,Male,Belt,Accessories,94,Florida,M,Pink,Spring,3.2,0,2-Day Shipping,1,1,20,Credit Card,Every 3 Months,4,0.3558850216550244,6.482626304726295,2.3996554557680767,0.47056161971562027,1.57088948787062,Silver,2,1,5,8,Promo-Dependent
1206,52,Male,Handbag,Accessories,99,California,M,Olive,Spring,3.5,0,Standard,1,1,38,Bank Transfer,Fortnightly,26,0.6727084553941624,80.54635998872571,2.3996554557680767,0.6545416910788325,1.6544474393531,Gold,4,2,5,11,Loyal Promo-User
1207,22,Male,Handbag,Accessories,59,Mississippi,S,Cyan,Fall,3.0,0,Free Shipping,1,1,16,Venmo,Every 3 Months,4,0.3343877210719573,5.476394189779235,2.3996554557680767,0.44226215959900683,0.9859838274932615,Silver,2,1,3,6,Occasional Buyer
1208,62,Male,Boots,Footwear,90,Washington,M,White,Summer,4.1,0,Next Day Air,1,1,48,Credit Card,Every 3 Months,4,0.44208394699242487,7.9767142998770835,-2.7198160345219193,0.5958014047831003,1.493641426315352,Platinum,5,1,5,11,Loyal Promo-User
1209,20,Male,Boots,Footwear,100,Wisconsin,S,Red,Winter,3.8,0,2-Day Shipping,1,1,8,Debit Card,Annually,1,0.2350707117022393,1.0848796644854815,-2.7198160345219193,0.5068602961866017,1.6596015847948355,Bronze,1,1,5,7,Occasional Buyer
1210,41,Male,Pants,Clothing,62,Pennsylvania,M,Blue,Winter,3.8,0,Next Day Air,1,1,16,Bank Transfer,Monthly,12,0.4266954133796496,21.214279017182598,0.4712640708417055,0.5874929288297761,1.032897260799509,Silver,2,2,3,7,Occasional Buyer
1211,34,Male,Sunglasses,Accessories,78,Missouri,M,Olive,Fall,4.1,0,Next Day Air,1,1,5,Cash,Quarterly,4,0.2284365449912879,3.992566283748676,2.3996554557680767,0.5530719243828729,1.3035040431266847,Bronze,1,1,4,6,Occasional Buyer
1212,23,Male,Hoodie,Clothing,94,Oklahoma,M,Green,Spring,4.6,0,Store Pickup,1,1,14,Venmo,Every 3 Months,4,0.32165438499395005,5.859097883623732,0.4712640708417055,0.6317154923834054,1.5660055244379651,Silver,2,1,5,8,Promo-Dependent
1213,32,Male,Shoes,Footwear,74,Pennsylvania,M,Yellow,Summer,2.5,0,Free Shipping,1,1,18,Credit Card,Weekly,52,0.8995492938099867,201.95725594535918,-2.7198160345219193,0.6799098587619974,1.2281051727481782,Silver,2,3,4,9,Promo-Dependent
1214,68,Male,Handbag,Accessories,52,Kentucky,XL,Black,Spring,3.7,0,Express,1,1,14,Debit Card,Every 3 Months,4,0.32165438499395005,5.108247214800244,2.3996554557680767,0.5237154923834054,0.8690026954177897,Silver,2,1,3,6,Occasional Buyer
1215,30,Male,Jacket,Outerwear,81,Vermont,M,Blue,Fall,3.8,0,Free Shipping,1,1,5,Cash,Every 3 Months,4,0.2284365449912879,4.02662287836662,3.3361111111111157,0.517071924382873,1.4167566400345497,Bronze,1,1,4,6,Occasional Buyer
1216,66,Male,Blouse,Clothing,20,Oregon,L,Pink,Winter,2.6,0,2-Day Shipping,1,1,15,Credit Card,Every 3 Months,4,0.3282201411760575,3.997094337293027,0.4712640708417055,0.3930286436198269,0.33319266477403514,Silver,2,1,1,4,At-Risk / One-Timer
1217,62,Male,Pants,Clothing,32,Utah,XL,Lavender,Summer,3.7,0,Free Shipping,1,1,3,Venmo,Every 3 Months,4,0.18718699366495184,2.618002955030729,0.4712640708417055,0.49682201411760574,0.5331082636384562,Bronze,1,1,1,3,At-Risk / One-Timer
1218,50,Male,Boots,Footwear,63,Nebraska,XL,Cyan,Fall,2.6,0,Free Shipping,1,1,12,Cash,Every 3 Months,4,0.30709617646611964,5.108708373077525,-2.7198160345219193,0.3888038506778393,1.0455489984207464,Bronze,2,1,3,6,Occasional Buyer
1219,55,Male,Boots,Footwear,79,Pennsylvania,M,Cyan,Spring,3.1,0,Store Pickup,1,1,43,Cash,Every 3 Months,4,0.43113425855288035,7.556967216396389,-2.7198160345219193,0.4736114670951915,1.3110852519879201,Platinum,5,1,4,10,Promo-Dependent
1220,19,Male,Sweater,Clothing,23,Vermont,M,Gold,Winter,2.5,0,Next Day Air,1,1,35,Credit Card,Bi-Weekly,26,0.6645653976748835,54.912639797531604,0.4712640708417055,0.5329130795349768,0.38317156449014045,Gold,4,2,1,7,Occasional Buyer
1221,67,Male,Gloves,Accessories,64,Kentucky,M,Green,Winter,3.9836764012417434,0,Express,1,1,36,Bank Transfer,Quarterly,4,0.413506648637333,6.904547560355564,2.3996554557680767,0.5761271132610912,1.0695417789757413,Gold,4,1,3,8,Promo-Dependent
1222,18,Male,Socks,Clothing,69,Iowa,M,Red,Winter,4.5,0,Standard,1,1,3,Cash,Quarterly,4,0.18718699366495184,3.1810522078362857,0.4712640708417055,0.5928220141176057,1.1495146934704212,Bronze,1,1,4,6,Occasional Buyer
1223,58,Male,Jeans,Clothing,69,Indiana,L,Magenta,Fall,3.4,0,Store Pickup,1,1,27,Bank Transfer,Annually,1,0.3505366594688566,1.4892533299173139,0.4712640708417055,0.48195348573992514,1.1495146934704212,Gold,3,1,4,8,Promo-Dependent
1224,69,Male,Pants,Clothing,24,Kansas,L,Red,Winter,3.9,0,Free Shipping,1,1,21,Bank Transfer,Weekly,52,0.9144638386434814,153.0643682321352,0.4712640708417055,0.8508927677286962,0.3998311977288422,Silver,3,3,1,7,Occasional Buyer
1225,62,Male,Shorts,Clothing,50,Illinois,M,Yellow,Summer,3.7,0,Store Pickup,1,1,18,Venmo,Weekly,52,0.8995492938099867,183.9172905076609,0.4712640708417055,0.8239098587619974,0.8329816619350878,Silver,2,3,2,7,Occasional Buyer
1226,28,Male,Gloves,Accessories,97,North Carolina,S,Turquoise,Fall,2.6,0,Free Shipping,1,1,16,Debit Card,Weekly,52,0.8882338749181111,211.77121835756037,2.3996554557680767,0.6896467749836223,1.6210242587601078,Silver,2,3,5,10,Promo-Dependent
1227,53,Male,Sandals,Footwear,91,Ohio,S,Cyan,Fall,3.4,0,Store Pickup,1,1,18,Venmo,Bi-Weekly,26,0.5995492938099868,70.48691385132324,-2.7198160345219193,0.6279098587619973,1.5102374421633002,Silver,2,2,5,9,Promo-Dependent
1228,27,Male,Blouse,Clothing,37,Illinois,L,Yellow,Spring,4.9,0,Store Pickup,1,1,19,Bank Transfer,Bi-Weekly,26,0.6047675612693206,57.19724687884375,0.4712640708417055,0.8089535122538642,0.616406429831965,Silver,2,2,2,6,Occasional Buyer
1229,55,Male,Jacket,Outerwear,55,Indiana,S,Yellow,Winter,3.9,0,Express,1,1,1,Cash,Annually,1,0.08205503529401438,0.33030037505409315,3.3361111111111157,0.4882571609049567,0.9619952494061758,Bronze,1,1,3,5,At-Risk / One-Timer
1230,34,Male,Jewelry,Accessories,52,Kansas,XL,Maroon,Winter,3.6,0,Express,1,1,39,Bank Transfer,Annually,1,0.38682259656333506,1.535798627114644,2.3996554557680767,0.5132106731588209,0.8690026954177897,Platinum,4,1,3,8,Promo-Dependent
1231,25,Male,Hat,Accessories,80,Illinois,L,Brown,Spring,3.9989927006359913,0,Standard,1,1,49,Venmo,Monthly,12,0.5364469397335212,28.288665610063067,2.3996554557680767,0.6333223581768694,1.3369272237196765,Platinum,5,2,4,11,Loyal Promo-User
1232,66,Male,Socks,Clothing,79,Pennsylvania,M,Gold,Spring,4.0,0,2-Day Shipping,1,1,43,Credit Card,Fortnightly,26,0.6849804123990342,78.04166269542414,0.4712640708417055,0.7169960824798068,1.3161110258574389,Platinum,5,2,4,11,Loyal Promo-User
1233,57,Male,Handbag,Accessories,23,New York,M,Charcoal,Summer,3.6,0,Free Shipping,1,1,31,Debit Card,Every 3 Months,4,0.3987367149316104,5.068826976755045,2.3996554557680767,0.5271319583709375,0.384366576819407,Gold,4,1,1,6,Occasional Buyer
1234,46,Male,Pants,Clothing,73,Utah,L,Beige,Winter,3.5,0,Next Day Air,1,1,40,Venmo,Every 3 Months,4,0.42395005723670726,7.298834570457687,0.4712640708417055,0.5201746268319568,1.2161532264252284,Platinum,4,1,4,9,Promo-Dependent
1235,38,Male,Gloves,Accessories,99,New Jersey,M,Indigo,Fall,4.1,0,Store Pickup,1,1,2,Bank Transfer,Bi-Weekly,26,0.41176612508188887,49.30258015350091,2.3996554557680767,0.6743532250163777,1.6544474393531,Bronze,1,2,5,8,Promo-Dependent
1236,23,Male,Sweater,Clothing,22,Idaho,M,Red,Spring,3.0,0,Store Pickup,1,1,46,PayPal,Every 3 Months,4,0.43784442059494383,5.491434593009185,0.4712640708417055,0.46295349950360415,0.36651193125143866,Platinum,5,1,1,7,Occasional Buyer
1237,42,Male,Hat,Accessories,68,New Mexico,M,White,Summer,4.4,0,Store Pickup,1,1,35,Debit Card,Every 3 Months,4,0.41071924382872965,6.956116087433968,2.3996554557680767,0.6255284641503613,1.136388140161725,Gold,4,1,3,8,Promo-Dependent
1238,25,Male,Dress,Clothing,92,Michigan,S,Charcoal,Spring,4.4,0,2-Day Shipping,1,1,42,Credit Card,Quarterly,4,0.4287954449459535,7.774232065713815,0.4712640708417055,0.6291437043738061,1.5326862579605618,Platinum,5,1,5,11,Loyal Promo-User
1239,55,Male,Pants,Clothing,77,Wyoming,M,Violet,Winter,3.7,0,Express,1,1,3,Venmo,Fortnightly,26,0.44103314751110567,49.9577781722325,0.4712640708417055,0.6322066295022212,1.2827917593800353,Bronze,1,2,4,7,Occasional Buyer
1240,62,Male,Coat,Outerwear,37,New Jersey,XL,Magenta,Spring,4.8,0,Standard,1,1,32,Debit Card,Every 3 Months,4,0.4018672361236636,5.847306784683736,3.3361111111111157,0.6717580626093481,0.6471604405096091,Gold,4,1,2,7,Occasional Buyer
1241,41,Male,Scarf,Accessories,79,New Jersey,L,White,Winter,2.9,0,Store Pickup,1,1,48,Debit Card,Annually,1,0.40746856237704027,1.7855380931284661,2.3996554557680767,0.43333986632156185,1.3202156334231807,Platinum,5,1,4,10,Promo-Dependent
1242,58,Male,Hoodie,Clothing,51,Hawaii,XL,Pink,Winter,3.1,0,Express,1,1,34,Credit Card,Weekly,52,0.9616994641775043,197.59526628371339,0.4712640708417055,0.764339892835501,0.8496412951737896,Gold,4,3,2,9,Promo-Dependent
1243,56,Male,Socks,Clothing,27,Nevada,M,Lavender,Summer,4.0,0,Next Day Air,1,1,15,Bank Transfer,Quarterly,4,0.3282201411760575,4.374786539028804,0.4712640708417055,0.5610286436198269,0.44981009744494743,Silver,2,1,1,4,At-Risk / One-Timer
1244,25,Male,Blouse,Clothing,23,New Hampshire,S,Pink,Spring,3.0,0,Store Pickup,1,1,22,Debit Card,Annually,1,0.3305245518505688,1.0504248180327382,0.4712640708417055,0.4299510642162676,0.38317156449014045,Silver,3,1,1,5,At-Risk / One-Timer
1245,70,Male,Socks,Clothing,76,Indiana,S,Silver,Summer,3.9,0,2-Day Shipping,1,1,2,Cash,Monthly,12,0.25022766354342735,13.04328337917263,0.4712640708417055,0.5641993788625317,1.2661321261413336,Bronze,1,2,4,7,Occasional Buyer
1246,42,Male,Dress,Clothing,31,New York,M,Violet,Fall,3.4,0,Standard,1,1,30,Bank Transfer,Weekly,52,0.9493529495208839,171.09074328233388,0.4712640708417055,0.7978705899041768,0.5164486303997545,Gold,3,3,1,7,Occasional Buyer
1247,27,Male,Hoodie,Clothing,60,Louisiana,M,Charcoal,Winter,2.7,0,Standard,1,1,27,Cash,Monthly,12,0.4774597363919335,23.553321018344143,0.4712640708417055,0.4656457934322329,0.9995779943221055,Gold,3,2,3,8,Promo-Dependent
1248,65,Male,T-shirt,Clothing,99,Virginia,M,Charcoal,Spring,3.7,0,Express,1,1,18,Venmo,Bi-Weekly,26,0.5995492938099868,71.78668985498312,0.4712640708417055,0.6639098587619974,1.649303690631474,Silver,2,2,5,9,Promo-Dependent
1249,62,Male,Hat,Accessories,37,Wisconsin,XL,Red,Winter,3.0,0,Free Shipping,1,1,8,Credit Card,Annually,1,0.2350707117022393,0.855089967445097,2.3996554557680767,0.4108602961866017,0.6183288409703505,Bronze,1,1,2,4,At-Risk / One-Timer
1250,62,Male,Boots,Footwear,50,Oregon,M,Peach,Winter,4.5,0,Express,1,1,48,Venmo,Fortnightly,26,0.6959301008385788,71.14317103560026,-2.7198160345219193,0.7791860201677158,0.8298007923974178,Platinum,5,2,2,9,Promo-Dependent
1251,52,Male,Jeans,Clothing,26,New Hampshire,XL,Purple,Winter,4.1,0,Free Shipping,1,1,24,Cash,Monthly,12,0.4659303659779684,18.42756572617293,0.4712640708417055,0.6313399193494398,0.4331504642062457,Silver,3,2,1,6,Occasional Buyer
1252,56,Male,Shorts,Clothing,86,Indiana,XL,Orange,Spring,5.0,0,Next Day Air,1,1,43,Credit Card,Monthly,12,0.5234419508605727,28.0517238959115,0.4712640708417055,0.7508422363259606,1.432728458528351,Platinum,5,2,5,12,Loyal Promo-User
1253,28,Male,Sandals,Footwear,41,Massachusetts,L,Magenta,Fall,4.0,0,Standard,1,1,8,Cash,Quarterly,4,0.2696860963176239,4.0319901147193,-2.7198160345219193,0.5493218346481401,0.6804366497658826,Bronze,1,1,2,4,At-Risk / One-Timer
1254,39,Male,Sandals,Footwear,23,Montana,XL,Red,Winter,4.9,0,Express,1,1,49,PayPal,Annually,1,0.40952386281044434,1.3014888808236194,-2.7198160345219193,0.6737509264082427,0.38170836450281215,Platinum,5,1,1,7,Occasional Buyer
1255,54,Male,Sneakers,Footwear,56,California,XL,Black,Spring,3.3,0,2-Day Shipping,1,1,2,Credit Card,Bi-Weekly,26,0.41176612508188887,43.28458040565492,-2.7198160345219193,0.5783532250163778,0.9293768874851079,Bronze,1,2,3,6,Occasional Buyer
1256,30,Male,Hat,Accessories,68,Indiana,M,Peach,Fall,4.1,0,Standard,1,1,38,Cash,Fortnightly,26,0.6727084553941624,74.05630041373196,2.3996554557680767,0.7265416910788325,1.136388140161725,Gold,4,2,3,9,Promo-Dependent
1257,45,Male,Coat,Outerwear,48,West Virginia,S,Olive,Winter,3.6,0,Express,1,1,4,Cash,Fortnightly,26,0.46373441375821495,46.92404611431297,3.3361111111111157,0.624746882751643,0.8395594903908443,Bronze,1,2,2,5,At-Risk / One-Timer
1258,68,Male,Dress,Clothing,67,Minnesota,L,Gold,Spring,3.0,0,Free Shipping,1,1,31,Cash,Every 3 Months,4,0.3987367149316104,6.729890563962155,0.4712640708417055,0.45513195837093745,1.1161954269930177,Gold,4,1,3,8,Promo-Dependent
1259,47,Male,Boots,Footwear,87,Ohio,XL,Gold,Spring,4.1,0,2-Day Shipping,1,1,34,Debit Card,Every 3 Months,4,0.40785331033135047,7.304386565013441,-2.7198160345219193,0.5889552774508854,1.4438533787715069,Gold,4,1,5,10,Promo-Dependent
1260,68,Male,Skirt,Clothing,64,Minnesota,M,Turquoise,Fall,3.9,0,Standard,1,1,45,Credit Card,Monthly,12,0.5279642025291986,26.447124551981865,0.4712640708417055,0.6197466866596859,1.0662165272769124,Platinum,5,2,3,10,Promo-Dependent
1261,63,Male,Shirt,Clothing,93,Virginia,XL,Green,Spring,4.1,0,Store Pickup,1,1,30,Debit Card,Quarterly,4,0.39550679567473,7.187615844565317,0.4712640708417055,0.5864859745195613,1.5493458911992635,Gold,3,1,5,9,Promo-Dependent
1262,20,Male,Shirt,Clothing,29,Connecticut,L,Maroon,Summer,2.8,0,Next Day Air,1,1,2,Credit Card,Fortnightly,26,0.41176612508188887,36.412944528627996,0.4712640708417055,0.5183532250163777,0.48312936392235095,Bronze,1,2,1,4,At-Risk / One-Timer
1263,29,Male,Boots,Footwear,62,Tennessee,L,Brown,Winter,4.8,0,Store Pickup,1,1,44,Venmo,Monthly,12,0.5257282023835312,26.137953263263245,-2.7198160345219193,0.7272994866305523,1.028952982572798,Platinum,5,2,3,10,Promo-Dependent
1264,41,Male,Hoodie,Clothing,70,Delaware,L,Brown,Winter,4.6,0,2-Day Shipping,1,1,1,Credit Card,Bi-Weekly,26,0.3705165737555528,41.06423211951032,0.4712640708417055,0.7261033147511105,1.1661743267091231,Bronze,1,2,4,7,Occasional Buyer
1265,52,Male,Sweater,Clothing,92,Vermont,S,Blue,Winter,2.5,0,Next Day Air,1,1,1,Venmo,Bi-Weekly,26,0.3705165737555528,43.66448409464179,0.4712640708417055,0.47410331475111056,1.5326862579605618,Bronze,1,2,5,8,Promo-Dependent
1266,32,Male,Shirt,Clothing,79,Louisiana,M,Lavender,Spring,2.7,0,Next Day Air,1,1,27,Bank Transfer,Weekly,52,0.938998197930395,213.9651858885719,0.4712640708417055,0.7117996395860791,1.3161110258574389,Gold,3,3,4,10,Promo-Dependent
1267,20,Male,Blouse,Clothing,31,North Dakota,M,Peach,Fall,4.0,0,Standard,1,1,14,Debit Card,Every 3 Months,4,0.32165438499395005,4.459076601465993,0.4712640708417055,0.5597154923834053,0.5164486303997545,Silver,2,1,1,4,At-Risk / One-Timer
1268,47,Male,T-shirt,Clothing,83,Oregon,S,Gray,Spring,2.7,0,Standard,1,1,41,Cash,Weekly,52,0.9802477492567311,225.85150611062375,0.4712640708417055,0.7200495498513463,1.3827495588122458,Platinum,5,3,4,12,Loyal Promo-User
1269,23,Male,Jacket,Outerwear,88,Idaho,XL,Charcoal,Winter,2.9,0,Next Day Air,1,1,25,Debit Card,Bi-Weekly,26,0.6314589040678263,73.69412447254113,3.3361111111111157,0.5742917808135652,1.5391923990498813,Silver,3,2,5,10,Promo-Dependent
1270,43,Male,Jewelry,Accessories,53,Vermont,M,Lavender,Spring,3.0,0,Standard,1,1,47,PayPal,Quarterly,4,0.43998626625794646,7.0203927872413185,2.3996554557680767,0.4633818686362047,0.8857142857142858,Platinum,5,1,3,9,Promo-Dependent
1271,67,Male,Hoodie,Clothing,98,West Virginia,M,Green,Fall,3.3,0,Standard,1,1,20,Cash,Annually,1,0.3212696370396398,1.4762724864063836,0.4712640708417055,0.46410008125408175,1.6326440573927723,Silver,2,1,5,8,Promo-Dependent
1272,70,Male,Jewelry,Accessories,57,Kentucky,S,Gray,Spring,4.3,0,Store Pickup,1,1,42,PayPal,Annually,1,0.3941800603305689,1.6005456708660244,2.3996554557680767,0.5986821659122676,0.9525606469002695,Platinum,5,1,3,9,Promo-Dependent
1273,35,Male,Sandals,Footwear,80,Wisconsin,M,Orange,Winter,4.4,0,Express,1,1,16,Bank Transfer,Monthly,12,0.4266954133796496,22.5010955835457,-2.7198160345219193,0.6594929288297762,1.3276812678358685,Silver,2,2,4,8,Promo-Dependent
1274,41,Male,Jeans,Clothing,29,Mississippi,L,Silver,Spring,4.1,0,Next Day Air,1,1,32,Credit Card,Every 3 Months,4,0.4018672361236636,5.467319165118448,0.4712640708417055,0.587758062609348,0.48312936392235095,Gold,4,1,1,6,Occasional Buyer
1275,54,Male,Hat,Accessories,73,Missouri,M,Olive,Spring,3.1,0,2-Day Shipping,1,1,37,PayPal,Quarterly,4,0.41621971371938576,7.165746963692165,2.3996554557680767,0.4706285581284925,1.2199460916442049,Gold,4,1,4,9,Promo-Dependent
1276,55,Male,Sweater,Clothing,32,Arkansas,S,Turquoise,Fall,4.5,0,Standard,1,1,1,PayPal,Monthly,12,0.2089781122170913,8.768322594576604,0.4712640708417055,0.6279494685972645,0.5331082636384562,Bronze,1,2,1,4,At-Risk / One-Timer
1277,51,Male,Boots,Footwear,68,Wyoming,L,Turquoise,Spring,4.8,0,Next Day Air,1,1,37,Bank Transfer,Weekly,52,0.9700658675655396,213.58283438684583,-2.7198160345219193,0.9700131735131079,1.1285290776604882,Gold,4,3,3,10,Promo-Dependent
1278,19,Male,Blouse,Clothing,97,Rhode Island,L,Green,Spring,5.0,0,Express,1,1,5,Venmo,Quarterly,4,0.2284365449912879,4.189496518899689,0.4712640708417055,0.661071924382873,1.6159844241540704,Bronze,1,1,5,7,Occasional Buyer
1279,28,Male,Shorts,Clothing,98,Utah,M,Violet,Fall,2.8,0,Next Day Air,1,1,31,Venmo,Fortnightly,26,0.6525828687777642,77.96610884864049,0.4712640708417055,0.5665165737555528,1.6326440573927723,Gold,4,2,5,11,Loyal Promo-User
1280,63,Male,Hoodie,Clothing,56,Maryland,L,Charcoal,Fall,3.7,0,Express,1,1,18,Debit Card,Annually,1,0.31108775534844835,1.2577437436693484,0.4712640708417055,0.5100637049158435,0.9329394613672984,Silver,2,1,3,6,Occasional Buyer
1281,30,Male,Pants,Clothing,78,Georgia,L,White,Winter,4.4,0,2-Day Shipping,1,1,39,Venmo,Every 3 Months,4,0.42143798117871967,7.365805127237575,0.4712640708417055,0.6276722116203592,1.299451392618737,Platinum,4,1,4,9,Promo-Dependent
1282,29,Male,Belt,Accessories,81,New Jersey,M,Olive,Spring,4.5,0,Store Pickup,1,1,8,Venmo,Bi-Weekly,26,0.5235322501637778,59.98355072736737,2.3996554557680767,0.7447064500327556,1.3536388140161726,Bronze,1,2,4,7,Occasional Buyer
1283,24,Male,Shirt,Clothing,68,New Hampshire,L,Violet,Winter,3.0,0,Free Shipping,1,1,20,Venmo,Monthly,12,0.4481927139627167,22.772348226031653,0.4712640708417055,0.4957923889463895,1.1328550602317196,Silver,2,2,3,7,Occasional Buyer
1284,69,Male,Shirt,Clothing,94,Oregon,M,Violet,Winter,3.9,0,2-Day Shipping,1,1,23,Debit Card,Every 3 Months,4,0.3694696925023936,6.730077979333631,0.4712640708417055,0.5572785538850941,1.5660055244379651,Silver,3,1,5,9,Promo-Dependent
1285,65,Male,Dress,Clothing,93,Arkansas,M,Black,Spring,3.9,0,Express,1,1,38,PayPal,Fortnightly,26,0.6727084553941624,79.4641331999115,0.4712640708417055,0.7025416910788325,1.5493458911992635,Gold,4,2,5,11,Loyal Promo-User
1286,64,Male,Gloves,Accessories,99,North Carolina,M,Charcoal,Fall,3.5,0,Next Day Air,1,1,45,Bank Transfer,Fortnightly,26,0.68950266406766,82.55720490481752,2.3996554557680767,0.657900532813532,1.6544474393531,Platinum,5,2,5,12,Loyal Promo-User
1287,40,Male,Gloves,Accessories,49,West Virginia,L,Yellow,Winter,4.9,0,Next Day Air,1,1,44,Debit Card,Fortnightly,26,0.6872666639219928,69.90367800329393,2.3996554557680767,0.8254533327843986,0.8188679245283019,Platinum,5,2,2,9,Promo-Dependent
1288,24,Male,Jeans,Clothing,28,Utah,XL,Blue,Winter,3.4,0,Standard,1,1,20,PayPal,Monthly,12,0.4481927139627167,18.11036948108372,0.4712640708417055,0.5437923889463895,0.4664697306836492,Silver,2,2,1,5,At-Risk / One-Timer
1289,66,Male,Belt,Accessories,93,South Dakota,XL,Charcoal,Winter,4.1,0,Standard,1,1,34,PayPal,Bi-Weekly,26,0.6616994641775042,78.16368879874132,2.3996554557680767,0.7243398928355008,1.554177897574124,Gold,4,2,5,11,Loyal Promo-User
1290,35,Male,Jacket,Outerwear,24,New Hampshire,M,Red,Fall,2.9,0,Next Day Air,1,1,10,PayPal,Weekly,52,0.8439472648879285,141.2611953173924,3.3361111111111157,0.7167894529775858,0.41977974519542216,Bronze,1,3,1,5,At-Risk / One-Timer
1291,67,Male,Skirt,Clothing,35,Maryland,M,Indigo,Spring,3.4,0,Free Shipping,1,1,3,PayPal,Annually,1,0.15257160904956724,0.5467432504998458,0.4712640708417055,0.44236047565606723,0.5830871633545616,Bronze,1,1,1,3,At-Risk / One-Timer
1292,69,Male,Sandals,Footwear,68,South Dakota,S,Beige,Spring,3.2,0,2-Day Shipping,1,1,23,Debit Card,Fortnightly,26,0.6233158463485474,68.61882766551619,-2.7198160345219193,0.6086631692697095,1.1285290776604882,Silver,3,2,3,8,Promo-Dependent
1293,26,Male,Belt,Accessories,61,Kentucky,M,Maroon,Summer,3.9913207993960533,0,Free Shipping,1,1,42,Bank Transfer,Annually,1,0.3941800603305689,1.6268340808894397,2.3996554557680767,0.561640661839794,1.0194070080862534,Platinum,5,1,3,9,Promo-Dependent
1294,23,Male,Sweater,Clothing,74,Florida,XL,Yellow,Fall,4.1,0,Standard,1,1,30,Debit Card,Annually,1,0.3608914110593454,1.5581443775260704,0.4712640708417055,0.5680244360580229,1.23281285966393,Gold,3,1,4,8,Promo-Dependent
1295,27,Male,Shirt,Clothing,64,Texas,M,Silver,Summer,4.5,0,Standard,1,1,21,Cash,Every 3 Months,4,0.36061768479732753,6.021431490868806,0.4712640708417055,0.6275081523440809,1.0662165272769124,Silver,3,1,3,7,Occasional Buyer
1296,30,Male,Sneakers,Footwear,60,New Mexico,M,Olive,Fall,2.8,0,Standard,1,1,50,PayPal,Weekly,52,1.0,213.7654409370122,-2.7198160345219193,0.736,0.9957609508769013,Platinum,5,3,3,11,Loyal Promo-User
1297,48,Male,Jeans,Clothing,29,South Dakota,S,Teal,Spring,2.8,0,Express,1,1,16,Cash,Bi-Weekly,26,0.5882338749181111,52.01818739458805,0.4712640708417055,0.5536467749836221,0.48312936392235095,Silver,2,2,1,5,At-Risk / One-Timer
1298,44,Male,Sandals,Footwear,85,New Jersey,M,Silver,Summer,4.6,0,Standard,1,1,32,Venmo,Annually,1,0.367251851508279,1.635867291809997,-2.7198160345219193,0.6292965241478096,1.4106613470756102,Gold,4,1,5,10,Promo-Dependent
1299,29,Male,Pants,Clothing,81,Indiana,S,Indigo,Summer,3.0,0,Free Shipping,1,1,14,Bank Transfer,Fortnightly,26,0.5755005388401039,65.93780183425851,0.4712640708417055,0.5751001077680208,1.3494302923348425,Silver,2,2,4,8,Promo-Dependent
1300,29,Male,Belt,Accessories,23,Louisiana,L,Teal,Fall,3.6,0,2-Day Shipping,1,1,42,Venmo,Bi-Weekly,26,0.6826415987921073,56.406265442698654,2.3996554557680767,0.6685283197584215,0.384366576819407,Platinum,5,2,1,8,Promo-Dependent
1301,67,Male,T-shirt,Clothing,100,West Virginia,M,Charcoal,Spring,4.5,0,Next Day Air,1,1,47,Credit Card,Every 3 Months,4,0.43998626625794646,8.12235857814172,0.4712640708417055,0.6433818686362047,1.6659633238701756,Platinum,5,1,5,11,Loyal Promo-User
1302,42,Male,Shirt,Clothing,54,Maine,M,Orange,Fall,5.0,0,Express,1,1,21,Debit Card,Weekly,52,0.9144638386434814,190.55718693913693,0.4712640708417055,0.9828927677286963,0.8996201948898949,Silver,3,3,3,9,Promo-Dependent
1303,23,Male,Sneakers,Footwear,25,Idaho,M,Gold,Fall,2.9,0,Next Day Air,1,1,37,Credit Card,Monthly,12,0.5085274060270781,19.881976572790414,-2.7198160345219193,0.49585932735926175,0.4149003961987089,Gold,4,2,1,7,Occasional Buyer
1304,34,Male,Blouse,Clothing,32,New York,L,Silver,Summer,3.1,0,Next Day Air,1,1,10,Credit Card,Annually,1,0.25548572642639006,0.8933077742966294,0.4712640708417055,0.42694329913143186,0.5331082636384562,Bronze,1,1,1,3,At-Risk / One-Timer
1305,64,Male,Backpack,Accessories,63,Montana,S,Orange,Spring,4.0,0,2-Day Shipping,1,1,18,PayPal,Every 3 Months,4,0.34570313996383295,5.750955762639623,2.3996554557680767,0.564525243377382,1.0528301886792453,Silver,2,1,3,6,Occasional Buyer
1306,31,Male,Pants,Clothing,56,Mississippi,XL,Peach,Spring,4.5,0,Express,1,1,2,PayPal,Every 3 Months,4,0.15791997123573503,2.553914159684137,0.4712640708417055,0.5869686096317623,0.9329394613672984,Bronze,1,1,3,5,At-Risk / One-Timer
1307,54,Male,Sweater,Clothing,33,Alaska,L,Brown,Winter,4.5,0,Next Day Air,1,1,40,PayPal,Annually,1,0.38933467262132265,1.3729344203961888,0.4712640708417055,0.6217130883704184,0.549767896877158,Platinum,4,1,1,6,Occasional Buyer
1308,23,Male,Coat,Outerwear,32,Missouri,L,Black,Summer,3.1,0,Express,1,1,43,PayPal,Annually,1,0.39651887393749574,1.386431240986628,3.3361111111111157,0.455149928633653,0.5597063269272295,Platinum,5,1,1,7,Occasional Buyer
1309,59,Male,Dress,Clothing,38,Rhode Island,L,Red,Summer,4.4,0,Next Day Air,1,1,14,Credit Card,Every 3 Months,4,0.32165438499395005,4.7136026726930185,0.4712640708417055,0.6077154923834054,0.6330660630706668,Silver,2,1,2,5,At-Risk / One-Timer
1310,32,Male,Blouse,Clothing,21,Hawaii,L,Lavender,Summer,4.7,0,Store Pickup,1,1,41,Cash,Quarterly,4,0.42640159541057726,5.272101734375243,0.4712640708417055,0.6646649344667308,0.34985229801273693,Platinum,5,1,1,7,Occasional Buyer
1311,43,Male,Hoodie,Clothing,59,South Carolina,L,Brown,Winter,3.1,0,Store Pickup,1,1,38,Credit Card,Every 3 Months,4,0.4188623015480085,6.85986634665169,0.4712640708417055,0.4711570756942171,0.9829183610834037,Gold,4,1,3,8,Promo-Dependent
1312,32,Male,Shoes,Footwear,87,Tennessee,M,Maroon,Fall,4.2,0,Express,1,1,12,Venmo,Annually,1,0.27248079185073504,1.2199882805914695,-2.7198160345219193,0.5623423122163008,1.4438533787715069,Bronze,2,1,5,8,Promo-Dependent
1313,66,Male,T-shirt,Clothing,79,Missouri,M,Violet,Winter,3.0,0,Store Pickup,1,1,19,Bank Transfer,Monthly,12,0.4432290997308591,23.306900643397807,0.4712640708417055,0.49479966610001797,1.3161110258574389,Silver,2,2,4,8,Promo-Dependent
1314,70,Male,Shoes,Footwear,28,Missouri,M,Lavender,Summer,3.9616579231742737,0,Free Shipping,1,1,23,Credit Card,Bi-Weekly,26,0.6233158463485474,54.57111010452279,-2.7198160345219193,0.7000621200506223,0.46468844374255397,Silver,3,2,1,6,Occasional Buyer
1315,42,Male,Boots,Footwear,67,Missouri,S,Magenta,Summer,3.4,0,Free Shipping,1,1,49,Debit Card,Annually,1,0.40952386281044434,1.7279890945821528,-2.7198160345219193,0.4937509264082427,1.1119330618125398,Platinum,5,1,3,9,Promo-Dependent
1316,56,Male,Shorts,Clothing,75,Mississippi,L,Green,Spring,4.2,0,2-Day Shipping,1,1,29,Debit Card,Quarterly,4,0.39217095874950286,6.79355138459411,0.4712640708417055,0.5978188071345159,1.2494724929026317,Gold,3,1,4,8,Promo-Dependent
1317,28,Male,Belt,Accessories,32,Arkansas,S,Lavender,Spring,4.6,0,Standard,1,1,14,Debit Card,Bi-Weekly,26,0.5755005388401039,52.31829162774388,2.3996554557680767,0.7671001077680207,0.5347708894878707,Silver,2,2,1,5,At-Risk / One-Timer
1318,28,Male,Pants,Clothing,43,Kentucky,M,Green,Spring,2.8,0,Free Shipping,1,1,19,Cash,Monthly,12,0.4432290997308591,20.12715557582928,0.4712640708417055,0.47079966610001794,0.7163642292641755,Silver,2,2,2,6,Occasional Buyer
1319,52,Male,Shorts,Clothing,93,Connecticut,M,Maroon,Spring,2.7,0,Express,1,1,19,Credit Card,Bi-Weekly,26,0.6047675612693206,71.43856994562755,0.4712640708417055,0.5449535122538642,1.5493458911992635,Silver,2,2,5,9,Promo-Dependent
1320,65,Male,Sunglasses,Accessories,24,Oklahoma,M,Magenta,Spring,4.0,0,Standard,1,1,48,Bank Transfer,Weekly,52,0.9959301008385787,166.70031689208818,2.3996554557680767,0.8791860201677157,0.401078167115903,Platinum,5,3,1,9,Promo-Dependent
1321,56,Male,Hat,Accessories,31,California,XL,Teal,Fall,3.1,0,Free Shipping,1,1,19,Debit Card,Annually,1,0.3163060228077822,1.09623313951672,2.3996554557680767,0.43910735840771026,0.5180592991913747,Silver,2,1,1,4,At-Risk / One-Timer
1322,59,Male,T-shirt,Clothing,84,Missouri,L,Orange,Winter,3.7,0,Express,1,1,45,Bank Transfer,Every 3 Months,4,0.43565651022150625,7.741879770135045,0.4712640708417055,0.5465159174289167,1.3994091920509477,Platinum,5,1,4,10,Promo-Dependent
1323,23,Male,Pants,Clothing,74,Washington,M,Violet,Winter,4.0,0,Next Day Air,1,1,17,Bank Transfer,Quarterly,4,0.3402026700731767,5.875283936937022,0.4712640708417055,0.5634251493992507,1.23281285966393,Silver,2,1,4,7,Occasional Buyer
1324,58,Male,Shorts,Clothing,62,New York,M,Yellow,Spring,4.6,0,Standard,1,1,15,Debit Card,Every 3 Months,4,0.3282201411760575,5.439441059230621,0.4712640708417055,0.6330286436198269,1.032897260799509,Silver,2,1,3,6,Occasional Buyer
1325,39,Male,Jewelry,Accessories,77,Indiana,S,Orange,Summer,3.8,0,Free Shipping,1,1,11,Credit Card,Fortnightly,26,0.5527992725929946,62.61802222763061,2.3996554557680767,0.6665598545185989,1.2867924528301888,Bronze,2,2,4,8,Promo-Dependent
1326,28,Male,Backpack,Accessories,73,Oregon,L,Gold,Summer,3.5,0,Express,1,1,1,Cash,Monthly,12,0.2089781122170913,10.79346477644744,2.3996554557680767,0.5079494685972644,1.2199460916442049,Bronze,1,2,4,7,Occasional Buyer
1327,40,Male,Shoes,Footwear,50,Texas,M,Indigo,Spring,3.8,0,Free Shipping,1,1,17,Cash,Monthly,12,0.43251036238086904,20.406663950735854,-2.7198160345219193,0.58865591863002,0.8298007923974178,Silver,2,2,2,6,Occasional Buyer
1328,52,Male,Coat,Outerwear,40,Florida,M,Turquoise,Winter,2.8,0,Standard,1,1,37,Cash,Weekly,52,0.9700658675655396,187.32529445004275,3.3361111111111157,0.7300131735131079,0.6996329086590369,Gold,4,3,2,9,Promo-Dependent
1329,37,Male,Sweater,Clothing,97,Rhode Island,M,Orange,Winter,3.7,0,Standard,1,1,40,Bank Transfer,Weekly,52,0.9777962110828611,233.12451908627565,0.4712640708417055,0.8395592422165723,1.6159844241540704,Platinum,4,3,5,12,Loyal Promo-User
1330,70,Male,Gloves,Accessories,63,Texas,M,Indigo,Fall,3.3,0,Express,1,1,50,PayPal,Every 3 Months,4,0.4461538461538462,7.4220067333803375,2.3996554557680767,0.5006153846153846,1.0528301886792453,Platinum,5,1,3,9,Promo-Dependent
1331,30,Male,Handbag,Accessories,65,Vermont,M,Charcoal,Fall,2.9,0,Standard,1,1,20,PayPal,Bi-Weekly,26,0.6097311755011783,66.41864088079632,2.3996554557680767,0.5699462351002356,1.0862533692722371,Silver,2,2,3,7,Occasional Buyer
1332,38,Male,Socks,Clothing,91,Maryland,M,Lavender,Spring,3.2,0,Standard,1,1,8,PayPal,Bi-Weekly,26,0.5235322501637778,61.549855861191126,0.4712640708417055,0.5887064500327556,1.51602662472186,Bronze,1,2,5,8,Promo-Dependent
1333,66,Male,Hoodie,Clothing,60,Alaska,S,Gold,Spring,4.3,0,Store Pickup,1,1,16,Bank Transfer,Quarterly,4,0.3343877210719573,5.498502972220738,0.4712640708417055,0.5982621595990067,0.9995779943221055,Silver,2,1,3,6,Occasional Buyer
1334,29,Male,Pants,Clothing,69,Idaho,M,Lavender,Winter,2.7,0,Next Day Air,1,1,9,Bank Transfer,Quarterly,4,0.28040483366761404,4.765194406738001,0.4712640708417055,0.3954655821181382,1.1495146934704212,Bronze,1,1,4,6,Occasional Buyer
1335,46,Male,Coat,Outerwear,52,West Virginia,S,White,Spring,3.9,0,Store Pickup,1,1,12,Venmo,Monthly,12,0.39940386877381195,19.02899940520918,3.3361111111111157,0.5940346199086086,0.909522781256748,Bronze,2,2,3,7,Occasional Buyer
1336,56,Male,Boots,Footwear,49,Nevada,M,Lavender,Fall,4.8,0,2-Day Shipping,1,1,26,Credit Card,Weekly,52,0.9352983752456666,190.26325556683196,-2.7198160345219193,0.9630596750491334,0.8132047765494694,Gold,3,3,2,8,Promo-Dependent
1337,23,Male,Sneakers,Footwear,85,Oregon,M,Charcoal,Spring,4.8,0,Store Pickup,1,1,44,Debit Card,Fortnightly,26,0.6872666639219928,79.5944345623985,-2.7198160345219193,0.8134533327843985,1.4106613470756102,Platinum,5,2,5,12,Loyal Promo-User
1338,37,Male,Sweater,Clothing,86,Tennessee,L,Silver,Spring,3.4,0,Express,1,1,19,Credit Card,Bi-Weekly,26,0.6047675612693206,70.2217454060614,0.4712640708417055,0.6289535122538641,1.432728458528351,Silver,2,2,5,9,Promo-Dependent
1339,56,Male,Handbag,Accessories,51,Alabama,S,Yellow,Winter,2.6,0,Standard,1,1,43,PayPal,Fortnightly,26,0.6849804123990342,70.36963834791798,2.3996554557680767,0.5489960824798069,0.8522911051212938,Platinum,5,2,2,9,Promo-Dependent
1340,36,Male,Belt,Accessories,56,Indiana,L,Olive,Winter,5.0,0,Next Day Air,1,1,5,Bank Transfer,Every 3 Months,4,0.2284365449912879,3.6943226513870835,2.3996554557680767,0.661071924382873,0.9358490566037736,Bronze,1,1,3,5,At-Risk / One-Timer
1341,40,Male,Belt,Accessories,72,Idaho,M,Peach,Fall,4.4,0,Next Day Air,1,1,5,Debit Card,Every 3 Months,4,0.2284365449912879,3.9203909246447615,2.3996554557680767,0.5890719243828729,1.203234501347709,Bronze,1,1,4,6,Occasional Buyer
1342,26,Male,Hoodie,Clothing,27,Rhode Island,XL,Yellow,Fall,3.8762914343888824,0,Standard,1,1,31,Bank Transfer,Quarterly,4,0.3987367149316104,5.314689119470227,0.4712640708417055,0.5602869304976033,0.44981009744494743,Gold,4,1,1,6,Occasional Buyer
1343,57,Male,Sunglasses,Accessories,43,Arizona,XL,Yellow,Summer,3.4,0,2-Day Shipping,1,1,11,Bank Transfer,Monthly,12,0.39126081105453303,17.76726126421218,2.3996554557680767,0.5324060083647527,0.7185983827493262,Bronze,2,2,2,6,Occasional Buyer
1344,68,Male,Sneakers,Footwear,56,Florida,M,Indigo,Spring,3.4,0,Standard,1,1,34,Bank Transfer,Monthly,12,0.5001610026390428,24.266118910094185,-2.7198160345219193,0.5541860466816547,0.9293768874851079,Gold,4,2,3,9,Promo-Dependent
1345,56,Male,T-shirt,Clothing,37,New York,S,Violet,Fall,4.9,0,Next Day Air,1,1,14,Cash,Annually,1,0.28703900037856545,1.0441290950787665,0.4712640708417055,0.649253953921867,0.616406429831965,Silver,2,1,2,5,At-Risk / One-Timer
1346,40,Male,Dress,Clothing,21,Nebraska,M,White,Fall,3.6,0,Standard,1,1,42,Venmo,Weekly,52,0.9826415987921073,157.94411871171926,0.4712640708417055,0.8285283197584214,0.34985229801273693,Platinum,5,3,1,9,Promo-Dependent
1347,44,Male,Hoodie,Clothing,91,Mississippi,L,White,Winter,3.0,0,Free Shipping,1,1,15,Venmo,Bi-Weekly,26,0.5820662950222113,68.43149882183398,0.4712640708417055,0.5764132590044422,1.51602662472186,Silver,2,2,5,9,Promo-Dependent
1348,44,Male,Sweater,Clothing,95,Vermont,M,Cyan,Summer,3.9,0,2-Day Shipping,1,1,47,Bank Transfer,Monthly,12,0.5322939585656388,29.154899605299942,0.4712640708417055,0.620612637866974,1.582665157676667,Platinum,5,2,5,12,Loyal Promo-User
1349,19,Male,Belt,Accessories,54,Nebraska,XL,Purple,Spring,3.2,0,Standard,1,1,23,Credit Card,Fortnightly,26,0.6233158463485474,64.94369117479876,2.3996554557680767,0.6086631692697095,0.9024258760107817,Silver,3,2,3,8,Promo-Dependent
1350,21,Male,Socks,Clothing,36,South Carolina,XL,Black,Spring,3.2,0,Next Day Air,1,1,23,Cash,Bi-Weekly,26,0.6233158463485474,58.51930122518909,0.4712640708417055,0.6086631692697095,0.5997467965932632,Silver,3,2,2,7,Occasional Buyer
1351,31,Male,Sunglasses,Accessories,71,Delaware,M,Orange,Fall,4.3,0,Next Day Air,1,1,1,Cash,Every 3 Months,4,0.116670419909399,1.9958417276716116,2.3996554557680767,0.5547186993664951,1.186522911051213,Bronze,1,1,4,6,Occasional Buyer
1352,30,Male,Coat,Outerwear,31,Vermont,L,Maroon,Summer,2.8,0,2-Day Shipping,1,1,28,Bank Transfer,Quarterly,4,0.38872202129983363,5.388831461710854,3.3361111111111157,0.42912901964458205,0.5422155042107536,Gold,3,1,1,5,At-Risk / One-Timer
1353,65,Male,Hat,Accessories,89,Indiana,XL,Orange,Spring,4.5,0,Next Day Air,1,1,37,Credit Card,Bi-Weekly,26,0.6700658675655395,78.39439063637099,2.3996554557680767,0.7740131735131079,1.4873315363881403,Gold,4,2,5,11,Loyal Promo-User
1354,39,Male,Pants,Clothing,83,Oregon,M,Teal,Winter,4.1,0,Next Day Air,1,1,4,Cash,Every 3 Months,4,0.20988825991206111,3.719905711593408,0.4712640708417055,0.5493622673670275,1.3827495588122458,Bronze,1,1,4,6,Occasional Buyer
1355,64,Male,Backpack,Accessories,42,Maryland,M,Gray,Spring,3.6,0,2-Day Shipping,1,1,21,Bank Transfer,Quarterly,4,0.36061768479732753,5.425421111123412,2.3996554557680767,0.5195081523440809,0.7018867924528303,Silver,3,1,2,6,Occasional Buyer
1356,59,Male,Shorts,Clothing,91,Florida,M,Blue,Summer,3.0,0,2-Day Shipping,1,1,50,PayPal,Bi-Weekly,26,0.7,82.29655210229252,0.4712640708417055,0.6,1.51602662472186,Platinum,5,2,5,12,Loyal Promo-User
1357,49,Male,Jacket,Outerwear,61,Indiana,M,Cyan,Spring,4.0,0,Free Shipping,1,1,34,Bank Transfer,Annually,1,0.37323792571596587,1.5404030770252684,3.3361111111111157,0.558493738989347,1.0669401857050314,Gold,4,1,3,8,Promo-Dependent
1358,24,Male,Backpack,Accessories,66,Texas,S,Red,Summer,3.5,0,Next Day Air,1,1,20,Cash,Quarterly,4,0.3558850216550244,5.9855484956187,2.3996554557680767,0.5065616197156202,1.1029649595687332,Silver,2,1,3,6,Occasional Buyer
1359,19,Male,Scarf,Accessories,22,Nebraska,XL,Pink,Spring,2.5,0,Store Pickup,1,1,25,Venmo,Every 3 Months,4,0.3776127502216725,4.736010376724612,2.3996554557680767,0.3909071654289499,0.36765498652291106,Silver,3,1,1,5,At-Risk / One-Timer
1360,27,Male,Hoodie,Clothing,68,North Carolina,S,Cyan,Winter,4.3,0,Store Pickup,1,1,26,Bank Transfer,Fortnightly,26,0.6352983752456667,69.93794555768145,0.4712640708417055,0.7430596750491334,1.1328550602317196,Gold,3,2,3,8,Promo-Dependent
1361,56,Male,Skirt,Clothing,43,Alabama,L,Black,Fall,2.8,0,Express,1,1,4,Bank Transfer,Annually,1,0.1752728752966765,0.6632657978047313,0.4712640708417055,0.3749007289054891,0.7163642292641755,Bronze,1,1,2,4,At-Risk / One-Timer
1362,49,Male,Dress,Clothing,32,Alabama,M,Beige,Fall,3.7,0,Next Day Air,1,1,39,Debit Card,Monthly,12,0.513745673486412,21.555787584191147,0.4712640708417055,0.5929029808511286,0.5331082636384562,Platinum,4,2,1,7,Occasional Buyer
1363,41,Male,Coat,Outerwear,46,Colorado,M,Gray,Fall,4.3,0,Express,1,1,29,Cash,Weekly,52,0.9460171125956567,189.3998868963158,3.3361111111111157,0.9052034225191313,0.8045778449578924,Gold,3,3,2,8,Promo-Dependent
1364,36,Male,Blouse,Clothing,90,Wisconsin,L,Red,Summer,4.0,0,Express,1,1,47,PayPal,Quarterly,4,0.43998626625794646,7.938864927546047,0.4712640708417055,0.5833818686362047,1.4993669914831582,Platinum,5,1,5,11,Loyal Promo-User
1365,68,Male,Hat,Accessories,75,Delaware,L,Yellow,Fall,4.7,0,Express,1,1,5,Cash,Every 3 Months,4,0.2284365449912879,3.9571910461343562,2.3996554557680767,0.625071924382873,1.2533692722371967,Bronze,1,1,4,6,Occasional Buyer
1366,28,Male,Handbag,Accessories,69,Indiana,M,Magenta,Winter,4.5,0,Store Pickup,1,1,18,Bank Transfer,Fortnightly,26,0.5995492938099868,66.22674037527034,2.3996554557680767,0.7599098587619973,1.1530997304582211,Silver,2,2,4,8,Promo-Dependent
1367,45,Male,Belt,Accessories,40,Iowa,M,Magenta,Fall,3.1,0,Free Shipping,1,1,10,Credit Card,Fortnightly,26,0.5439472648879285,52.51967158484853,2.3996554557680767,0.5807894529775857,0.6684636118598383,Bronze,1,2,2,5,At-Risk / One-Timer
1368,60,Male,Belt,Accessories,63,Iowa,S,Black,Fall,3.8,0,Express,1,1,25,Cash,Quarterly,4,0.3776127502216725,6.281789115831339,2.3996554557680767,0.5469071654289499,1.0528301886792453,Silver,3,1,3,7,Occasional Buyer
1369,21,Male,Shirt,Clothing,36,Wisconsin,L,Orange,Summer,4.9,0,Express,1,1,2,Cash,Weekly,52,0.7117661250818889,133.64671063492122,0.4712640708417055,0.9303532250163778,0.5997467965932632,Bronze,1,3,2,6,Occasional Buyer
1370,32,Male,Shoes,Footwear,75,Iowa,M,Green,Winter,3.2,0,Standard,1,1,48,Venmo,Fortnightly,26,0.6959301008385788,78.361079945472,-2.7198160345219193,0.6231860201677157,1.2447011885961266,Platinum,5,2,4,11,Loyal Promo-User
1371,27,Male,Scarf,Accessories,67,Montana,L,Peach,Summer,3.9901238746283654,0,2-Day Shipping,1,1,41,Bank Transfer,Every 3 Months,4,0.42640159541057726,7.196819269337262,2.3996554557680767,0.5794797994221347,1.1196765498652292,Platinum,5,1,3,9,Promo-Dependent
1372,40,Male,Pants,Clothing,64,Mississippi,M,Charcoal,Spring,2.8,0,Store Pickup,1,1,42,Credit Card,Monthly,12,0.5211031372536459,26.103435629451578,0.4712640708417055,0.4863744736045753,1.0662165272769124,Platinum,5,2,3,10,Promo-Dependent
1373,64,Male,Blouse,Clothing,61,Michigan,M,Gray,Fall,4.0,0,2-Day Shipping,1,1,44,PayPal,Bi-Weekly,26,0.6872666639219928,73.74748888955982,0.4712640708417055,0.7174533327843985,1.0162376275608072,Platinum,5,2,3,10,Promo-Dependent
1374,18,Male,Gloves,Accessories,40,Virginia,L,Turquoise,Winter,2.6,0,Store Pickup,1,1,6,Cash,Quarterly,4,0.2441188965731355,3.626212461074696,2.3996554557680767,0.3762083946992425,0.6684636118598383,Bronze,1,1,2,4,At-Risk / One-Timer
1375,22,Male,Handbag,Accessories,97,New York,M,Red,Fall,2.7,0,Free Shipping,1,1,5,Bank Transfer,Quarterly,4,0.2284365449912879,4.189496518899689,2.3996554557680767,0.38507192438287297,1.6210242587601078,Bronze,1,1,5,7,Occasional Buyer
1376,42,Male,Sneakers,Footwear,31,Maine,L,Brown,Spring,4.1,0,2-Day Shipping,1,1,8,Credit Card,Annually,1,0.2350707117022393,0.8146930052431346,-2.7198160345219193,0.5428602961866016,0.514476491286399,Bronze,1,1,1,3,At-Risk / One-Timer
1377,57,Male,Sandals,Footwear,65,New Jersey,L,Pink,Spring,5.0,0,Free Shipping,1,1,24,PayPal,Annually,1,0.33900728905489147,1.420323496170349,-2.7198160345219193,0.6716476116571322,1.0787410301166431,Silver,3,1,3,7,Occasional Buyer
1378,33,Male,Sunglasses,Accessories,54,Maryland,L,Olive,Spring,3.0,0,Next Day Air,1,1,42,Venmo,Monthly,12,0.5211031372536459,25.058806738143435,2.3996554557680767,0.5103744736045753,0.9024258760107817,Platinum,5,2,3,10,Promo-Dependent
1379,37,Male,Jacket,Outerwear,49,Kentucky,XL,Lavender,Fall,3.6,0,Free Shipping,1,1,24,Venmo,Weekly,52,0.9274688275164299,188.67052828321061,3.3361111111111157,0.817493765503286,0.8570503131073202,Silver,3,3,2,8,Promo-Dependent
1380,21,Male,T-shirt,Clothing,64,Minnesota,L,Purple,Fall,2.8,0,2-Day Shipping,1,1,38,Venmo,Bi-Weekly,26,0.6727084553941624,73.01178592626225,0.4712640708417055,0.5705416910788325,1.0662165272769124,Gold,4,2,3,9,Promo-Dependent
1381,51,Male,Sneakers,Footwear,35,Massachusetts,S,Beige,Winter,4.6,0,Standard,1,1,41,Cash,Fortnightly,26,0.6802477492567311,63.379697999894624,-2.7198160345219193,0.7880495498513461,0.5808605546781924,Platinum,5,2,1,8,Promo-Dependent
1382,30,Male,Shoes,Footwear,86,Illinois,L,Green,Winter,2.9,0,Standard,1,1,48,Venmo,Quarterly,4,0.44208394699242487,7.897225152001331,-2.7198160345219193,0.4518014047831003,1.4272573629235585,Platinum,5,1,5,11,Loyal Promo-User
1383,68,Male,Jacket,Outerwear,55,Michigan,L,Brown,Winter,4.8,0,Express,1,1,16,Bank Transfer,Quarterly,4,0.3343877210719573,5.384112713512308,3.3361111111111157,0.6582621595990068,0.9619952494061758,Silver,2,1,3,6,Occasional Buyer
1384,36,Male,Scarf,Accessories,58,Wisconsin,M,Beige,Spring,3.3,0,Express,1,1,4,Venmo,Monthly,12,0.3021959522197534,14.786583726873461,2.3996554557680767,0.5025930365977969,0.9692722371967656,Bronze,1,2,3,6,Occasional Buyer
1385,46,Male,Sneakers,Footwear,96,Alaska,M,Beige,Fall,4.6,0,Standard,1,1,8,Bank Transfer,Weekly,52,0.8235322501637777,195.90594535074308,-2.7198160345219193,0.9167064500327555,1.5932175214030422,Bronze,1,3,5,9,Promo-Dependent
1386,41,Male,Jewelry,Accessories,64,Mississippi,M,Indigo,Fall,2.6,0,Store Pickup,1,1,1,Bank Transfer,Bi-Weekly,26,0.3705165737555528,40.21367138803371,2.3996554557680767,0.48610331475111057,1.0695417789757413,Bronze,1,2,3,6,Occasional Buyer
1387,68,Male,Jacket,Outerwear,56,Oregon,M,Silver,Fall,4.0,0,Next Day Air,1,1,4,Debit Card,Quarterly,4,0.20988825991206111,3.394355981364185,3.3361111111111157,0.5373622673670276,0.9794860721226516,Bronze,1,1,3,5,At-Risk / One-Timer
1388,21,Male,Blouse,Clothing,85,Maryland,M,Gold,Winter,3.8,0,Standard,1,1,20,Credit Card,Monthly,12,0.4481927139627167,23.956872043684186,0.4712640708417055,0.5917923889463895,1.4160688252896494,Silver,2,2,5,9,Promo-Dependent
1389,62,Male,Dress,Clothing,23,Arkansas,M,Lavender,Spring,3.9,0,Express,1,1,40,Cash,Quarterly,4,0.42395005723670726,5.389344413109393,0.4712640708417055,0.5681746268319569,0.38317156449014045,Platinum,4,1,1,6,Occasional Buyer
1390,59,Male,Scarf,Accessories,72,Illinois,L,Orange,Fall,2.6,0,Store Pickup,1,1,8,Debit Card,Fortnightly,26,0.5235322501637778,58.40104102198189,2.3996554557680767,0.5167064500327556,1.203234501347709,Bronze,1,2,4,7,Occasional Buyer
1391,25,Male,Hat,Accessories,38,Arkansas,M,Maroon,Summer,4.3,0,Standard,1,1,42,Debit Card,Weekly,52,0.9826415987921073,187.1983398077666,2.3996554557680767,0.9125283197584214,0.6350404312668464,Platinum,5,3,2,10,Promo-Dependent
1392,53,Male,Blouse,Clothing,29,Mississippi,S,White,Winter,3.6,0,Express,1,1,38,Credit Card,Annually,1,0.3842469169326239,1.3068996077829962,0.4712640708417055,0.5126955372326786,0.48312936392235095,Gold,4,1,1,6,Occasional Buyer
1393,31,Male,Gloves,Accessories,46,Arkansas,M,Yellow,Spring,4.2,0,Express,1,1,34,Venmo,Every 3 Months,4,0.40785331033135047,6.281181778487029,2.3996554557680767,0.6009552774508854,0.768733153638814,Gold,4,1,2,7,Occasional Buyer
1394,46,Male,Gloves,Accessories,58,Idaho,L,Yellow,Spring,3.9,0,Express,1,1,14,PayPal,Fortnightly,26,0.5755005388401039,61.01224989881948,2.3996554557680767,0.6831001077680208,0.9692722371967656,Silver,2,2,3,7,Occasional Buyer
1395,26,Male,Coat,Outerwear,43,Iowa,L,Magenta,Fall,4.7,0,Next Day Air,1,1,39,Cash,Weekly,52,0.9752841350248735,191.9143259220753,3.3361111111111157,0.9590568270049747,0.7521053768084647,Platinum,4,3,2,9,Promo-Dependent
1396,47,Male,Scarf,Accessories,32,West Virginia,L,Turquoise,Spring,2.8,0,Next Day Air,1,1,40,PayPal,Bi-Weekly,26,0.677796211082861,61.617909006798406,2.3996554557680767,0.5715592422165722,0.5347708894878707,Platinum,4,2,1,7,Occasional Buyer
1397,37,Male,Pants,Clothing,30,Wisconsin,XL,Lavender,Winter,3.0,0,Next Day Air,1,1,49,Debit Card,Monthly,12,0.5364469397335212,22.105823123161517,0.4712640708417055,0.5134432341005504,0.49978899716105274,Platinum,5,2,1,8,Promo-Dependent
1398,55,Male,Sunglasses,Accessories,67,Massachusetts,S,Magenta,Summer,4.7,0,Store Pickup,1,1,33,PayPal,Annually,1,0.37028891021212557,1.5624369097813275,2.3996554557680767,0.641903935888579,1.1196765498652292,Gold,4,1,3,8,Promo-Dependent
1399,30,Male,Dress,Clothing,45,Texas,M,Cyan,Summer,2.5,0,Free Shipping,1,1,25,Credit Card,Weekly,52,0.9314589040678263,185.44355020060712,0.4712640708417055,0.6862917808135652,0.7496834957415791,Silver,3,3,2,8,Promo-Dependent
1400,19,Male,Hat,Accessories,81,Nebraska,M,Olive,Winter,3.1,0,Store Pickup,1,1,48,Venmo,Annually,1,0.40746856237704027,1.7955995564819984,2.3996554557680767,0.45733986632156187,1.3536388140161726,Platinum,5,1,4,10,Promo-Dependent
1401,36,Male,Backpack,Accessories,23,Nevada,M,Red,Fall,3.6,0,Next Day Air,1,1,22,Credit Card,Every 3 Months,4,0.3651399364659534,4.641737494794515,2.3996554557680767,0.5204126026778061,0.384366576819407,Silver,3,1,1,5,At-Risk / One-Timer
1402,23,Male,Sandals,Footwear,59,Indiana,M,Blue,Fall,3.5,0,2-Day Shipping,1,1,1,PayPal,Weekly,52,0.6705165737555528,142.75694615706377,-2.7198160345219193,0.7541033147511106,0.979164935028953,Bronze,1,3,3,7,Occasional Buyer
1403,62,Male,Sunglasses,Accessories,21,North Dakota,L,White,Summer,3.1,0,Express,1,1,47,PayPal,Monthly,12,0.5322939585656388,19.744118683110504,2.3996554557680767,0.5246126378669739,0.3509433962264151,Platinum,5,2,1,8,Promo-Dependent
1404,26,Male,Backpack,Accessories,20,Georgia,M,Peach,Spring,3.6,0,Store Pickup,1,1,20,Credit Card,Bi-Weekly,26,0.6097311755011783,48.264846364613206,2.3996554557680767,0.6539462351002356,0.33423180592991913,Silver,2,2,1,5,At-Risk / One-Timer
1405,36,Male,Jewelry,Accessories,28,New Mexico,M,Charcoal,Winter,3.5,0,Next Day Air,1,1,10,Debit Card,Weekly,52,0.8439472648879285,147.77464550085182,2.3996554557680767,0.7887894529775857,0.4679245283018868,Bronze,1,3,1,5,At-Risk / One-Timer
1406,33,Male,Socks,Clothing,100,New Hampshire,M,Peach,Winter,2.7,0,Store Pickup,1,1,39,Credit Card,Monthly,12,0.513745673486412,28.45197837774685,0.4712640708417055,0.4729029808511286,1.6659633238701756,Platinum,4,2,5,11,Loyal Promo-User
1407,32,Male,Shirt,Clothing,46,Washington,L,Turquoise,Spring,3.6,0,Express,1,1,15,Debit Card,Monthly,12,0.42052783348374984,19.429130754477434,0.4712640708417055,0.5622594128505961,0.7663431289802809,Silver,2,2,2,6,Occasional Buyer
1408,56,Male,Handbag,Accessories,61,Nevada,XL,Charcoal,Spring,4.5,0,Express,1,1,11,Credit Card,Annually,1,0.2643377341314561,1.09095735179884,2.3996554557680767,0.5967137006724451,1.0194070080862534,Bronze,2,1,3,6,Occasional Buyer
1409,58,Male,Blouse,Clothing,58,Maine,M,Yellow,Winter,4.1,0,Free Shipping,1,1,38,Venmo,Weekly,52,0.9727084553941623,206.24526774141646,0.4712640708417055,0.8865416910788324,0.9662587278447019,Gold,4,3,3,10,Promo-Dependent
1410,34,Male,Backpack,Accessories,50,Idaho,M,Blue,Spring,4.2,0,Standard,1,1,41,Cash,Fortnightly,26,0.6802477492567311,69.54000396539678,2.3996554557680767,0.7400495498513462,0.8355795148247979,Platinum,5,2,2,9,Promo-Dependent
1411,61,Male,Hat,Accessories,93,Tennessee,M,Purple,Summer,4.0,0,Store Pickup,1,1,18,Debit Card,Annually,1,0.31108775534844835,1.4133633757026929,2.3996554557680767,0.5460637049158434,1.554177897574124,Silver,2,1,5,8,Promo-Dependent
1412,48,Male,Skirt,Clothing,24,Louisiana,L,Green,Summer,2.8,0,Store Pickup,1,1,13,Venmo,Quarterly,4,0.3146354703286883,4.051090036348204,0.4712640708417055,0.414311709450353,0.3998311977288422,Bronze,2,1,1,4,At-Risk / One-Timer
1413,25,Male,Shorts,Clothing,100,Michigan,M,Charcoal,Summer,2.6,0,2-Day Shipping,1,1,43,Venmo,Annually,1,0.39651887393749574,1.8299823904237296,0.4712640708417055,0.395149928633653,1.6659633238701756,Platinum,5,1,5,11,Loyal Promo-User
1414,51,Male,Blouse,Clothing,79,New Hampshire,S,Indigo,Fall,2.7,0,Store Pickup,1,1,12,Bank Transfer,Quarterly,4,0.30709617646611964,5.382814498724186,0.4712640708417055,0.4008038506778393,1.3161110258574389,Bronze,2,1,4,7,Occasional Buyer
1415,29,Male,Socks,Clothing,51,Minnesota,M,Black,Summer,4.5,0,Store Pickup,1,1,3,Credit Card,Bi-Weekly,26,0.44103314751110567,45.30836579852576,0.4712640708417055,0.7282066295022211,0.8496412951737896,Bronze,1,2,2,5,At-Risk / One-Timer
1416,54,Male,Belt,Accessories,90,Illinois,M,Blue,Winter,3.7,0,Free Shipping,1,1,12,Credit Card,Every 3 Months,4,0.30709617646611964,5.541070828108688,2.3996554557680767,0.5208038506778393,1.5040431266846361,Bronze,2,1,5,8,Promo-Dependent
1417,48,Male,Boots,Footwear,56,Idaho,L,Silver,Summer,3.4,0,Free Shipping,1,1,46,Cash,Quarterly,4,0.43784442059494383,7.080909759202687,-2.7198160345219193,0.5109534995036041,0.9293768874851079,Platinum,5,1,3,9,Promo-Dependent
1418,62,Male,Shorts,Clothing,25,Montana,S,Brown,Spring,4.6,0,Standard,1,1,21,Debit Card,Fortnightly,26,0.6144638386434813,52.051545141016646,0.4712640708417055,0.7748927677286962,0.4164908309675439,Silver,3,2,1,6,Occasional Buyer
1419,18,Male,Shirt,Clothing,75,Alabama,M,Violet,Summer,4.1,0,2-Day Shipping,1,1,23,Venmo,Every 3 Months,4,0.3694696925023936,6.400298862181819,0.4712640708417055,0.5812785538850941,1.2494724929026317,Silver,3,1,4,8,Promo-Dependent
1420,43,Male,Handbag,Accessories,75,Montana,M,Orange,Summer,2.6,0,Free Shipping,1,1,4,Debit Card,Quarterly,4,0.20988825991206111,3.6358803397433843,2.3996554557680767,0.3693622673670276,1.2533692722371967,Bronze,1,1,4,6,Occasional Buyer
1421,22,Male,Jeans,Clothing,53,California,XL,Gray,Summer,4.6,0,Store Pickup,1,1,45,PayPal,Every 3 Months,4,0.43565651022150625,6.9513074762218166,0.4712640708417055,0.6545159174289166,0.8829605616511932,Platinum,5,1,3,9,Promo-Dependent
1422,68,Male,Dress,Clothing,100,Pennsylvania,S,Gold,Spring,3.0,0,Standard,1,1,24,Bank Transfer,Fortnightly,26,0.62746882751643,75.29195074828455,0.4712640708417055,0.5854937655032859,1.6659633238701756,Silver,3,2,5,10,Promo-Dependent
1423,44,Male,Dress,Clothing,27,Texas,L,Charcoal,Fall,3.4,0,Free Shipping,1,1,3,PayPal,Bi-Weekly,26,0.44103314751110567,38.20992872510508,0.4712640708417055,0.5962066295022211,0.44981009744494743,Bronze,1,2,1,4,At-Risk / One-Timer
1424,51,Male,Sandals,Footwear,60,Michigan,S,Black,Fall,3.5,0,Free Shipping,1,1,12,Venmo,Every 3 Months,4,0.30709617646611964,5.049734582488505,-2.7198160345219193,0.4968038506778393,0.9957609508769013,Bronze,2,1,3,6,Occasional Buyer
1425,66,Male,Jacket,Outerwear,23,Connecticut,S,Indigo,Fall,3.5,0,Standard,1,1,34,Bank Transfer,Every 3 Months,4,0.40785331033135047,5.184719100474551,3.3361111111111157,0.5169552774508854,0.4022889224789462,Gold,4,1,1,6,Occasional Buyer
1426,59,Male,Coat,Outerwear,40,Wyoming,S,White,Winter,3.7,0,Next Day Air,1,1,39,Credit Card,Annually,1,0.38682259656333506,1.436493589367631,3.3361111111111157,0.5252106731588209,0.6996329086590369,Platinum,4,1,2,7,Occasional Buyer
1427,60,Male,Pants,Clothing,38,Michigan,M,Yellow,Summer,4.8,0,Free Shipping,1,1,35,PayPal,Every 3 Months,4,0.41071924382872965,6.018781076073218,0.4712640708417055,0.6735284641503614,0.6330660630706668,Gold,4,1,2,7,Occasional Buyer
1428,31,Male,Backpack,Accessories,90,South Dakota,S,Orange,Summer,4.9,0,Store Pickup,1,1,8,Credit Card,Annually,1,0.2350707117022393,1.0603709545857278,2.3996554557680767,0.6388602961866018,1.5040431266846361,Bronze,1,1,5,7,Occasional Buyer
1429,20,Male,Blouse,Clothing,97,North Dakota,S,Green,Summer,4.9,0,Express,1,1,42,PayPal,Quarterly,4,0.4287954449459535,7.864052680317099,0.4712640708417055,0.6891437043738061,1.6159844241540704,Platinum,5,1,5,11,Loyal Promo-User
1430,24,Male,Skirt,Clothing,38,Maryland,L,Gold,Fall,4.7,0,Standard,1,1,6,Credit Card,Every 3 Months,4,0.2441188965731355,3.577378506323317,0.4712640708417055,0.6282083946992425,0.6330660630706668,Bronze,1,1,2,4,At-Risk / One-Timer
1431,48,Male,Sandals,Footwear,30,Michigan,S,Orange,Summer,4.9,0,Free Shipping,1,1,3,Credit Card,Fortnightly,26,0.44103314751110567,39.377056817980616,-2.7198160345219193,0.7762066295022212,0.49788047543845065,Bronze,1,2,1,4,At-Risk / One-Timer
1432,39,Male,Pants,Clothing,88,South Dakota,M,Cyan,Fall,2.9,0,Express,1,1,29,Venmo,Quarterly,4,0.39217095874950286,7.041251314382965,0.4712640708417055,0.44181880713451593,1.4660477250057546,Gold,3,1,5,9,Promo-Dependent
1433,34,Male,Hat,Accessories,33,Florida,L,Black,Winter,4.4,0,Express,1,1,32,Debit Card,Quarterly,4,0.4018672361236636,5.668515030412357,2.3996554557680767,0.6237580626093481,0.5514824797843666,Gold,4,1,1,6,Occasional Buyer
1434,70,Male,Hoodie,Clothing,60,Minnesota,L,Yellow,Winter,3.2,0,Next Day Air,1,1,45,Debit Card,Weekly,52,0.9895026640676601,211.5214732927716,0.4712640708417055,0.7819005328135321,0.9995779943221055,Platinum,5,3,3,11,Loyal Promo-User
1435,59,Male,Sweater,Clothing,64,New York,L,Maroon,Summer,4.6,0,Free Shipping,1,1,21,Debit Card,Bi-Weekly,26,0.6144638386434813,66.69026067195843,0.4712640708417055,0.7748927677286962,1.0662165272769124,Silver,3,2,3,8,Promo-Dependent
1436,45,Male,Scarf,Accessories,95,Oregon,XL,Black,Fall,4.0,0,Standard,1,1,41,Cash,Weekly,52,0.9802477492567311,232.65798615853961,2.3996554557680767,0.8760495498513462,1.587601078167116,Platinum,5,3,5,13,Loyal Promo-User
1437,35,Male,Sneakers,Footwear,83,Minnesota,M,Gray,Winter,3.7,0,Free Shipping,1,1,23,PayPal,Fortnightly,26,0.6233158463485474,71.80675639764591,-2.7198160345219193,0.6686631692697096,1.3774693153797135,Silver,3,2,4,9,Promo-Dependent
1438,69,Male,Boots,Footwear,97,Montana,XL,Orange,Winter,4.2,0,Free Shipping,1,1,14,Cash,Annually,1,0.28703900037856545,1.3160644818458327,-2.7198160345219193,0.565253953921867,1.6098135372509905,Silver,2,1,5,8,Promo-Dependent
1439,58,Male,Coat,Outerwear,38,Washington,M,Cyan,Spring,2.9,0,Standard,1,1,24,Debit Card,Monthly,12,0.4659303659779684,20.48357542276841,3.3361111111111157,0.4873399193494398,0.664651263226085,Silver,3,2,2,7,Occasional Buyer
1440,25,Male,Boots,Footwear,48,New Mexico,M,Magenta,Summer,4.8,0,Next Day Air,1,1,25,Cash,Fortnightly,26,0.6314589040678263,63.895639087120294,-2.7198160345219193,0.8022917808135652,0.7966087607015211,Silver,3,2,2,7,Occasional Buyer
1441,27,Male,Sandals,Footwear,76,Arizona,M,Pink,Spring,4.4,0,Standard,1,1,13,Venmo,Monthly,12,0.40694316263638064,21.21218299495435,-2.7198160345219193,0.6555424786811224,1.261297204444075,Bronze,2,2,4,8,Promo-Dependent
1442,34,Male,Pants,Clothing,25,Nebraska,S,Turquoise,Summer,3.4,0,Free Shipping,1,1,3,Venmo,Every 3 Months,4,0.18718699366495184,2.4394931840897147,0.4712640708417055,0.4608220141176057,0.4164908309675439,Bronze,1,1,1,3,At-Risk / One-Timer
1443,53,Male,Hoodie,Clothing,92,Idaho,S,Violet,Spring,2.8,0,2-Day Shipping,1,1,42,Credit Card,Annually,1,0.3941800603305689,1.7866603416654565,0.4712640708417055,0.4186821659122676,1.5326862579605618,Platinum,5,1,5,11,Loyal Promo-User
1444,58,Male,Sandals,Footwear,47,Idaho,L,Teal,Fall,4.2,0,Next Day Air,1,1,2,Cash,Monthly,12,0.25022766354342735,11.624179008797228,-2.7198160345219193,0.6001993788625317,0.7800127448535726,Bronze,1,2,2,5,At-Risk / One-Timer
1445,32,Male,Sweater,Clothing,36,Vermont,L,Pink,Fall,3.8,0,Express,1,1,26,Cash,Quarterly,4,0.3814522213995128,5.509570636277725,0.4712640708417055,0.5476750596645179,0.5997467965932632,Gold,3,1,2,6,Occasional Buyer
1446,64,Male,Belt,Accessories,51,Arkansas,M,Gold,Fall,3.1,0,2-Day Shipping,1,1,24,Credit Card,Annually,1,0.33900728905489147,1.3395004214314583,2.3996554557680767,0.4436476116571321,0.8522911051212938,Silver,3,1,2,6,Occasional Buyer
1447,63,Male,Jeans,Clothing,35,Wyoming,XL,Red,Summer,3.2,0,Express,1,1,6,Credit Card,Quarterly,4,0.2441188965731355,3.4992187564193578,0.4712640708417055,0.4482083946992425,0.5830871633545616,Bronze,1,1,1,3,At-Risk / One-Timer
1448,23,Male,Hoodie,Clothing,57,New Mexico,S,Beige,Summer,3.0,0,Next Day Air,1,1,25,PayPal,Monthly,12,0.4699204425293648,22.897022116574878,0.4712640708417055,0.5001379346597191,0.9495990946060002,Silver,3,2,3,8,Promo-Dependent
1449,64,Male,Boots,Footwear,95,West Virginia,M,Black,Summer,3.6,0,Free Shipping,1,1,11,Credit Card,Every 3 Months,4,0.2989531187468407,5.458104507543247,-2.7198160345219193,0.5071752391339835,1.5766215055550938,Bronze,2,1,5,8,Promo-Dependent
1450,18,Male,Socks,Clothing,41,New York,L,Lavender,Winter,2.5,0,Store Pickup,1,1,20,Cash,Every 3 Months,4,0.3558850216550244,5.320722532168413,0.4712640708417055,0.38656161971562025,0.6830449627867721,Silver,2,1,2,5,At-Risk / One-Timer
1451,25,Male,Dress,Clothing,44,Illinois,S,Teal,Winter,3.4,0,Free Shipping,1,1,25,Cash,Quarterly,4,0.3776127502216725,5.7497771677113985,0.4712640708417055,0.49890716542894986,0.7330238625028773,Silver,3,1,2,6,Occasional Buyer
1452,54,Male,Jacket,Outerwear,34,Utah,M,Maroon,Fall,2.5,0,Next Day Air,1,1,35,PayPal,Quarterly,4,0.41071924382872965,5.840999469451487,3.3361111111111157,0.3975284641503613,0.5946879723601813,Gold,4,1,1,6,Occasional Buyer
1453,60,Male,Jacket,Outerwear,25,Colorado,L,Blue,Spring,4.7,0,2-Day Shipping,1,1,11,Bank Transfer,Quarterly,4,0.2989531187468407,3.896072484879227,3.3361111111111157,0.6391752391339836,0.43727056791189806,Bronze,2,1,1,4,At-Risk / One-Timer
1454,36,Male,Boots,Footwear,93,Virginia,S,Teal,Winter,3.2,0,2-Day Shipping,1,1,41,Bank Transfer,Fortnightly,26,0.6802477492567311,80.35471729607454,-2.7198160345219193,0.6200495498513462,1.543429473859197,Platinum,5,2,5,12,Loyal Promo-User
1455,66,Male,Sneakers,Footwear,50,Georgia,L,Maroon,Winter,2.9,0,Free Shipping,1,1,17,Credit Card,Annually,1,0.3055872854577921,1.2015159219975926,-2.7198160345219193,0.4129636109377122,0.8298007923974178,Silver,2,1,2,5,At-Risk / One-Timer
1456,60,Male,Pants,Clothing,79,Alabama,L,Silver,Fall,4.9,0,Express,1,1,1,PayPal,Every 3 Months,4,0.116670419909399,2.045011550086289,0.4712640708417055,0.6267186993664952,1.3161110258574389,Bronze,1,1,4,6,Occasional Buyer
1457,59,Male,Coat,Outerwear,100,Montana,S,Olive,Spring,2.7,0,Store Pickup,1,1,30,PayPal,Every 3 Months,4,0.39550679567473,7.301246109074362,3.3361111111111157,0.4184859745195614,1.7490822716475922,Gold,3,1,5,9,Promo-Dependent
1458,58,Male,Shirt,Clothing,57,Pennsylvania,S,Gray,Spring,4.7,0,Express,1,1,47,Venmo,Fortnightly,26,0.6938324201041003,73.24894201825722,0.4712640708417055,0.8027664840208201,0.9495990946060002,Platinum,5,2,3,10,Promo-Dependent
1459,35,Male,Sweater,Clothing,28,Missouri,M,Peach,Spring,2.9,0,2-Day Shipping,1,1,34,Venmo,Weekly,52,0.9616994641775043,168.3929829621071,0.4712640708417055,0.740339892835501,0.4664697306836492,Gold,4,3,1,8,Promo-Dependent
1460,20,Male,Shoes,Footwear,35,Maine,L,Yellow,Winter,4.8,0,Express,1,1,18,Venmo,Fortnightly,26,0.5995492938099868,55.860902471557935,-2.7198160345219193,0.7959098587619973,0.5808605546781924,Silver,2,2,1,5,At-Risk / One-Timer
1461,70,Male,Boots,Footwear,85,Pennsylvania,L,Violet,Fall,4.6,0,Standard,1,1,33,Venmo,Bi-Weekly,26,0.658750448673664,76.29188527883832,-2.7198160345219193,0.7837500897347327,1.4106613470756102,Gold,4,2,5,11,Loyal Promo-User
1462,54,Male,Sunglasses,Accessories,95,Oregon,S,Red,Summer,5.0,0,2-Day Shipping,1,1,42,Venmo,Quarterly,4,0.4287954449459535,7.828686854594836,2.3996554557680767,0.7011437043738061,1.587601078167116,Platinum,5,1,5,11,Loyal Promo-User
1463,38,Male,Sneakers,Footwear,90,Utah,S,Charcoal,Summer,4.8,0,2-Day Shipping,1,1,2,Venmo,Quarterly,4,0.15791997123573503,2.8494192140703314,-2.7198160345219193,0.6229686096317624,1.493641426315352,Bronze,1,1,5,7,Occasional Buyer
1464,54,Male,Jewelry,Accessories,49,Oklahoma,M,Beige,Summer,4.9,0,Store Pickup,1,1,1,Bank Transfer,Monthly,12,0.2089781122170913,9.81032619149047,2.3996554557680767,0.6759494685972646,0.8188679245283019,Bronze,1,2,2,5,At-Risk / One-Timer
1465,33,Male,Belt,Accessories,92,Montana,M,Peach,Winter,4.6,0,2-Day Shipping,1,1,23,Bank Transfer,Quarterly,4,0.3694696925023936,6.6986325638873545,2.3996554557680767,0.6412785538850941,1.537466307277628,Silver,3,1,5,9,Promo-Dependent
1466,46,Male,Gloves,Accessories,72,Nebraska,XL,Violet,Winter,3.9,0,Store Pickup,1,1,42,Cash,Bi-Weekly,26,0.6826415987921073,76.14999840391395,2.3996554557680767,0.7045283197584215,1.203234501347709,Platinum,5,2,4,11,Loyal Promo-User
1467,58,Male,Shorts,Clothing,71,Alabama,M,Green,Summer,4.5,0,Store Pickup,1,1,3,PayPal,Annually,1,0.15257160904956724,0.6524978311460475,0.4712640708417055,0.5743604756560673,1.1828339599478248,Bronze,1,1,4,6,Occasional Buyer
1468,30,Male,Jewelry,Accessories,27,Ohio,XL,Olive,Winter,4.7,0,Store Pickup,1,1,16,Debit Card,Fortnightly,26,0.5882338749181111,50.96300484703912,2.3996554557680767,0.7816467749836222,0.45121293800539086,Silver,2,2,1,5,At-Risk / One-Timer
1469,42,Male,Gloves,Accessories,39,Arkansas,S,Silver,Fall,3.9,0,Express,1,1,46,Cash,Fortnightly,26,0.6916905744410977,66.34064186516082,2.3996554557680767,0.7063381148882195,0.6517520215633423,Platinum,5,2,2,9,Promo-Dependent
1470,28,Male,Jewelry,Accessories,98,Mississippi,M,Purple,Winter,4.4,0,Standard,1,1,31,PayPal,Every 3 Months,4,0.3987367149316104,7.328971975038801,2.3996554557680767,0.6231319583709374,1.6377358490566039,Gold,4,1,5,10,Promo-Dependent
1471,43,Male,Sandals,Footwear,27,California,M,Silver,Spring,3.9,0,Next Day Air,1,1,15,Cash,Every 3 Months,4,0.3282201411760575,4.374786539028804,-2.7198160345219193,0.5490286436198268,0.44809242789460557,Silver,2,1,1,4,At-Risk / One-Timer
1472,31,Male,Jewelry,Accessories,71,Alaska,S,Gray,Spring,2.8,0,2-Day Shipping,1,1,48,Venmo,Every 3 Months,4,0.44208394699242487,7.562581751453573,2.3996554557680767,0.4398014047831003,1.186522911051213,Platinum,5,1,4,10,Promo-Dependent
1473,39,Male,Hat,Accessories,24,Indiana,L,Turquoise,Spring,3.5,0,Store Pickup,1,1,11,Cash,Weekly,52,0.8527992725929945,142.74285802476837,2.3996554557680767,0.7905598545185989,0.401078167115903,Bronze,2,3,1,6,Occasional Buyer
1474,69,Male,Shorts,Clothing,63,Wisconsin,M,Violet,Fall,4.3,0,Express,1,1,20,Credit Card,Every 3 Months,4,0.3558850216550244,5.920336784728685,0.4712640708417055,0.6025616197156203,1.0495568940382107,Silver,2,1,3,6,Occasional Buyer
1475,31,Male,Sweater,Clothing,72,New Jersey,S,Pink,Fall,3.9,0,Next Day Air,1,1,6,Credit Card,Monthly,12,0.3364265888808278,17.321095614205152,0.4712640708417055,0.5814391639300117,1.1994935931865265,Bronze,1,2,4,7,Occasional Buyer
1476,44,Male,Blouse,Clothing,61,Rhode Island,M,Teal,Spring,4.0,0,Express,1,1,24,Cash,Monthly,12,0.4659303659779684,23.075486813571803,0.4712640708417055,0.6193399193494399,1.0162376275608072,Silver,3,2,3,8,Promo-Dependent
1477,39,Male,Hat,Accessories,56,Wyoming,M,Magenta,Fall,4.1,0,Next Day Air,1,1,18,Credit Card,Monthly,12,0.43801083227152526,21.250803008887882,2.3996554557680767,0.6257560126081512,0.9358490566037736,Silver,2,2,3,7,Occasional Buyer
1478,24,Male,Belt,Accessories,32,Oregon,XL,Silver,Summer,4.3,0,Standard,1,1,1,PayPal,Every 3 Months,4,0.116670419909399,1.6317560216507319,2.3996554557680767,0.5547186993664951,0.5347708894878707,Bronze,1,1,1,3,At-Risk / One-Timer
1479,28,Male,Gloves,Accessories,23,Washington,M,Blue,Summer,4.2,0,Free Shipping,1,1,13,Venmo,Bi-Weekly,26,0.5684816241748422,46.97329528297324,2.3996554557680767,0.7176963248349684,0.384366576819407,Bronze,2,2,1,5,At-Risk / One-Timer
1480,48,Male,Coat,Outerwear,100,Washington,L,Black,Spring,4.0,0,Standard,1,1,2,Bank Transfer,Weekly,52,0.7117661250818889,170.81409524701743,3.3361111111111157,0.8223532250163778,1.7490822716475922,Bronze,1,3,5,9,Promo-Dependent
1481,39,Male,Jewelry,Accessories,74,New Hampshire,M,Gold,Fall,3.6,0,Express,1,1,26,Cash,Quarterly,4,0.3814522213995128,6.58766172709767,2.3996554557680767,0.5236750596645179,1.236657681940701,Gold,3,1,4,8,Promo-Dependent
1482,64,Male,Skirt,Clothing,33,Maryland,S,Gray,Spring,3.3,0,Standard,1,1,31,PayPal,Quarterly,4,0.3987367149316104,5.624357644999834,0.4712640708417055,0.4911319583709374,0.549767896877158,Gold,4,1,1,6,Occasional Buyer
1483,28,Male,Gloves,Accessories,67,Wisconsin,S,Magenta,Spring,4.1,0,2-Day Shipping,1,1,43,Bank Transfer,Weekly,52,0.9849804123990342,216.11888685739376,2.3996554557680767,0.8889960824798068,1.1196765498652292,Platinum,5,3,3,11,Loyal Promo-User
1484,39,Male,Jewelry,Accessories,61,Massachusetts,S,Yellow,Summer,4.7,0,Next Day Air,1,1,12,Debit Card,Bi-Weekly,26,0.5609423303122735,60.192193865936744,2.3996554557680767,0.7761884660624547,1.0194070080862534,Bronze,2,2,3,7,Occasional Buyer
1485,49,Male,Shorts,Clothing,46,Nebraska,M,Teal,Summer,4.4,0,Store Pickup,1,1,22,Venmo,Every 3 Months,4,0.3651399364659534,5.623370602691814,0.4712640708417055,0.6164126026778061,0.7663431289802809,Silver,3,1,2,6,Occasional Buyer
1486,22,Male,Gloves,Accessories,56,Nebraska,L,Red,Spring,3.4,0,Standard,1,1,3,Cash,Fortnightly,26,0.44103314751110567,46.36111028124779,2.3996554557680767,0.5962066295022211,0.9358490566037736,Bronze,1,2,3,6,Occasional Buyer
1487,25,Male,Sneakers,Footwear,73,Idaho,S,Yellow,Spring,5.0,0,Free Shipping,1,1,23,Venmo,Every 3 Months,4,0.3694696925023936,6.360886425985723,-2.7198160345219193,0.6892785538850942,1.2115091569002299,Silver,3,1,4,8,Promo-Dependent
1488,40,Male,Skirt,Clothing,44,Arizona,L,Black,Summer,4.6,0,Store Pickup,1,1,26,PayPal,Annually,1,0.3468368367841282,1.3202907766567313,0.4712640708417055,0.6252135212029795,0.7330238625028773,Gold,3,1,2,6,Occasional Buyer
1489,23,Male,Hat,Accessories,44,Hawaii,L,Pink,Winter,4.0,0,Standard,1,1,37,Credit Card,Weekly,52,0.9700658675655396,192.02109423474857,2.3996554557680767,0.8740131735131078,0.7353099730458221,Gold,4,3,2,9,Promo-Dependent
1490,24,Male,Jewelry,Accessories,26,Missouri,XL,Magenta,Summer,4.1,0,Next Day Air,1,1,42,Venmo,Quarterly,4,0.4287954449459535,5.652959341710413,2.3996554557680767,0.593143704373806,0.43450134770889487,Platinum,5,1,1,7,Occasional Buyer
1491,66,Male,Sneakers,Footwear,52,Louisiana,L,Olive,Spring,4.9,0,Express,1,1,15,Venmo,Bi-Weekly,26,0.5820662950222113,60.08530071122616,-2.7198160345219193,0.8044132590044424,0.8629928240933145,Silver,2,2,3,7,Occasional Buyer
1492,27,Male,Shirt,Clothing,54,Arkansas,S,Black,Summer,2.7,0,Free Shipping,1,1,10,Bank Transfer,Quarterly,4,0.2901011110417747,4.650127237402056,0.4712640708417055,0.39740483759297035,0.8996201948898949,Bronze,1,1,3,5,At-Risk / One-Timer
1493,62,Male,Jacket,Outerwear,38,North Carolina,M,Maroon,Summer,4.5,0,Free Shipping,1,1,3,Venmo,Quarterly,4,0.18718699366495184,2.7430843625809227,3.3361111111111157,0.5928220141176057,0.664651263226085,Bronze,1,1,2,4,At-Risk / One-Timer
1494,70,Male,Belt,Accessories,44,North Dakota,S,Gold,Fall,2.7,0,Standard,1,1,44,Credit Card,Quarterly,4,0.4334205100758389,6.5995423920112595,2.3996554557680767,0.4260687173997832,0.7353099730458221,Platinum,5,1,2,8,Promo-Dependent
1495,43,Male,T-shirt,Clothing,76,Montana,M,Gray,Spring,3.0,0,Next Day Air,1,1,23,Bank Transfer,Fortnightly,26,0.6233158463485474,70.3966315752996,0.4712640708417055,0.5846631692697095,1.2661321261413336,Silver,3,2,4,9,Promo-Dependent
1496,45,Male,Jewelry,Accessories,23,Rhode Island,M,Brown,Winter,4.5,0,Next Day Air,1,1,6,PayPal,Weekly,52,0.7979650504192893,131.87074601837833,2.3996554557680767,0.8995930100838578,0.384366576819407,Bronze,1,3,1,5,At-Risk / One-Timer
1497,63,Male,T-shirt,Clothing,98,Idaho,M,Purple,Winter,5.0,0,Standard,1,1,9,Venmo,Bi-Weekly,26,0.5342509875137679,63.828630259641564,0.4712640708417055,0.8068501975027536,1.6326440573927723,Bronze,1,2,5,8,Promo-Dependent
1498,69,Male,Jacket,Outerwear,33,Michigan,S,Magenta,Spring,3.8,0,2-Day Shipping,1,1,16,Debit Card,Every 3 Months,4,0.3343877210719573,4.71668663801804,3.3361111111111157,0.5382621595990068,0.5771971496437054,Silver,2,1,1,4,At-Risk / One-Timer
1499,59,Male,Sweater,Clothing,32,Illinois,M,Teal,Summer,3.1,0,Standard,1,1,46,Venmo,Fortnightly,26,0.6916905744410977,62.88103441693818,0.4712640708417055,0.6103381148882195,0.5331082636384562,Platinum,5,2,1,8,Promo-Dependent
1500,19,Male,Boots,Footwear,85,Georgia,S,Olive,Fall,3.4,0,Free Shipping,1,1,24,Credit Card,Every 3 Months,4,0.3736226736702761,6.656980585128803,-2.7198160345219193,0.4981091501186706,1.4106613470756102,Silver,3,1,5,9,Promo-Dependent
1501,63,Male,Jeans,Clothing,69,Alabama,L,Maroon,Summer,4.8,0,Next Day Air,1,1,22,Debit Card,Monthly,12,0.4574476287736457,23.321568891979148,0.4712640708417055,0.7136433719085752,1.1495146934704212,Silver,3,2,4,9,Promo-Dependent
1502,37,Male,Jeans,Clothing,55,Alaska,XL,Silver,Spring,2.7,0,Standard,1,1,13,Debit Card,Every 3 Months,4,0.3146354703286883,5.066073689811338,0.4712640708417055,0.40231170945035305,0.9162798281285967,Bronze,2,1,3,6,Occasional Buyer
1503,37,Male,Pants,Clothing,66,Massachusetts,M,Black,Summer,3.2,0,Store Pickup,1,1,20,Cash,Fortnightly,26,0.6097311755011783,66.65703650950194,0.4712640708417055,0.6059462351002356,1.099535793754316,Silver,2,2,3,7,Occasional Buyer
1504,50,Male,Jacket,Outerwear,30,Michigan,M,Maroon,Fall,3.9,0,2-Day Shipping,1,1,46,Cash,Quarterly,4,0.43784442059494383,6.014208551512999,3.3361111111111157,0.5709534995036041,0.5247246814942776,Platinum,5,1,1,7,Occasional Buyer
1505,60,Male,Jacket,Outerwear,80,Alaska,M,Teal,Winter,4.2,0,Next Day Air,1,1,10,Bank Transfer,Monthly,12,0.38240880334946703,20.16571251142037,3.3361111111111157,0.6266356068237396,1.3992658173180739,Bronze,1,2,4,7,Occasional Buyer
1506,46,Male,Belt,Accessories,20,North Dakota,M,Teal,Summer,3.0,0,Express,1,1,39,Cash,Monthly,12,0.513745673486412,18.769322762552555,2.3996554557680767,0.5089029808511285,0.33423180592991913,Platinum,4,2,1,7,Occasional Buyer
1507,35,Male,Shirt,Clothing,30,South Carolina,L,Beige,Fall,3.0,0,2-Day Shipping,1,1,44,PayPal,Quarterly,4,0.4334205100758389,5.953441943047425,0.4712640708417055,0.46206871739978317,0.49978899716105274,Platinum,5,1,1,7,Occasional Buyer
1508,66,Male,Dress,Clothing,86,Pennsylvania,S,Maroon,Winter,3.7,0,2-Day Shipping,1,1,7,Venmo,Annually,1,0.22308818280512005,0.9962913267652835,0.4712640708417055,0.49246379040717786,1.432728458528351,Bronze,1,1,5,7,Occasional Buyer
1509,35,Male,Blouse,Clothing,84,Colorado,L,Beige,Spring,4.4,0,Store Pickup,1,1,3,Cash,Every 3 Months,4,0.18718699366495184,3.326426130416973,0.4712640708417055,0.5808220141176057,1.3994091920509477,Bronze,1,1,4,6,Occasional Buyer
1510,20,Male,Dress,Clothing,54,New Hampshire,XL,White,Summer,4.6,0,Free Shipping,1,1,44,Debit Card,Annually,1,0.3988051254604543,1.5981450136984776,0.4712640708417055,0.6356071789382447,0.8996201948898949,Platinum,5,1,3,9,Promo-Dependent
1511,55,Male,Blouse,Clothing,30,Maryland,XL,Gray,Fall,3.0,0,Free Shipping,1,1,31,Venmo,Annually,1,0.3641213303162258,1.2503879891860288,0.4712640708417055,0.436670419909399,0.49978899716105274,Gold,4,1,1,6,Occasional Buyer
1512,34,Male,Dress,Clothing,91,Georgia,M,Violet,Winter,3.6,0,Express,1,1,48,Credit Card,Weekly,52,0.9959301008385787,234.17603838258157,0.4712640708417055,0.8311860201677157,1.51602662472186,Platinum,5,3,5,13,Loyal Promo-User
1513,60,Male,Sneakers,Footwear,23,Wisconsin,L,Silver,Winter,3.9,0,Standard,1,1,18,PayPal,Bi-Weekly,26,0.5995492938099868,49.54039817155609,-2.7198160345219193,0.6879098587619973,0.38170836450281215,Silver,2,2,1,5,At-Risk / One-Timer
1514,22,Male,Socks,Clothing,35,Texas,M,Red,Spring,4.1,0,Free Shipping,1,1,27,Cash,Monthly,12,0.4774597363919335,20.53183209252907,0.4712640708417055,0.6336457934322328,0.5830871633545616,Gold,3,2,1,6,Occasional Buyer
1515,26,Male,Shoes,Footwear,90,Utah,L,Brown,Winter,3.9,0,2-Day Shipping,1,1,1,Venmo,Weekly,52,0.6705165737555528,157.2795151721218,-2.7198160345219193,0.8021033147511105,1.493641426315352,Bronze,1,3,5,9,Promo-Dependent
1516,39,Male,Jeans,Clothing,93,Indiana,S,Turquoise,Fall,3.9,0,2-Day Shipping,1,1,34,Cash,Weekly,52,0.9616994641775043,227.20277620089473,0.4712640708417055,0.8603398928355008,1.5493458911992635,Gold,4,3,5,12,Loyal Promo-User
1517,20,Male,Jeans,Clothing,68,Nevada,L,Indigo,Winter,4.5,0,Express,1,1,5,Bank Transfer,Bi-Weekly,26,0.48228269883744174,53.092944117260664,0.4712640708417055,0.7364565397674884,1.1328550602317196,Bronze,1,2,3,6,Occasional Buyer
1518,57,Male,Gloves,Accessories,41,New Hampshire,M,Violet,Spring,3.4,0,Standard,1,1,12,Cash,Quarterly,4,0.30709617646611964,4.591296194673613,2.3996554557680767,0.48480385067783927,0.6851752021563342,Bronze,2,1,2,5,At-Risk / One-Timer
1519,68,Male,Belt,Accessories,73,New York,M,Yellow,Winter,4.1,0,Next Day Air,1,1,14,Venmo,Fortnightly,26,0.5755005388401039,64.40178628888893,2.3996554557680767,0.7071001077680208,1.2199460916442049,Silver,2,2,4,8,Promo-Dependent
1520,50,Male,Sunglasses,Accessories,73,Texas,L,Cyan,Fall,4.9,0,Next Day Air,1,1,40,PayPal,Weekly,52,0.9777962110828611,218.84192410023002,2.3996554557680767,0.9835592422165722,1.2199460916442049,Platinum,4,3,4,11,Loyal Promo-User
1521,21,Male,Hat,Accessories,66,Iowa,M,Brown,Summer,4.4,0,2-Day Shipping,1,1,39,Cash,Quarterly,4,0.42143798117871967,7.088068675972766,2.3996554557680767,0.6276722116203592,1.1029649595687332,Platinum,4,1,3,8,Promo-Dependent
1522,29,Male,Backpack,Accessories,59,Washington,M,White,Summer,2.7,0,2-Day Shipping,1,1,50,Bank Transfer,Weekly,52,1.0,212.90591723554923,2.3996554557680767,0.724,0.9859838274932615,Platinum,5,3,3,11,Loyal Promo-User
1523,38,Male,Shorts,Clothing,72,Tennessee,L,Yellow,Spring,4.8,0,Free Shipping,1,1,5,Debit Card,Monthly,12,0.3207442372989802,16.513681693360194,0.4712640708417055,0.686302693613642,1.1994935931865265,Bronze,1,2,4,7,Occasional Buyer
1524,54,Male,Socks,Clothing,88,Georgia,M,White,Summer,3.3,0,2-Day Shipping,1,1,35,Debit Card,Annually,1,0.37610385921334505,1.688193461261637,0.4712640708417055,0.4750669256888228,1.4660477250057546,Gold,4,1,5,10,Promo-Dependent
1525,22,Male,Socks,Clothing,76,Massachusetts,L,Pink,Summer,4.4,0,Free Shipping,1,1,6,Cash,Bi-Weekly,26,0.49796505041928935,56.239645433528764,0.4712640708417055,0.7275930100838579,1.2661321261413336,Bronze,1,2,4,7,Occasional Buyer
1526,29,Male,Belt,Accessories,31,Oregon,M,Indigo,Winter,4.6,0,2-Day Shipping,1,1,22,Cash,Fortnightly,26,0.6189860903121072,55.7763002297359,2.3996554557680767,0.7757972180624213,0.5180592991913747,Silver,3,2,1,6,Occasional Buyer
1527,41,Male,Jacket,Outerwear,22,Oklahoma,L,White,Summer,3.1,0,Next Day Air,1,1,27,PayPal,Monthly,12,0.4774597363919335,17.96486690155157,3.3361111111111157,0.5136457934322328,0.3847980997624703,Gold,3,2,1,6,Occasional Buyer
1528,26,Male,Hat,Accessories,75,Wisconsin,L,Red,Fall,4.5,0,2-Day Shipping,1,1,33,Debit Card,Fortnightly,26,0.658750448673664,74.17468580599001,2.3996554557680767,0.7717500897347328,1.2533692722371967,Gold,4,2,4,10,Promo-Dependent
1529,69,Male,T-shirt,Clothing,75,Oregon,S,Red,Spring,4.0,0,Store Pickup,1,1,47,Venmo,Bi-Weekly,26,0.6938324201041003,78.12488305222585,0.4712640708417055,0.71876648402082,1.2494724929026317,Platinum,5,2,4,11,Loyal Promo-User
1530,20,Male,Backpack,Accessories,63,Georgia,M,Lavender,Winter,3.1,0,Free Shipping,1,1,48,Credit Card,Bi-Weekly,26,0.6959301008385788,75.25159001303724,2.3996554557680767,0.6111860201677157,1.0528301886792453,Platinum,5,2,3,10,Promo-Dependent
1531,59,Male,Coat,Outerwear,21,New Mexico,M,Teal,Spring,3.9,0,Next Day Air,1,1,22,Bank Transfer,Quarterly,4,0.3651399364659534,4.5146521801312804,3.3361111111111157,0.556412602677806,0.36730727704599436,Silver,3,1,1,5,At-Risk / One-Timer
1532,63,Male,Backpack,Accessories,83,Mississippi,S,Violet,Spring,4.5,0,Next Day Air,1,1,8,PayPal,Bi-Weekly,26,0.5235322501637778,60.31156270780957,2.3996554557680767,0.7447064500327556,1.3870619946091645,Bronze,1,2,4,7,Occasional Buyer
1533,68,Male,Jacket,Outerwear,46,Wisconsin,S,Silver,Winter,4.4,0,Next Day Air,1,1,5,PayPal,Every 3 Months,4,0.2284365449912879,3.518057663364556,3.3361111111111157,0.5890719243828729,0.8045778449578924,Bronze,1,1,2,4,At-Risk / One-Timer
1534,50,Male,Shoes,Footwear,59,New Hampshire,M,Gold,Summer,3.6,0,2-Day Shipping,1,1,16,Bank Transfer,Quarterly,4,0.3343877210719573,5.476394189779235,-2.7198160345219193,0.5142621595990069,0.979164935028953,Silver,2,1,3,6,Occasional Buyer
1535,55,Male,Blouse,Clothing,66,Wyoming,M,Green,Summer,3.4,0,Free Shipping,1,1,26,Venmo,Fortnightly,26,0.6352983752456667,69.4520941271697,0.4712640708417055,0.6350596750491333,1.099535793754316,Gold,3,2,3,8,Promo-Dependent
1536,36,Male,Sandals,Footwear,74,West Virginia,S,Turquoise,Fall,4.0,0,2-Day Shipping,1,1,8,Venmo,Monthly,12,0.3619937886253162,18.75484655476534,-2.7198160345219193,0.5985526038789094,1.2281051727481782,Bronze,1,2,4,7,Occasional Buyer
1537,18,Male,Sunglasses,Accessories,82,Michigan,M,Indigo,Summer,2.6,0,Store Pickup,1,1,17,Cash,Quarterly,4,0.3402026700731767,6.0132054936007275,2.3996554557680767,0.3954251493992507,1.3703504043126684,Silver,2,1,4,7,Occasional Buyer
1538,68,Male,Shoes,Footwear,89,Alaska,L,Black,Spring,3.2,0,Next Day Air,1,1,50,Venmo,Annually,1,0.4115384615384616,1.8518447489436092,-2.7198160345219193,0.47015384615384614,1.4770454104674036,Platinum,5,1,5,11,Loyal Promo-User
1539,56,Male,Dress,Clothing,65,Illinois,L,Charcoal,Fall,3.2,0,Standard,1,1,22,Venmo,Bi-Weekly,26,0.6189860903121072,67.42678822163744,0.4712640708417055,0.6077972180624214,1.0828761605156143,Silver,3,2,3,8,Promo-Dependent
1540,32,Male,Belt,Accessories,55,Hawaii,M,Turquoise,Spring,5.0,0,2-Day Shipping,1,1,19,Cash,Every 3 Months,4,0.3509214074231668,5.650328322744011,2.3996554557680767,0.6855688968692488,0.9191374663072777,Silver,2,1,3,6,Occasional Buyer
1541,28,Male,Shorts,Clothing,95,Colorado,M,Red,Winter,2.9,0,Next Day Air,1,1,14,Bank Transfer,Monthly,12,0.41396207730164236,22.67360470641624,0.4712640708417055,0.47694626161417464,1.582665157676667,Silver,2,2,5,9,Promo-Dependent
1542,24,Male,Handbag,Accessories,77,Illinois,S,Indigo,Winter,2.9,0,Store Pickup,1,1,35,Cash,Bi-Weekly,26,0.6645653976748835,75.27826628302874,2.3996554557680767,0.5809130795349766,1.2867924528301888,Gold,4,2,4,10,Promo-Dependent
1543,59,Male,Blouse,Clothing,44,Hawaii,M,Maroon,Winter,3.5,0,Next Day Air,1,1,43,PayPal,Weekly,52,0.9849804123990342,194.973375429971,0.4712640708417055,0.8169960824798068,0.7330238625028773,Platinum,5,3,2,10,Promo-Dependent
1544,56,Male,Jeans,Clothing,89,Wisconsin,M,Indigo,Fall,4.0,0,Standard,1,1,24,Venmo,Annually,1,0.33900728905489147,1.525468277601648,0.4712640708417055,0.551647611657132,1.4827073582444563,Silver,3,1,5,9,Promo-Dependent
1545,30,Male,Jewelry,Accessories,24,Arkansas,M,Maroon,Spring,3.9,0,Standard,1,1,17,Debit Card,Bi-Weekly,26,0.5940488239193306,49.71640435073831,2.3996554557680767,0.686809764783866,0.401078167115903,Silver,2,2,1,5,At-Risk / One-Timer
1546,48,Male,Belt,Accessories,43,Delaware,M,Black,Winter,4.9,0,Store Pickup,1,1,49,Bank Transfer,Annually,1,0.40952386281044434,1.5497159564894476,2.3996554557680767,0.6737509264082427,0.7185983827493262,Platinum,5,1,2,8,Promo-Dependent
1547,60,Male,Sneakers,Footwear,51,Oregon,XL,Purple,Summer,3.8,0,Express,1,1,17,Bank Transfer,Annually,1,0.3055872854577921,1.2074498421434507,-2.7198160345219193,0.5209636109377123,0.8463968082453661,Silver,2,1,2,5,At-Risk / One-Timer
1548,46,Male,Hat,Accessories,46,South Carolina,L,Teal,Summer,3.5,0,Standard,1,1,40,Cash,Quarterly,4,0.42395005723670726,6.5290811844590015,2.3996554557680767,0.5201746268319568,0.768733153638814,Platinum,4,1,2,7,Occasional Buyer
1549,69,Male,Dress,Clothing,32,Maryland,M,Silver,Summer,3.7,0,Store Pickup,1,1,43,Bank Transfer,Weekly,52,0.9849804123990342,179.08755591217894,0.4712640708417055,0.8409960824798068,0.5331082636384562,Platinum,5,3,1,9,Promo-Dependent
1550,19,Male,Sneakers,Footwear,55,Kansas,M,Black,Spring,2.9,0,2-Day Shipping,1,1,19,Debit Card,Every 3 Months,4,0.3509214074231668,5.650328322744011,-2.7198160345219193,0.4335688968692487,0.9127808716371595,Silver,2,1,3,6,Occasional Buyer
1551,66,Male,Sunglasses,Accessories,26,Arkansas,S,Black,Summer,2.8,0,Free Shipping,1,1,40,Bank Transfer,Quarterly,4,0.42395005723670726,5.589080911941541,2.3996554557680767,0.4361746268319568,0.43450134770889487,Platinum,4,1,1,6,Occasional Buyer
1552,64,Male,Handbag,Accessories,29,Minnesota,M,Olive,Summer,3.7,0,2-Day Shipping,1,1,13,Credit Card,Monthly,12,0.40694316263638064,16.609128230930093,2.3996554557680767,0.5715424786811223,0.4846361185983828,Bronze,2,2,1,5,At-Risk / One-Timer
1553,54,Male,Blouse,Clothing,49,New Mexico,L,Purple,Spring,3.0,0,Express,1,1,20,Credit Card,Monthly,12,0.4481927139627167,21.04008249464909,0.4712640708417055,0.4957923889463895,0.8163220286963861,Silver,2,2,2,6,Occasional Buyer
1554,27,Male,Blouse,Clothing,45,Delaware,M,Indigo,Spring,4.8,0,Free Shipping,1,1,21,Debit Card,Quarterly,4,0.36061768479732753,5.522703185284418,0.4712640708417055,0.6635081523440809,0.7496834957415791,Silver,3,1,2,6,Occasional Buyer
1555,64,Male,Shorts,Clothing,48,Utah,S,Lavender,Winter,2.7,0,Standard,1,1,18,Cash,Bi-Weekly,26,0.5995492938099868,60.66679089555756,0.4712640708417055,0.5439098587619974,0.7996623954576844,Silver,2,2,2,6,Occasional Buyer
1556,43,Male,Shorts,Clothing,47,Ohio,S,Cyan,Winter,4.5,0,Free Shipping,1,1,44,Cash,Quarterly,4,0.4334205100758389,6.711431667015206,0.4712640708417055,0.6420687173997832,0.7830027622189826,Platinum,5,1,2,8,Promo-Dependent
1557,43,Male,Hoodie,Clothing,57,Alabama,M,Gold,Fall,2.7,0,Standard,1,1,26,Credit Card,Quarterly,4,0.3814522213995128,6.195460024956228,0.4712640708417055,0.41567505966451795,0.9495990946060002,Gold,3,1,3,7,Occasional Buyer
1558,27,Male,Backpack,Accessories,34,South Dakota,L,Magenta,Fall,3.5,0,Next Day Air,1,1,34,PayPal,Quarterly,4,0.40785331033135047,5.8002419050344285,2.3996554557680767,0.5169552774508854,0.5681940700808625,Gold,4,1,1,6,Occasional Buyer
1559,35,Male,Sunglasses,Accessories,75,New Mexico,XL,Teal,Fall,3.5,0,Express,1,1,24,Credit Card,Every 3 Months,4,0.3736226736702761,6.472240678203138,2.3996554557680767,0.5101091501186705,1.2533692722371967,Silver,3,1,4,8,Promo-Dependent
1560,43,Male,Scarf,Accessories,94,Oregon,L,Beige,Fall,4.5,0,Store Pickup,1,1,23,PayPal,Fortnightly,26,0.6233158463485474,73.80109435023218,2.3996554557680767,0.7646631692697095,1.57088948787062,Silver,3,2,5,10,Promo-Dependent
1561,57,Male,Hat,Accessories,84,Oregon,M,Teal,Winter,3.8,0,Free Shipping,1,1,3,Debit Card,Weekly,52,0.7410331475111056,171.19189588234175,2.3996554557680767,0.804206629502221,1.4037735849056605,Bronze,1,3,4,8,Promo-Dependent
1562,50,Male,Scarf,Accessories,38,Mississippi,M,Indigo,Summer,3.8,0,Standard,1,1,2,Bank Transfer,Quarterly,4,0.15791997123573503,2.314198199108543,2.3996554557680767,0.5029686096317624,0.6350404312668464,Bronze,1,1,2,4,At-Risk / One-Timer
1563,37,Male,Scarf,Accessories,75,Alabama,M,Purple,Winter,3.2,0,Next Day Air,1,1,23,Venmo,Bi-Weekly,26,0.6233158463485474,70.1847826500716,2.3996554557680767,0.6086631692697095,1.2533692722371967,Silver,3,2,4,9,Promo-Dependent
1564,68,Male,Pants,Clothing,44,Kansas,M,Teal,Fall,4.3,0,Next Day Air,1,1,8,Cash,Weekly,52,0.8235322501637777,163.0152849423592,0.4712640708417055,0.8807064500327555,0.7330238625028773,Bronze,1,3,2,6,Occasional Buyer
1565,22,Male,Backpack,Accessories,33,California,XL,Turquoise,Summer,4.5,0,Next Day Air,1,1,30,Debit Card,Every 3 Months,4,0.39550679567473,5.578798205939192,2.3996554557680767,0.6344859745195613,0.5514824797843666,Gold,3,1,1,5,At-Risk / One-Timer
1566,58,Male,Sunglasses,Accessories,93,Idaho,L,Peach,Fall,4.2,0,Free Shipping,1,1,48,PayPal,Annually,1,0.40746856237704027,1.8512497933866667,2.3996554557680767,0.5893398663215619,1.554177897574124,Platinum,5,1,5,11,Loyal Promo-User
1567,48,Male,Sneakers,Footwear,99,Wyoming,S,Green,Winter,3.0,0,Free Shipping,1,1,21,Cash,Bi-Weekly,26,0.6144638386434813,73.5724743023077,-2.7198160345219193,0.5828927677286962,1.6430055689468872,Silver,3,2,5,10,Promo-Dependent
1568,30,Male,Backpack,Accessories,33,Minnesota,M,Turquoise,Spring,4.1,0,Standard,1,1,9,Cash,Monthly,12,0.37271252597530635,15.77182486355155,2.3996554557680767,0.6126963513489073,0.5514824797843666,Bronze,1,2,1,4,At-Risk / One-Timer
1569,51,Male,Sneakers,Footwear,76,Washington,L,Yellow,Spring,4.6,0,Store Pickup,1,1,8,Debit Card,Monthly,12,0.3619937886253162,18.86916698049606,-2.7198160345219193,0.6705526038789092,1.261297204444075,Bronze,1,2,4,7,Occasional Buyer
1570,20,Male,Skirt,Clothing,63,Hawaii,M,Orange,Summer,2.9,0,Standard,1,1,29,Debit Card,Weekly,52,0.9460171125956567,204.5874774394276,0.4712640708417055,0.7372034225191314,1.0495568940382107,Gold,3,3,3,9,Promo-Dependent
1571,30,Male,Pants,Clothing,41,Missouri,L,Brown,Winter,4.8,0,Next Day Air,1,1,3,Bank Transfer,Every 3 Months,4,0.18718699366495184,2.7985725566371675,0.4712640708417055,0.6288220141176057,0.6830449627867721,Bronze,1,1,2,4,At-Risk / One-Timer
1572,28,Male,Jewelry,Accessories,88,Colorado,L,Silver,Winter,4.5,0,Next Day Air,1,1,11,Bank Transfer,Fortnightly,26,0.5527992725929946,64.51418792318205,2.3996554557680767,0.750559854518599,1.4706199460916443,Bronze,2,2,5,9,Promo-Dependent
1573,37,Male,Skirt,Clothing,92,Washington,L,White,Summer,3.4,0,2-Day Shipping,1,1,16,Debit Card,Monthly,12,0.4266954133796496,23.208472972985028,0.4712640708417055,0.5394929288297761,1.5326862579605618,Silver,2,2,5,9,Promo-Dependent
1574,36,Male,T-shirt,Clothing,31,North Dakota,L,Indigo,Summer,4.3,0,2-Day Shipping,1,1,25,Debit Card,Weekly,52,0.9314589040678263,167.8659094221383,0.4712640708417055,0.9022917808135652,0.5164486303997545,Silver,3,3,1,7,Occasional Buyer
1575,18,Male,Skirt,Clothing,25,Minnesota,S,Magenta,Spring,4.2,0,Free Shipping,1,1,32,PayPal,Bi-Weekly,26,0.6557133899698174,55.5458156706698,0.4712640708417055,0.7351426779939635,0.4164908309675439,Gold,4,2,1,7,Occasional Buyer
1576,52,Male,Shirt,Clothing,28,California,M,Turquoise,Spring,3.6,0,Next Day Air,1,1,28,Cash,Fortnightly,26,0.6425681751459875,56.25664555292865,0.4712640708417055,0.6605136350291976,0.4664697306836492,Gold,3,2,1,6,Occasional Buyer
1577,56,Male,Dress,Clothing,75,Michigan,M,White,Spring,3.7,0,2-Day Shipping,1,1,36,PayPal,Monthly,12,0.5058143409450253,26.286564363906944,0.4712640708417055,0.5913167143428513,1.2494724929026317,Gold,4,2,4,10,Promo-Dependent
1578,68,Male,Boots,Footwear,34,Delaware,S,Olive,Spring,4.0,0,Standard,1,1,7,Venmo,Fortnightly,26,0.5115497212666585,47.28717005638247,-2.7198160345219193,0.6823099442533317,0.5642645388302441,Bronze,1,2,1,4,At-Risk / One-Timer
1579,62,Male,Pants,Clothing,97,California,S,Maroon,Winter,4.9,0,2-Day Shipping,1,1,2,PayPal,Quarterly,4,0.15791997123573503,2.8962317293937496,0.4712640708417055,0.6349686096317624,1.6159844241540704,Bronze,1,1,5,7,Occasional Buyer
1580,35,Male,Jacket,Outerwear,80,Oklahoma,M,Violet,Summer,3.1,0,Free Shipping,1,1,6,Bank Transfer,Monthly,12,0.3364265888808278,17.74091446940023,3.3361111111111157,0.48543916393001174,1.3992658173180739,Bronze,1,2,4,7,Occasional Buyer
1581,65,Male,Sneakers,Footwear,71,North Dakota,L,Cyan,Summer,3.7,0,Standard,1,1,30,Cash,Annually,1,0.3608914110593454,1.5434120703213987,-2.7198160345219193,0.520024436058023,1.1783171252043332,Gold,3,1,4,8,Promo-Dependent
1582,69,Male,Jewelry,Accessories,77,Ohio,L,Teal,Fall,4.2,0,Free Shipping,1,1,46,Cash,Quarterly,4,0.43784442059494383,7.630242607691128,2.3996554557680767,0.6069534995036041,1.2867924528301888,Platinum,5,1,4,10,Promo-Dependent
1583,28,Male,Belt,Accessories,41,Hawaii,L,Red,Spring,2.5,0,Next Day Air,1,1,39,Cash,Monthly,12,0.513745673486412,23.042539143776274,2.3996554557680767,0.44890298085112856,0.6851752021563342,Platinum,4,2,2,8,Promo-Dependent
1584,37,Male,Scarf,Accessories,92,Maryland,XL,Yellow,Summer,4.3,0,Next Day Air,1,1,8,Venmo,Annually,1,0.2350707117022393,1.0654813887167451,2.3996554557680767,0.5668602961866017,1.537466307277628,Bronze,1,1,5,7,Occasional Buyer
1585,41,Male,Blouse,Clothing,95,Hawaii,S,Silver,Spring,3.1,0,Store Pickup,1,1,46,Credit Card,Quarterly,4,0.43784442059494383,7.993897557147258,0.4712640708417055,0.47495349950360416,1.582665157676667,Platinum,5,1,5,11,Loyal Promo-User
1586,37,Male,Sweater,Clothing,25,Alabama,M,Charcoal,Fall,3.0,0,Next Day Air,1,1,40,Debit Card,Fortnightly,26,0.677796211082861,57.41646270914183,0.4712640708417055,0.5955592422165722,0.4164908309675439,Platinum,4,2,1,7,Occasional Buyer
1587,25,Male,Boots,Footwear,77,Oklahoma,M,Purple,Fall,4.0,0,Express,1,1,21,Bank Transfer,Weekly,52,0.9144638386434814,207.1707392303381,-2.7198160345219193,0.8628927677286962,1.2778932202920232,Silver,3,3,4,10,Promo-Dependent
1588,41,Male,Socks,Clothing,99,Alabama,M,Beige,Summer,3.5,0,Free Shipping,1,1,33,Credit Card,Fortnightly,26,0.658750448673664,78.87510608219414,0.4712640708417055,0.6517500897347328,1.649303690631474,Gold,4,2,5,11,Loyal Promo-User
1589,48,Male,Belt,Accessories,24,Vermont,L,Cyan,Winter,3.2,0,Next Day Air,1,1,3,Venmo,Monthly,12,0.27949468597264415,10.795904254277684,2.3996554557680767,0.486052783348375,0.401078167115903,Bronze,1,2,1,4,At-Risk / One-Timer
1590,42,Male,Sneakers,Footwear,72,Ohio,M,Silver,Summer,2.7,0,Store Pickup,1,1,48,Cash,Weekly,52,0.9959301008385787,222.19588060107097,-2.7198160345219193,0.7231860201677158,1.1949131410522815,Platinum,5,3,4,12,Loyal Promo-User
1591,54,Male,Jeans,Clothing,80,Wisconsin,S,Pink,Winter,3.0,0,Free Shipping,1,1,8,PayPal,Annually,1,0.2350707117022393,1.0330062903281543,0.4712640708417055,0.4108602961866017,1.3327706590961406,Bronze,1,1,4,6,Occasional Buyer
1592,18,Male,Skirt,Clothing,100,South Dakota,L,Gold,Winter,2.9,0,Next Day Air,1,1,24,PayPal,Annually,1,0.33900728905489147,1.5645594950759651,0.4712640708417055,0.4196476116571321,1.6659633238701756,Silver,3,1,5,9,Promo-Dependent
1593,56,Male,Shoes,Footwear,83,Iowa,M,Cyan,Summer,3.3,0,Free Shipping,1,1,10,Bank Transfer,Every 3 Months,4,0.2901011110417747,5.141539504668019,-2.7198160345219193,0.4694048375929703,1.3774693153797135,Bronze,1,1,4,6,Occasional Buyer
1594,61,Male,Dress,Clothing,95,Maryland,M,Black,Spring,4.9,0,2-Day Shipping,1,1,25,Bank Transfer,Monthly,12,0.4699204425293648,25.73856626391206,0.4712640708417055,0.7281379346597192,1.582665157676667,Silver,3,2,5,10,Promo-Dependent
1595,40,Male,Handbag,Accessories,41,Colorado,XL,Charcoal,Summer,3.7,0,Store Pickup,1,1,3,Cash,Fortnightly,26,0.44103314751110567,42.85934109881182,2.3996554557680767,0.6322066295022212,0.6851752021563342,Bronze,1,2,2,5,At-Risk / One-Timer
1596,34,Male,Backpack,Accessories,35,Wisconsin,S,Magenta,Spring,3.5,0,Standard,1,1,45,Debit Card,Fortnightly,26,0.68950266406766,64.24199222486243,2.3996554557680767,0.657900532813532,0.5849056603773585,Platinum,5,2,1,8,Promo-Dependent
1597,42,Male,Jewelry,Accessories,30,Mississippi,S,Pink,Fall,4.7,0,Store Pickup,1,1,15,Debit Card,Monthly,12,0.42052783348374984,17.329046391756687,2.3996554557680767,0.6942594128505962,0.5013477088948787,Silver,2,2,1,5,At-Risk / One-Timer
1598,43,Male,Hat,Accessories,21,Mississippi,XL,Maroon,Winter,2.6,0,Store Pickup,1,1,34,Bank Transfer,Quarterly,4,0.40785331033135047,5.042767587907713,2.3996554557680767,0.4089552774508855,0.3509433962264151,Gold,4,1,1,6,Occasional Buyer
1599,47,Male,Jewelry,Accessories,85,California,M,Teal,Fall,4.1,0,Express,1,1,21,Venmo,Bi-Weekly,26,0.6144638386434813,71.1629187959857,2.3996554557680767,0.7148927677286963,1.4204851752021563,Silver,3,2,5,10,Promo-Dependent
1600,48,Male,Shirt,Clothing,54,Delaware,M,Orange,Winter,2.8,0,2-Day Shipping,1,1,22,Debit Card,Bi-Weekly,26,0.6189860903121072,64.49257102353027,0.4712640708417055,0.5597972180624213,0.8996201948898949,Silver,3,2,3,8,Promo-Dependent
1601,20,Male,Boots,Footwear,26,Montana,S,Yellow,Spring,4.7,0,Next Day Air,1,1,24,PayPal,Weekly,52,0.9274688275164299,158.9528695975199,-2.7198160345219193,0.949493765503286,0.43149641204665723,Silver,3,3,1,7,Occasional Buyer
1602,65,Male,Shirt,Clothing,59,Indiana,XL,Red,Spring,2.9,0,Store Pickup,1,1,33,Credit Card,Monthly,12,0.4972119871352025,24.429086349583933,0.4712640708417055,0.4935962435808866,0.9829183610834037,Gold,4,2,3,9,Promo-Dependent
1603,54,Male,Sunglasses,Accessories,48,West Virginia,S,Charcoal,Winter,2.8,0,Free Shipping,1,1,13,Venmo,Fortnightly,26,0.5684816241748422,57.523136425730236,2.3996554557680767,0.5496963248349684,0.802156334231806,Bronze,2,2,2,6,Occasional Buyer
1604,23,Male,Shorts,Clothing,98,Iowa,L,Black,Summer,4.3,0,Next Day Air,1,1,17,Debit Card,Bi-Weekly,26,0.5940488239193306,70.97286411126142,0.4712640708417055,0.7348097647838661,1.6326440573927723,Silver,2,2,5,9,Promo-Dependent
1605,18,Male,Sweater,Clothing,92,Maine,M,White,Summer,4.8,0,2-Day Shipping,1,1,25,Credit Card,Every 3 Months,4,0.3776127502216725,6.84626944105184,0.4712640708417055,0.6669071654289499,1.5326862579605618,Silver,3,1,5,9,Promo-Dependent
1606,70,Male,Belt,Accessories,46,Connecticut,M,Lavender,Winter,3.4,0,Next Day Air,1,1,15,Credit Card,Bi-Weekly,26,0.5820662950222113,58.26706989521668,2.3996554557680767,0.6244132590044422,0.768733153638814,Silver,2,2,2,6,Occasional Buyer
1607,55,Male,T-shirt,Clothing,21,Kansas,S,White,Spring,4.3,0,Standard,1,1,4,PayPal,Fortnightly,26,0.46373441375821495,37.2689917602567,0.4712640708417055,0.708746882751643,0.34985229801273693,Bronze,1,2,1,4,At-Risk / One-Timer
1608,49,Male,Shorts,Clothing,72,Vermont,S,Gray,Fall,2.7,0,Free Shipping,1,1,43,Debit Card,Quarterly,4,0.43113425855288035,7.3990562000428675,0.4712640708417055,0.4256114670951915,1.1994935931865265,Platinum,5,1,4,10,Promo-Dependent
1609,26,Male,Sandals,Footwear,58,Nebraska,XL,Cyan,Fall,4.6,0,Next Day Air,1,1,12,Bank Transfer,Bi-Weekly,26,0.5609423303122735,59.468847248720664,-2.7198160345219193,0.7641884660624546,0.9625689191810046,Bronze,2,2,3,7,Occasional Buyer
1610,33,Male,Shirt,Clothing,93,Nevada,S,Brown,Fall,4.1,0,Standard,1,1,3,Venmo,Monthly,12,0.27949468597264415,15.23792098142049,0.4712640708417055,0.594052783348375,1.5493458911992635,Bronze,1,2,5,8,Promo-Dependent
1611,20,Male,Socks,Clothing,31,Tennessee,L,Purple,Spring,3.4,0,2-Day Shipping,1,1,1,PayPal,Annually,1,0.08205503529401438,0.2843810818239644,0.4712640708417055,0.4282571609049567,0.5164486303997545,Bronze,1,1,1,3,At-Risk / One-Timer
1612,41,Male,Pants,Clothing,26,Arkansas,L,Yellow,Winter,4.5,0,Next Day Air,1,1,6,Debit Card,Monthly,12,0.3364265888808278,13.305685852050173,0.4712640708417055,0.6534391639300118,0.4331504642062457,Bronze,1,2,1,4,At-Risk / One-Timer
1613,18,Male,Skirt,Clothing,68,Wisconsin,M,Indigo,Summer,4.4,0,Standard,1,1,26,Venmo,Monthly,12,0.4737599137072051,24.07139918694136,0.4712640708417055,0.6689058288952873,1.1328550602317196,Gold,3,2,3,8,Promo-Dependent
1614,26,Male,Jewelry,Accessories,31,Illinois,S,Black,Summer,4.0,0,Next Day Air,1,1,6,Credit Card,Fortnightly,26,0.49796505041928935,44.87119919301779,2.3996554557680767,0.6795930100838579,0.5180592991913747,Bronze,1,2,1,4,At-Risk / One-Timer
1615,30,Male,T-shirt,Clothing,41,Kansas,S,Gray,Summer,3.4,0,Free Shipping,1,1,22,Cash,Bi-Weekly,26,0.6189860903121072,60.152703101388774,0.4712640708417055,0.6317972180624214,0.6830449627867721,Silver,3,2,2,7,Occasional Buyer
1616,64,Male,Jewelry,Accessories,62,New York,M,Indigo,Fall,3.2,0,Standard,1,1,45,Cash,Bi-Weekly,26,0.68950266406766,74.27426321739314,2.3996554557680767,0.621900532813532,1.0361185983827494,Platinum,5,2,3,10,Promo-Dependent
1617,26,Male,Hat,Accessories,41,Colorado,M,Green,Spring,3.4,0,Standard,1,1,50,Cash,Quarterly,4,0.4461538461538462,6.670302703398011,2.3996554557680767,0.5126153846153846,0.6851752021563342,Platinum,5,1,2,8,Promo-Dependent
1618,43,Male,Blouse,Clothing,64,Wisconsin,M,Peach,Winter,4.3,0,Standard,1,1,50,Credit Card,Fortnightly,26,0.7,75.97384831210059,0.4712640708417055,0.756,1.0662165272769124,Platinum,5,2,3,10,Promo-Dependent
1619,63,Male,Sandals,Footwear,72,Michigan,L,Purple,Summer,5.0,0,Standard,1,1,39,Debit Card,Quarterly,4,0.42143798117871967,7.232650260827023,-2.7198160345219193,0.6996722116203593,1.1949131410522815,Platinum,4,1,4,9,Promo-Dependent
1620,57,Male,Handbag,Accessories,78,Hawaii,L,Beige,Winter,3.5,0,Store Pickup,1,1,50,Venmo,Bi-Weekly,26,0.7,79.52395091489979,2.3996554557680767,0.66,1.3035040431266847,Platinum,5,2,4,11,Loyal Promo-User
1621,25,Male,Hat,Accessories,47,Virginia,M,Charcoal,Winter,3.1,0,2-Day Shipping,1,1,27,PayPal,Every 3 Months,4,0.3851520440842412,5.964003929648621,2.3996554557680767,0.46441502420146363,0.78544474393531,Gold,3,1,2,6,Occasional Buyer
1622,68,Male,Scarf,Accessories,46,Ohio,L,Gray,Summer,3.9,0,2-Day Shipping,1,1,38,Debit Card,Fortnightly,26,0.6727084553941624,67.34069800083371,2.3996554557680767,0.7025416910788325,0.768733153638814,Gold,4,2,2,8,Promo-Dependent
1623,31,Male,Shorts,Clothing,43,Missouri,S,Brown,Winter,4.0,0,Store Pickup,1,1,37,Bank Transfer,Every 3 Months,4,0.41621971371938576,6.300217304357303,0.4712640708417055,0.5786285581284926,0.7163642292641755,Gold,4,1,2,7,Occasional Buyer
1624,64,Male,Backpack,Accessories,58,Indiana,M,Cyan,Summer,3.5,0,Next Day Air,1,1,50,Debit Card,Annually,1,0.4115384615384616,1.678063486530431,2.3996554557680767,0.5061538461538462,0.9692722371967656,Platinum,5,1,3,9,Promo-Dependent
1625,38,Male,Sweater,Clothing,32,Florida,M,White,Winter,3.6,0,Free Shipping,1,1,40,PayPal,Every 3 Months,4,0.42395005723670726,5.929378323249176,0.4712640708417055,0.5321746268319568,0.5331082636384562,Platinum,4,1,1,6,Occasional Buyer
1626,34,Male,Skirt,Clothing,45,Minnesota,L,Beige,Winter,3.0,0,Next Day Air,1,1,3,PayPal,Bi-Weekly,26,0.44103314751110567,43.902501910407416,0.4712640708417055,0.5482066295022211,0.7496834957415791,Bronze,1,2,2,5,At-Risk / One-Timer
1627,32,Male,Sneakers,Footwear,35,Nevada,L,Orange,Summer,2.6,0,Next Day Air,1,1,45,Credit Card,Bi-Weekly,26,0.68950266406766,64.24199222486243,-2.7198160345219193,0.549900532813532,0.5808605546781924,Platinum,5,2,1,8,Promo-Dependent
1628,69,Male,Sunglasses,Accessories,21,Maine,M,Olive,Winter,2.9,0,Next Day Air,1,1,8,Credit Card,Annually,1,0.2350707117022393,0.7266135494127752,2.3996554557680767,0.3988602961866017,0.3509433962264151,Bronze,1,1,1,3,At-Risk / One-Timer
1629,45,Male,Dress,Clothing,64,Massachusetts,S,Teal,Winter,3.1,0,Next Day Air,1,1,7,Cash,Monthly,12,0.350011259728197,17.532990563154254,0.4712640708417055,0.48815609809948557,1.0662165272769124,Bronze,1,2,3,6,Occasional Buyer
1630,35,Male,Blouse,Clothing,88,North Dakota,S,Silver,Spring,3.3,0,Next Day Air,1,1,13,Venmo,Quarterly,4,0.3146354703286883,5.649136861300511,0.4712640708417055,0.474311709450353,1.4660477250057546,Bronze,2,1,5,8,Promo-Dependent
1631,63,Male,Shoes,Footwear,48,New Jersey,M,Gold,Summer,2.9,0,Store Pickup,1,1,29,Venmo,Every 3 Months,4,0.39217095874950286,6.105035590363282,-2.7198160345219193,0.44181880713451593,0.7966087607015211,Gold,3,1,2,6,Occasional Buyer
1632,65,Male,Sweater,Clothing,36,Indiana,L,Violet,Summer,3.9,0,2-Day Shipping,1,1,7,Bank Transfer,Fortnightly,26,0.5115497212666585,48.02626534497838,0.4712640708417055,0.6703099442533317,0.5997467965932632,Bronze,1,2,2,5,At-Risk / One-Timer
1633,35,Male,Gloves,Accessories,28,Oregon,S,White,Summer,4.7,0,2-Day Shipping,1,1,50,Debit Card,Every 3 Months,4,0.4461538461538462,6.0093279427450925,2.3996554557680767,0.6686153846153846,0.4679245283018868,Platinum,5,1,1,7,Occasional Buyer
1634,54,Male,Socks,Clothing,80,North Dakota,M,Peach,Spring,4.4,0,2-Day Shipping,1,1,33,Debit Card,Bi-Weekly,26,0.658750448673664,75.26597916016588,0.4712640708417055,0.7597500897347328,1.3327706590961406,Gold,4,2,4,10,Promo-Dependent
1635,28,Male,Coat,Outerwear,23,South Carolina,S,Orange,Summer,3.6,0,Store Pickup,1,1,30,Cash,Every 3 Months,4,0.39550679567473,5.027767547690872,3.3361111111111157,0.5264859745195614,0.4022889224789462,Gold,3,1,1,5,At-Risk / One-Timer
1636,68,Male,Sunglasses,Accessories,24,North Carolina,L,Violet,Summer,3.2,0,Standard,1,1,40,Cash,Annually,1,0.38933467262132265,1.2532199654837508,2.3996554557680767,0.46571308837041836,0.401078167115903,Platinum,4,1,1,6,Occasional Buyer
1637,58,Male,Boots,Footwear,22,North Dakota,L,Green,Fall,4.0,0,Free Shipping,1,1,49,Cash,Fortnightly,26,0.6979854012719828,56.90175890077351,-2.7198160345219193,0.7195970802543965,0.3651123486548638,Platinum,5,2,1,8,Promo-Dependent
1638,35,Male,Dress,Clothing,21,Massachusetts,M,Peach,Spring,3.5,0,Next Day Air,1,1,32,Venmo,Fortnightly,26,0.6557133899698174,52.69778606643727,0.4712640708417055,0.6511426779939635,0.34985229801273693,Gold,4,2,1,7,Occasional Buyer
1639,68,Male,Jacket,Outerwear,51,Tennessee,M,Black,Spring,4.6,0,Free Shipping,1,1,18,Venmo,Weekly,52,0.8995492938099867,184.82560182949558,3.3361111111111157,0.9319098587619974,0.8920319585402721,Silver,2,3,2,7,Occasional Buyer
1640,41,Male,Gloves,Accessories,65,Missouri,L,Blue,Summer,3.3,0,Free Shipping,1,1,50,PayPal,Annually,1,0.4115384615384616,1.7242040669108751,2.3996554557680767,0.4821538461538461,1.0862533692722371,Platinum,5,1,3,9,Promo-Dependent
1641,65,Male,Scarf,Accessories,51,Tennessee,S,Magenta,Spring,4.0,0,2-Day Shipping,1,1,13,PayPal,Weekly,52,0.8684816241748421,178.44229323566051,2.3996554557680767,0.8536963248349684,0.8522911051212938,Bronze,2,3,2,7,Occasional Buyer
1642,50,Male,Hoodie,Clothing,32,Colorado,L,Violet,Summer,3.4,0,Free Shipping,1,1,1,Bank Transfer,Every 3 Months,4,0.116670419909399,1.6317560216507319,0.4712640708417055,0.44671869936649516,0.5331082636384562,Bronze,1,1,1,3,At-Risk / One-Timer
1643,18,Male,Coat,Outerwear,70,Mississippi,M,Beige,Spring,4.2,0,Store Pickup,1,1,16,PayPal,Fortnightly,26,0.5882338749181111,65.19377024179423,3.3361111111111157,0.7216467749836222,1.2243575901533146,Silver,2,2,4,8,Promo-Dependent
1644,38,Male,Scarf,Accessories,77,Ohio,L,Pink,Summer,3.9,0,2-Day Shipping,1,1,6,PayPal,Monthly,12,0.3364265888808278,17.588552271722076,2.3996554557680767,0.5814391639300117,1.2867924528301888,Bronze,1,2,4,7,Occasional Buyer
1645,68,Male,Coat,Outerwear,90,North Carolina,S,Beige,Summer,3.9,0,Next Day Air,1,1,21,Debit Card,Monthly,12,0.45292537710501984,24.516992916682895,3.3361111111111157,0.6047389215748502,1.574174044482833,Silver,3,2,5,10,Promo-Dependent
1646,53,Male,Scarf,Accessories,36,Ohio,L,Green,Summer,2.8,0,Standard,1,1,36,Venmo,Every 3 Months,4,0.413506648637333,5.972554258248109,2.3996554557680767,0.434085945112082,0.6016172506738545,Gold,4,1,2,7,Occasional Buyer
1647,58,Male,Handbag,Accessories,77,Nebraska,S,Silver,Summer,3.7,0,Standard,1,1,20,Bank Transfer,Every 3 Months,4,0.3558850216550244,6.201949660524245,2.3996554557680767,0.5305616197156202,1.2867924528301888,Silver,2,1,4,7,Occasional Buyer
1648,34,Male,Boots,Footwear,78,Hawaii,M,Purple,Summer,4.9,0,Store Pickup,1,1,8,Debit Card,Quarterly,4,0.2696860963176239,4.713517337581025,-2.7198160345219193,0.6573218346481402,1.2944892361399718,Bronze,1,1,4,6,Occasional Buyer
1649,36,Male,Pants,Clothing,69,Oklahoma,M,Gray,Summer,2.6,0,Express,1,1,22,Credit Card,Monthly,12,0.4574476287736457,23.321568891979148,0.4712640708417055,0.4496433719085753,1.1495146934704212,Silver,3,2,4,9,Promo-Dependent
1650,58,Male,T-shirt,Clothing,63,Wisconsin,M,White,Summer,4.9,0,Free Shipping,1,1,3,Credit Card,Quarterly,4,0.18718699366495184,3.113955285512489,0.4712640708417055,0.6408220141176058,1.0495568940382107,Bronze,1,1,3,5,At-Risk / One-Timer
1651,60,Male,Scarf,Accessories,36,Arkansas,M,Silver,Winter,3.4,0,Next Day Air,1,1,46,Credit Card,Fortnightly,26,0.6916905744410977,64.93858501666986,2.3996554557680767,0.6463381148882196,0.6016172506738545,Platinum,5,2,2,9,Promo-Dependent
1652,59,Male,Coat,Outerwear,80,Texas,M,Blue,Winter,3.9,0,Standard,1,1,42,Debit Card,Monthly,12,0.5211031372536459,27.47953489201728,3.3361111111111157,0.6183744736045753,1.3992658173180739,Platinum,5,2,4,11,Loyal Promo-User
1653,65,Male,Sweater,Clothing,35,New Mexico,M,Orange,Summer,4.0,0,Next Day Air,1,1,1,Bank Transfer,Fortnightly,26,0.3705165737555528,34.52158213568723,0.4712640708417055,0.6541033147511105,0.5830871633545616,Bronze,1,2,1,4,At-Risk / One-Timer
1654,31,Male,Belt,Accessories,93,Colorado,L,Silver,Winter,3.0,0,2-Day Shipping,1,1,29,Debit Card,Bi-Weekly,26,0.6460171125956566,76.31120059973749,2.3996554557680767,0.5892034225191313,1.554177897574124,Gold,3,2,5,10,Promo-Dependent
1655,43,Male,Belt,Accessories,25,Indiana,L,Gray,Spring,2.6,0,Store Pickup,1,1,14,Credit Card,Quarterly,4,0.32165438499395005,4.19192415275287,2.3996554557680767,0.3917154923834054,0.41778975741239893,Silver,2,1,1,4,At-Risk / One-Timer
1656,37,Male,Sweater,Clothing,81,Arizona,L,Gold,Spring,3.2,0,Next Day Air,1,1,4,PayPal,Monthly,12,0.3021959522197534,15.980312629105635,0.4712640708417055,0.49059303659779685,1.3494302923348425,Bronze,1,2,4,7,Occasional Buyer
1657,21,Male,Blouse,Clothing,42,Indiana,L,Brown,Spring,2.6,0,2-Day Shipping,1,1,41,PayPal,Every 3 Months,4,0.42640159541057726,6.4151269199607315,0.4712640708417055,0.41266493446673086,0.6997045960254739,Platinum,5,1,2,8,Promo-Dependent
1658,69,Male,Skirt,Clothing,36,Indiana,L,Turquoise,Spring,3.2,0,Store Pickup,1,1,4,Debit Card,Bi-Weekly,26,0.46373441375821495,43.53717943507677,0.4712640708417055,0.576746882751643,0.5997467965932632,Bronze,1,2,2,5,At-Risk / One-Timer
1659,32,Male,Jewelry,Accessories,66,Alaska,S,Pink,Spring,4.1,0,Store Pickup,1,1,47,Cash,Weekly,52,0.9938324201041002,217.29551176960493,2.3996554557680767,0.89076648402082,1.1029649595687332,Platinum,5,3,3,11,Loyal Promo-User
1660,53,Male,Gloves,Accessories,37,Utah,M,Black,Fall,3.9,0,Next Day Air,1,1,44,Venmo,Annually,1,0.3988051254604543,1.4506880048028934,2.3996554557680767,0.5516071789382446,0.6183288409703505,Platinum,5,1,2,8,Promo-Dependent
1661,59,Male,T-shirt,Clothing,45,Louisiana,L,Yellow,Winter,4.1,0,Standard,1,1,37,Venmo,Monthly,12,0.5085274060270781,23.363628935573875,0.4712640708417055,0.6398593273592618,0.7496834957415791,Gold,4,2,2,8,Promo-Dependent
1662,64,Male,Gloves,Accessories,86,Iowa,S,Beige,Summer,2.7,0,2-Day Shipping,1,1,21,Debit Card,Quarterly,4,0.36061768479732753,6.441941785067218,2.3996554557680767,0.4115081523440809,1.4371967654986524,Silver,3,1,5,9,Promo-Dependent
1663,63,Male,Sunglasses,Accessories,24,New Mexico,M,Olive,Winter,4.6,0,Free Shipping,1,1,46,Debit Card,Fortnightly,26,0.6916905744410977,57.88811777729884,2.3996554557680767,0.7903381148882195,0.401078167115903,Platinum,5,2,1,8,Promo-Dependent
1664,43,Male,Shirt,Clothing,22,Maine,XL,Gold,Summer,3.5,0,Standard,1,1,1,Cash,Bi-Weekly,26,0.3705165737555528,30.20556692182697,0.4712640708417055,0.5941033147511106,0.36651193125143866,Bronze,1,2,1,4,At-Risk / One-Timer
1665,19,Male,Handbag,Accessories,53,Minnesota,M,Purple,Spring,5.0,0,Next Day Air,1,1,35,PayPal,Weekly,52,0.9645653976748835,200.07707112603785,2.3996554557680767,0.9929130795349768,0.8857142857142858,Gold,4,3,3,10,Promo-Dependent
1666,40,Male,Jacket,Outerwear,41,New Mexico,L,Pink,Fall,3.4,0,Next Day Air,1,1,49,Venmo,Monthly,12,0.5364469397335212,24.060737141556856,3.3361111111111157,0.5614432341005504,0.7171237313755128,Platinum,5,2,2,9,Promo-Dependent
1667,51,Male,Skirt,Clothing,64,Arkansas,M,Blue,Summer,3.1,0,Store Pickup,1,1,47,PayPal,Annually,1,0.40537088164256185,1.692175047915081,0.4712640708417055,0.4569203301746662,1.0662165272769124,Platinum,5,1,3,9,Promo-Dependent
1668,51,Male,Handbag,Accessories,40,Oklahoma,L,Brown,Winter,3.4,0,2-Day Shipping,1,1,24,Bank Transfer,Every 3 Months,4,0.3736226736702761,5.549898897717266,2.3996554557680767,0.4981091501186706,0.6684636118598383,Silver,3,1,2,6,Occasional Buyer
1669,66,Male,Blouse,Clothing,33,Utah,L,Charcoal,Summer,4.0,0,Standard,1,1,28,Debit Card,Fortnightly,26,0.6425681751459875,58.91410322744581,0.4712640708417055,0.7085136350291975,0.549767896877158,Gold,3,2,1,6,Occasional Buyer
1670,42,Male,T-shirt,Clothing,59,Wisconsin,L,Maroon,Winter,2.7,0,Store Pickup,1,1,22,Bank Transfer,Quarterly,4,0.3651399364659534,5.980034853277998,0.4712640708417055,0.4124126026778061,0.9829183610834037,Silver,3,1,3,7,Occasional Buyer
1671,22,Male,Pants,Clothing,73,Utah,L,Cyan,Fall,3.6,0,Free Shipping,1,1,20,Cash,Weekly,52,0.9097311755011782,203.60819422705933,0.4712640708417055,0.8139462351002357,1.2161532264252284,Silver,2,3,4,9,Promo-Dependent
1672,31,Male,Hoodie,Clothing,22,Utah,M,Olive,Winter,4.0,0,Free Shipping,1,1,25,Bank Transfer,Weekly,52,0.9314589040678263,151.87036831617945,0.4712640708417055,0.8662917808135652,0.36651193125143866,Silver,3,3,1,7,Occasional Buyer
1673,18,Male,Boots,Footwear,73,South Carolina,L,Gold,Fall,3.8,0,Free Shipping,1,1,15,Venmo,Quarterly,4,0.3282201411760575,5.650723410089656,-2.7198160345219193,0.5370286436198268,1.2115091569002299,Silver,2,1,4,7,Occasional Buyer
1674,21,Male,Blouse,Clothing,62,Hawaii,M,Violet,Fall,3.4,0,Next Day Air,1,1,49,Venmo,Bi-Weekly,26,0.6979854012719828,75.1880364176313,0.4712640708417055,0.6475970802543966,1.032897260799509,Platinum,5,2,3,10,Promo-Dependent
1675,35,Male,Coat,Outerwear,56,Alaska,M,Peach,Winter,3.2,0,Free Shipping,1,1,10,Debit Card,Fortnightly,26,0.5439472648879285,57.17937365244717,3.3361111111111157,0.5927894529775857,0.9794860721226516,Bronze,1,2,3,6,Occasional Buyer
1676,35,Male,Pants,Clothing,90,Colorado,M,Beige,Spring,4.7,0,Next Day Air,1,1,21,Credit Card,Annually,1,0.32600230018194293,1.470550574922077,0.4712640708417055,0.6330466138825425,1.4993669914831582,Silver,3,1,5,9,Promo-Dependent
1677,27,Male,Sunglasses,Accessories,44,West Virginia,M,Cyan,Winter,3.1,0,Next Day Air,1,1,34,Bank Transfer,Weekly,52,0.9616994641775043,190.36499438926947,2.3996554557680767,0.764339892835501,0.7353099730458221,Gold,4,3,2,9,Promo-Dependent
1678,65,Male,Jeans,Clothing,35,Oregon,L,Silver,Summer,3.3,0,Next Day Air,0,0,41,Debit Card,Weekly,52,0.9802477492567311,182.66229143970455,0.4712640708417055,0.7920495498513462,0.5830871633545616,Platinum,5,3,1,9,Organic Loyalist
1679,41,Male,Pants,Clothing,71,Ohio,S,Magenta,Summer,4.8,0,2-Day Shipping,0,0,30,Venmo,Fortnightly,26,0.6493529495208838,72.20370972097678,0.4712640708417055,0.8058705899041767,1.1828339599478248,Gold,3,2,4,9,Organic Loyalist
1680,60,Male,Dress,Clothing,52,Massachusetts,S,Black,Fall,4.5,0,Next Day Air,0,0,24,Debit Card,Bi-Weekly,26,0.62746882751643,64.77209470925735,0.4712640708417055,0.7654937655032861,0.8663009284124914,Silver,3,2,3,8,Organic Loyalist
1681,61,Male,Shoes,Footwear,37,Louisiana,M,Olive,Summer,3.4,0,Store Pickup,0,0,6,Credit Card,Annually,1,0.2095035119577509,0.762087075511586,-2.7198160345219193,0.453746856237704,0.6140525863740891,Bronze,1,1,2,4,At-Risk / One-Timer
1682,24,Male,Sneakers,Footwear,95,Virginia,L,Green,Winter,3.7,0,2-Day Shipping,0,0,14,Credit Card,Bi-Weekly,26,0.5755005388401039,68.29640593473343,-2.7198160345219193,0.6591001077680209,1.5766215055550938,Silver,2,2,5,9,Organic Loyalist
1683,65,Male,Socks,Clothing,97,New York,M,Yellow,Fall,4.9,0,2-Day Shipping,0,0,37,Credit Card,Bi-Weekly,26,0.6700658675655395,79.87798549523471,0.4712640708417055,0.822013173513108,1.6159844241540704,Gold,4,2,5,11,Champion
1684,23,Male,Coat,Outerwear,57,Arkansas,S,Lavender,Spring,3.5,0,Next Day Air,0,0,37,Venmo,Quarterly,4,0.41621971371938576,6.760145709694045,3.3361111111111157,0.5186285581284925,0.9969768948391275,Gold,4,1,3,8,Organic Loyalist
1685,30,Male,Shirt,Clothing,93,New Mexico,M,Indigo,Spring,4.6,0,Standard,0,0,28,PayPal,Weekly,52,0.9425681751459875,222.68298374787526,0.4712640708417055,0.9405136350291975,1.5493458911992635,Gold,3,3,5,11,Champion
1686,33,Male,Blouse,Clothing,48,Minnesota,M,Pink,Winter,4.6,0,Standard,0,0,43,PayPal,Bi-Weekly,26,0.6849804123990342,69.31133749235148,0.4712640708417055,0.7889960824798068,0.7996623954576844,Platinum,5,2,2,9,Organic Loyalist
1687,22,Male,Gloves,Accessories,75,Illinois,L,Red,Fall,4.2,0,Store Pickup,0,0,25,Cash,Annually,1,0.3429973656062879,1.485430126861531,2.3996554557680767,0.5764456269674114,1.2533692722371967,Silver,3,1,4,8,Organic Loyalist
1688,67,Male,Skirt,Clothing,70,Georgia,S,Magenta,Winter,3.7,0,Free Shipping,0,0,4,PayPal,Annually,1,0.1752728752966765,0.7471321585183148,0.4712640708417055,0.48290072890548913,1.1661743267091231,Bronze,1,1,4,6,Occasional Buyer
1689,28,Male,Handbag,Accessories,26,Mississippi,S,Peach,Winter,3.0,0,Next Day Air,0,0,13,Venmo,Fortnightly,26,0.5684816241748422,48.71419005963803,2.3996554557680767,0.5736963248349685,0.43450134770889487,Bronze,2,2,1,5,At-Risk / One-Timer
1690,32,Male,Shirt,Clothing,73,North Carolina,L,Turquoise,Winter,4.6,0,Store Pickup,0,0,32,Bank Transfer,Monthly,12,0.4941749284313559,25.523532712776817,0.4712640708417055,0.6969888318401172,1.2161532264252284,Gold,4,2,4,10,Organic Loyalist
1691,40,Male,Coat,Outerwear,30,Nevada,M,Black,Summer,3.2,0,Free Shipping,0,0,1,Cash,Annually,1,0.08205503529401438,0.2817759412632225,3.3361111111111157,0.4042571609049567,0.5247246814942776,Bronze,1,1,1,3,At-Risk / One-Timer
1692,64,Male,Shoes,Footwear,61,Connecticut,L,Blue,Summer,3.5,0,Next Day Air,0,0,4,Cash,Annually,1,0.1752728752966765,0.723374710402634,-2.7198160345219193,0.4589007289054891,1.0123569667248498,Bronze,1,1,3,5,At-Risk / One-Timer
1693,56,Male,Handbag,Accessories,75,Utah,M,Beige,Winter,2.6,0,Standard,0,0,33,Cash,Bi-Weekly,26,0.658750448673664,74.17468580599001,2.3996554557680767,0.5437500897347328,1.2533692722371967,Gold,4,2,4,10,Organic Loyalist
1694,63,Male,Jacket,Outerwear,88,Tennessee,XL,Olive,Fall,4.9,0,Standard,0,0,45,Bank Transfer,Fortnightly,26,0.68950266406766,80.46809510899382,3.3361111111111157,0.825900532813532,1.5391923990498813,Platinum,5,2,5,12,Champion
1695,20,Male,Shirt,Clothing,67,Mississippi,M,Turquoise,Summer,2.7,0,Express,0,0,20,Debit Card,Fortnightly,26,0.6097311755011783,66.89190022094598,0.4712640708417055,0.5459462351002358,1.1161954269930177,Silver,2,2,3,7,Occasional Buyer
1696,54,Male,Hat,Accessories,95,Nebraska,S,Yellow,Fall,4.7,0,2-Day Shipping,0,0,1,PayPal,Fortnightly,26,0.3705165737555528,43.97033298658043,2.3996554557680767,0.7381033147511106,1.587601078167116,Bronze,1,2,5,8,Organic Loyalist
1697,31,Male,Sunglasses,Accessories,69,West Virginia,S,Turquoise,Spring,4.0,0,Free Shipping,0,0,7,Credit Card,Bi-Weekly,26,0.5115497212666585,56.50623047869995,2.3996554557680767,0.6823099442533317,1.1530997304582211,Bronze,1,2,4,7,Occasional Buyer
1698,36,Male,Shirt,Clothing,87,South Carolina,L,Lavender,Fall,3.5,0,Next Day Air,0,0,48,Credit Card,Every 3 Months,4,0.44208394699242487,7.917434923836064,0.4712640708417055,0.5238014047831003,1.449388091767053,Platinum,5,1,5,11,Champion
1699,25,Male,Belt,Accessories,41,Iowa,XL,Turquoise,Winter,4.8,0,Standard,0,0,46,Bank Transfer,Quarterly,4,0.43784442059494383,6.546071153570425,2.3996554557680767,0.6789534995036042,0.6851752021563342,Platinum,5,1,2,8,Organic Loyalist
1700,20,Male,Sweater,Clothing,67,North Dakota,L,Teal,Spring,4.0,0,Free Shipping,0,0,34,Debit Card,Annually,1,0.37323792571596587,1.5748803034224654,0.4712640708417055,0.558493738989347,1.1161954269930177,Gold,4,1,3,8,Organic Loyalist
1701,62,Male,Hoodie,Clothing,70,West Virginia,L,Black,Fall,4.1,0,Express,0,0,36,Bank Transfer,Monthly,12,0.5058143409450253,25.873495351983294,0.4712640708417055,0.6393167143428512,1.1661743267091231,Gold,4,2,4,10,Organic Loyalist
1702,69,Male,Handbag,Accessories,41,Mississippi,XL,Blue,Winter,3.8,0,Next Day Air,0,0,44,Debit Card,Every 3 Months,4,0.4334205100758389,6.479930689805375,2.3996554557680767,0.5580687173997831,0.6851752021563342,Platinum,5,1,2,8,Organic Loyalist
1703,54,Male,Jeans,Clothing,83,Alabama,XL,Yellow,Summer,5.0,0,Express,0,0,48,Bank Transfer,Weekly,52,0.9959301008385787,229.46475870600304,0.4712640708417055,0.9991860201677158,1.3827495588122458,Platinum,5,3,4,12,Champion
1704,39,Male,Backpack,Accessories,22,California,M,Black,Spring,4.0,0,Next Day Air,0,0,12,Bank Transfer,Annually,1,0.27248079185073504,0.8543619467997743,2.3996554557680767,0.5383423122163008,0.36765498652291106,Bronze,2,1,1,4,At-Risk / One-Timer
1705,56,Male,Sneakers,Footwear,20,Idaho,M,Lavender,Summer,3.9,0,Store Pickup,0,0,19,Cash,Every 3 Months,4,0.3509214074231668,4.273552395109257,-2.7198160345219193,0.5535688968692487,0.3319203169589671,Silver,2,1,1,4,At-Risk / One-Timer
1706,39,Male,Jewelry,Accessories,29,South Dakota,L,Cyan,Summer,3.4,0,2-Day Shipping,0,0,49,Venmo,Bi-Weekly,26,0.6979854012719828,61.7236391003616,2.3996554557680767,0.6475970802543966,0.4846361185983828,Platinum,5,2,1,8,Organic Loyalist
1707,37,Male,Sunglasses,Accessories,87,North Dakota,M,Brown,Spring,3.0,0,Standard,0,0,25,Venmo,Fortnightly,26,0.6314589040678263,73.50860914833648,2.3996554557680767,0.5862917808135653,1.4539083557951482,Silver,3,2,5,10,Organic Loyalist
1708,25,Male,Shorts,Clothing,81,Nevada,L,Maroon,Fall,4.9,0,2-Day Shipping,0,0,25,Cash,Bi-Weekly,26,0.6314589040678263,72.34921476671413,0.4712640708417055,0.8142917808135653,1.3494302923348425,Silver,3,2,4,9,Organic Loyalist
1709,35,Male,Boots,Footwear,58,Florida,L,Cyan,Spring,3.2,0,Express,0,0,1,Credit Card,Quarterly,4,0.116670419909399,1.902912023107111,-2.7198160345219193,0.4227186993664952,0.9625689191810046,Bronze,1,1,3,5,At-Risk / One-Timer
1710,45,Male,Skirt,Clothing,83,Indiana,M,Pink,Winter,3.8,0,Standard,0,0,19,Bank Transfer,Annually,1,0.3163060228077822,1.4014940394320377,0.4712640708417055,0.5231073584077103,1.3827495588122458,Silver,2,1,4,7,Occasional Buyer
1711,19,Male,Pants,Clothing,59,Arkansas,XL,Orange,Fall,3.8,0,Store Pickup,0,0,7,Credit Card,Quarterly,4,0.2577035674205047,4.22050879973352,0.4712640708417055,0.5229253288687163,0.9829183610834037,Bronze,1,1,3,5,At-Risk / One-Timer
1712,21,Male,T-shirt,Clothing,93,North Carolina,M,Lavender,Spring,4.7,0,Express,0,0,19,Credit Card,Monthly,12,0.4432290997308591,24.164645473889323,0.4712640708417055,0.6987996661000181,1.5493458911992635,Silver,2,2,5,9,Organic Loyalist
1713,65,Male,T-shirt,Clothing,87,Illinois,S,Beige,Fall,3.8,0,2-Day Shipping,0,0,9,Cash,Fortnightly,26,0.5342509875137679,62.19256197873497,0.4712640708417055,0.6628501975027535,1.449388091767053,Bronze,1,2,5,8,Organic Loyalist
1714,49,Male,Jacket,Outerwear,22,Missouri,M,Pink,Winter,4.6,0,Free Shipping,0,0,37,PayPal,Quarterly,4,0.41621971371938576,5.220218019691282,3.3361111111111157,0.6506285581284925,0.3847980997624703,Gold,4,1,1,6,Occasional Buyer
1715,30,Male,Jeans,Clothing,71,South Dakota,S,Charcoal,Summer,4.4,0,Standard,0,0,15,Cash,Monthly,12,0.42052783348374984,21.58148565075814,0.4712640708417055,0.6582594128505962,1.1828339599478248,Silver,2,2,4,8,Organic Loyalist
1716,23,Male,Dress,Clothing,69,Idaho,XL,Gray,Spring,3.4,0,2-Day Shipping,0,0,30,PayPal,Bi-Weekly,26,0.6493529495208838,71.72809582770502,0.4712640708417055,0.6378705899041768,1.1495146934704212,Gold,3,2,4,9,Organic Loyalist
1717,69,Male,Blouse,Clothing,47,Connecticut,M,Cyan,Winter,4.7,0,Standard,0,0,30,Cash,Every 3 Months,4,0.39550679567473,6.124345228947822,0.4712640708417055,0.6584859745195614,0.7830027622189826,Gold,3,1,2,6,Occasional Buyer
1718,29,Male,Hoodie,Clothing,50,Hawaii,L,Orange,Summer,2.9,0,Express,0,0,16,Debit Card,Bi-Weekly,26,0.5882338749181111,60.13365871343438,0.4712640708417055,0.5656467749836221,0.8329816619350878,Silver,2,2,2,6,Occasional Buyer
1719,54,Male,T-shirt,Clothing,96,Maryland,L,Pink,Winter,3.4,0,2-Day Shipping,0,0,14,PayPal,Every 3 Months,4,0.32165438499395005,5.885903385262308,0.4712640708417055,0.4877154923834054,1.5993247909153687,Silver,2,1,5,8,Organic Loyalist
1720,45,Male,Sweater,Clothing,39,Maryland,M,White,Winter,3.2,0,Free Shipping,0,0,8,Venmo,Quarterly,4,0.2696860963176239,3.9793579990651,0.4712640708417055,0.4533218346481402,0.6497256963093685,Bronze,1,1,2,4,At-Risk / One-Timer
1721,25,Male,Shorts,Clothing,84,Massachusetts,S,Beige,Winter,2.8,0,Express,0,0,40,Debit Card,Bi-Weekly,26,0.677796211082861,78.29151690910285,0.4712640708417055,0.5715592422165722,1.3994091920509477,Platinum,4,2,4,10,Organic Loyalist
1722,34,Male,Jewelry,Accessories,28,Delaware,S,Magenta,Spring,4.3,0,Free Shipping,0,0,24,Credit Card,Monthly,12,0.4659303659779684,18.827104541060216,2.3996554557680767,0.6553399193494399,0.4679245283018868,Silver,3,2,1,6,Occasional Buyer
1723,46,Male,T-shirt,Clothing,51,Massachusetts,L,Violet,Summer,3.3,0,Standard,0,0,14,Cash,Fortnightly,26,0.5755005388401039,59.12251511743687,0.4712640708417055,0.6111001077680208,0.8496412951737896,Silver,2,2,2,6,Occasional Buyer
1724,70,Male,Scarf,Accessories,20,New York,XL,Gold,Spring,3.3,0,Standard,0,0,39,PayPal,Annually,1,0.38682259656333506,1.177690074655509,2.3996554557680767,0.4772106731588208,0.33423180592991913,Platinum,4,1,1,6,Occasional Buyer
1725,42,Male,Shoes,Footwear,72,Delaware,S,Teal,Winter,3.3,0,Free Shipping,0,0,21,PayPal,Weekly,52,0.9144638386434814,204.0204405250296,-2.7198160345219193,0.7788927677286963,1.1949131410522815,Silver,3,3,4,10,Organic Loyalist
1726,45,Male,Sunglasses,Accessories,33,Massachusetts,M,Indigo,Spring,3.0,0,Next Day Air,0,0,32,Venmo,Quarterly,4,0.4018672361236636,5.668515030412357,2.3996554557680767,0.4557580626093481,0.5514824797843666,Gold,4,1,1,6,Occasional Buyer
1727,57,Male,Coat,Outerwear,28,Indiana,S,Olive,Summer,2.8,0,Express,0,0,45,Debit Card,Weekly,52,0.9895026640676601,173.26130611272802,3.3361111111111157,0.7339005328135321,0.4897430360613258,Platinum,5,3,1,9,Organic Loyalist
1728,49,Male,Blouse,Clothing,53,Virginia,S,Violet,Spring,4.0,0,Express,0,0,19,PayPal,Monthly,12,0.4432290997308591,21.216405693593313,0.4712640708417055,0.614799666100018,0.8829605616511932,Silver,2,2,3,7,Occasional Buyer
1729,23,Male,Jeans,Clothing,48,Wyoming,L,Black,Fall,4.3,0,Express,0,0,1,Debit Card,Every 3 Months,4,0.116670419909399,1.8162412335699567,0.4712640708417055,0.5547186993664951,0.7996623954576844,Bronze,1,1,2,4,At-Risk / One-Timer
1730,47,Male,Shorts,Clothing,21,Illinois,M,Brown,Winter,3.8,0,Store Pickup,0,0,12,Venmo,Fortnightly,26,0.5609423303122735,45.08131047890549,0.4712640708417055,0.6681884660624546,0.34985229801273693,Bronze,2,2,1,5,At-Risk / One-Timer
1731,23,Male,Shirt,Clothing,22,Alabama,S,Silver,Fall,4.2,0,Free Shipping,0,0,26,Credit Card,Weekly,52,0.9352983752456666,152.4963775790374,0.4712640708417055,0.8910596750491333,0.36651193125143866,Gold,3,3,1,7,Occasional Buyer
1732,21,Male,Backpack,Accessories,87,Idaho,M,Gray,Fall,3.1,0,Next Day Air,0,0,12,Cash,Monthly,12,0.39940386877381195,21.459187746072132,2.3996554557680767,0.49803461990860853,1.4539083557951482,Bronze,2,2,5,9,Organic Loyalist
1733,45,Male,Belt,Accessories,50,Rhode Island,S,Charcoal,Winter,2.6,0,Free Shipping,0,0,36,Cash,Every 3 Months,4,0.413506648637333,6.503344161656789,2.3996554557680767,0.41008594511208196,0.8355795148247979,Gold,4,1,2,7,Occasional Buyer
1734,67,Male,Blouse,Clothing,85,New York,L,Black,Summer,3.4,0,Express,0,0,22,Credit Card,Annually,1,0.3305245518505688,1.4722711438809832,0.4712640708417055,0.47795106421626754,1.4160688252896494,Silver,3,1,5,9,Organic Loyalist
1735,31,Male,Jeans,Clothing,98,Missouri,L,Brown,Spring,3.1,0,Next Day Air,0,0,16,PayPal,Quarterly,4,0.3343877210719573,6.146206618956078,0.4712640708417055,0.45426215959900684,1.6326440573927723,Silver,2,1,5,8,Organic Loyalist
1736,58,Male,Dress,Clothing,34,Texas,M,Purple,Winter,3.6,0,Express,0,0,31,Venmo,Annually,1,0.3641213303162258,1.2945780658867398,0.4712640708417055,0.508670419909399,0.5664275301158598,Gold,4,1,1,6,Occasional Buyer
1737,57,Male,Shorts,Clothing,61,Tennessee,M,Purple,Summer,2.6,0,2-Day Shipping,0,0,43,Cash,Quarterly,4,0.43113425855288035,7.117396092178054,0.4712640708417055,0.4136114670951915,1.0162376275608072,Platinum,5,1,3,9,Organic Loyalist
1738,42,Male,Jewelry,Accessories,98,Ohio,L,Gray,Summer,4.2,0,Store Pickup,0,0,50,Venmo,Bi-Weekly,26,0.7,83.63118127244952,2.3996554557680767,0.744,1.6377358490566039,Platinum,5,2,5,12,Champion
1739,60,Male,Handbag,Accessories,61,Tennessee,M,Green,Spring,2.9,0,2-Day Shipping,0,0,37,Credit Card,Weekly,52,0.9700658675655396,208.1867942849935,2.3996554557680767,0.7420131735131079,1.0194070080862534,Gold,4,3,3,10,Organic Loyalist
1740,21,Male,Jewelry,Accessories,98,Minnesota,L,Silver,Winter,4.2,0,Express,0,0,23,Cash,Weekly,52,0.9233158463485474,220.6228426220015,2.3996554557680767,0.8886631692697095,1.6377358490566039,Silver,3,3,5,11,Champion
1741,69,Male,Pants,Clothing,21,Wisconsin,L,Charcoal,Fall,3.3,0,Next Day Air,0,0,10,Bank Transfer,Every 3 Months,4,0.2901011110417747,3.5868593999861624,0.4712640708417055,0.4694048375929703,0.34985229801273693,Bronze,1,1,1,3,At-Risk / One-Timer
1742,41,Male,Pants,Clothing,51,Delaware,XL,Teal,Winter,3.6,0,Next Day Air,0,0,20,Bank Transfer,Monthly,12,0.4481927139627167,21.251023749109763,0.4712640708417055,0.5677923889463895,0.8496412951737896,Silver,2,2,2,6,Occasional Buyer
1743,51,Male,Sandals,Footwear,80,Kansas,XL,White,Spring,4.3,0,Express,0,0,18,Venmo,Every 3 Months,4,0.34570313996383295,6.076699484726695,-2.7198160345219193,0.6005252433773819,1.3276812678358685,Silver,2,1,4,7,Occasional Buyer
1744,23,Male,Skirt,Clothing,72,Missouri,XL,Brown,Winter,3.3,0,Standard,0,0,3,Bank Transfer,Weekly,52,0.7410331475111056,165.32737852503243,0.4712640708417055,0.7442066295022212,1.1994935931865265,Bronze,1,3,4,8,Organic Loyalist
1745,57,Male,Sunglasses,Accessories,63,Michigan,L,Teal,Winter,3.0,0,Standard,0,0,23,PayPal,Weekly,52,0.9233158463485474,199.67805800679835,2.3996554557680767,0.7446631692697095,1.0528301886792453,Silver,3,3,3,9,Organic Loyalist
1746,40,Male,Skirt,Clothing,27,West Virginia,L,Red,Winter,3.6,0,Store Pickup,0,0,27,Cash,Weekly,52,0.938998197930395,162.70456956988264,0.4712640708417055,0.819799639586079,0.44981009744494743,Gold,3,3,1,7,Occasional Buyer
1747,65,Male,Handbag,Accessories,44,Alabama,L,Brown,Summer,3.1,0,Store Pickup,0,0,44,Bank Transfer,Fortnightly,26,0.6872666639219928,68.0209979805573,2.3996554557680767,0.6094533327843985,0.7353099730458221,Platinum,5,2,2,9,Organic Loyalist
1748,61,Male,Coat,Outerwear,23,New Hampshire,M,Yellow,Winter,2.9,0,Express,0,0,41,Venmo,Quarterly,4,0.42640159541057726,5.42050889424424,3.3361111111111157,0.44866493446673084,0.4022889224789462,Platinum,5,1,1,7,Occasional Buyer
1749,34,Male,Skirt,Clothing,93,Montana,L,Teal,Winter,3.9,0,2-Day Shipping,0,0,41,Bank Transfer,Annually,1,0.39178621079519266,1.7800002472711347,0.4712640708417055,0.5502033960051923,1.5493458911992635,Platinum,5,1,5,11,Champion
1750,43,Male,Hoodie,Clothing,70,Wyoming,L,Pink,Fall,3.2,0,2-Day Shipping,0,0,36,Debit Card,Every 3 Months,4,0.413506648637333,7.050585880676612,0.4712640708417055,0.482085945112082,1.1661743267091231,Gold,4,1,4,9,Organic Loyalist
1751,31,Male,Sunglasses,Accessories,85,Missouri,M,White,Fall,3.1,0,Express,0,0,38,Venmo,Every 3 Months,4,0.4188623015480085,7.463032641611572,2.3996554557680767,0.4711570756942171,1.4204851752021563,Gold,4,1,5,10,Organic Loyalist
1752,57,Male,Sweater,Clothing,40,Ohio,M,Silver,Winter,3.2,0,2-Day Shipping,0,0,34,Cash,Annually,1,0.37323792571596587,1.3860459351734684,0.4712640708417055,0.46249373898934704,0.6663853295480703,Gold,4,1,2,7,Occasional Buyer
1753,34,Male,Boots,Footwear,29,South Dakota,L,Blue,Winter,3.3,0,Store Pickup,0,0,14,Venmo,Quarterly,4,0.32165438499395005,4.3760402081662955,-2.7198160345219193,0.4757154923834054,0.4812844595905023,Silver,2,1,1,4,At-Risk / One-Timer
1754,25,Male,Skirt,Clothing,27,Colorado,L,Black,Fall,4.8,0,Next Day Air,0,0,23,Credit Card,Fortnightly,26,0.6233158463485474,54.0024127361239,0.4712640708417055,0.8006631692697095,0.44981009744494743,Silver,3,2,1,6,Occasional Buyer
1755,66,Male,Dress,Clothing,93,Massachusetts,S,Beige,Fall,3.8,0,2-Day Shipping,0,0,18,Credit Card,Fortnightly,26,0.5995492938099868,70.82215863529504,0.4712640708417055,0.6759098587619973,1.5493458911992635,Silver,2,2,5,9,Organic Loyalist
1756,56,Male,Belt,Accessories,20,Delaware,XL,Charcoal,Spring,4.6,0,Next Day Air,0,0,45,Cash,Monthly,12,0.5279642025291986,19.288786330978787,2.3996554557680767,0.7037466866596858,0.33423180592991913,Platinum,5,2,1,8,Organic Loyalist
1757,49,Male,Jewelry,Accessories,55,New Hampshire,S,Cyan,Fall,2.8,0,Free Shipping,0,0,14,Bank Transfer,Weekly,52,0.8755005388401038,183.2582738614964,2.3996554557680767,0.7111001077680208,0.9191374663072777,Silver,2,3,3,8,Organic Loyalist
1758,19,Male,Dress,Clothing,94,Michigan,L,Yellow,Fall,3.6,0,Standard,0,0,48,Debit Card,Annually,1,0.40746856237704027,1.855561670262497,0.4712640708417055,0.5173398663215619,1.5660055244379651,Platinum,5,1,5,11,Champion
1759,27,Male,Hat,Accessories,56,Pennsylvania,M,Silver,Winter,4.3,0,Free Shipping,0,0,17,Venmo,Bi-Weekly,26,0.5940488239193306,62.4460161182695,2.3996554557680767,0.7348097647838661,0.9358490566037736,Silver,2,2,3,7,Occasional Buyer
1760,68,Male,Sweater,Clothing,58,Louisiana,L,Green,Spring,4.0,0,Next Day Air,0,0,1,PayPal,Weekly,52,0.6705165737555528,142.17093468487718,0.4712640708417055,0.8141033147511105,0.9662587278447019,Bronze,1,3,3,7,Occasional Buyer
1761,20,Male,Skirt,Clothing,44,Minnesota,XL,Peach,Spring,3.5,0,Standard,0,0,39,PayPal,Weekly,52,0.9752841350248735,193.05403175069844,0.4712640708417055,0.8150568270049747,0.7330238625028773,Platinum,4,3,2,9,Organic Loyalist
1762,21,Male,Hoodie,Clothing,95,Hawaii,S,Green,Fall,4.9,0,2-Day Shipping,0,0,24,Cash,Weekly,52,0.9274688275164299,220.13111460690538,0.4712640708417055,0.973493765503286,1.582665157676667,Silver,3,3,5,11,Champion
1763,36,Male,Sandals,Footwear,42,Idaho,M,Brown,Summer,3.1,0,Express,0,0,41,Bank Transfer,Fortnightly,26,0.6802477492567311,66.52224574332227,-2.7198160345219193,0.6080495498513462,0.6970326656138309,Platinum,5,2,2,9,Organic Loyalist
1764,37,Male,Jewelry,Accessories,93,Vermont,M,Lavender,Winter,3.9,0,Store Pickup,0,0,28,PayPal,Annually,1,0.354106636684449,1.6088108348156371,2.3996554557680767,0.5426674811830436,1.554177897574124,Gold,3,1,5,9,Organic Loyalist
1765,61,Male,Dress,Clothing,56,Delaware,M,Charcoal,Summer,3.0,0,Store Pickup,0,0,34,Venmo,Quarterly,4,0.40785331033135047,6.595887373702739,0.4712640708417055,0.4569552774508855,0.9329394613672984,Gold,4,1,3,8,Organic Loyalist
1766,68,Male,Hoodie,Clothing,88,New Mexico,M,Orange,Spring,4.1,0,2-Day Shipping,0,0,41,Venmo,Quarterly,4,0.42640159541057726,7.655846837086904,0.4712640708417055,0.5926649344667307,1.4660477250057546,Platinum,5,1,5,11,Champion
1767,60,Male,Sweater,Clothing,54,Alaska,S,Cyan,Winter,4.3,0,2-Day Shipping,0,0,27,Cash,Bi-Weekly,26,0.638998197930395,66.5776457806257,0.4712640708417055,0.743799639586079,0.8996201948898949,Gold,3,2,3,8,Organic Loyalist
1768,69,Male,Jewelry,Accessories,89,Minnesota,L,Lavender,Fall,3.8,0,2-Day Shipping,0,0,46,Debit Card,Fortnightly,26,0.6916905744410977,80.92437432940504,2.3996554557680767,0.6943381148882195,1.4873315363881403,Platinum,5,2,5,12,Champion
1769,25,Male,Sandals,Footwear,45,Nebraska,M,Indigo,Summer,3.9,0,2-Day Shipping,0,0,2,PayPal,Every 3 Months,4,0.15791997123573503,2.4184757568220094,-2.7198160345219193,0.5149686096317624,0.746820713157676,Bronze,1,1,2,4,At-Risk / One-Timer
1770,32,Male,Socks,Clothing,75,Alaska,L,Brown,Winter,4.3,0,Free Shipping,0,0,45,Cash,Monthly,12,0.5279642025291986,27.437666092450623,0.4712640708417055,0.667746686659686,1.2494724929026317,Platinum,5,2,4,11,Champion
1771,53,Male,Backpack,Accessories,22,Michigan,M,Pink,Fall,4.3,0,Express,0,0,34,Bank Transfer,Weekly,52,0.9616994641775043,156.8009615843178,2.3996554557680767,0.9083398928355009,0.36765498652291106,Gold,4,3,1,8,Organic Loyalist
1772,46,Male,Shirt,Clothing,82,Indiana,XL,Turquoise,Fall,4.7,0,Store Pickup,0,0,9,Credit Card,Annually,1,0.24578944905222938,1.0861043984399443,0.4712640708417055,0.6170040436565998,1.3660899255735441,Bronze,1,1,4,6,Occasional Buyer
1773,58,Male,Shoes,Footwear,34,Hawaii,M,Gold,Summer,3.1,0,2-Day Shipping,0,0,1,Bank Transfer,Annually,1,0.08205503529401438,0.2917342106680194,-2.7198160345219193,0.3922571609049567,0.5642645388302441,Bronze,1,1,1,3,At-Risk / One-Timer
1774,21,Male,Coat,Outerwear,92,West Virginia,M,Blue,Summer,2.7,0,Free Shipping,0,0,17,PayPal,Annually,1,0.3055872854577921,1.385104775180068,3.3361111111111157,0.38896361093771226,1.6091556899157848,Silver,2,1,5,8,Organic Loyalist
1775,46,Male,Sweater,Clothing,78,New York,M,Lavender,Spring,3.7,0,Express,0,0,6,PayPal,Weekly,52,0.7979650504192893,181.30666714671173,0.4712640708417055,0.8035930100838579,1.299451392618737,Bronze,1,3,4,8,Organic Loyalist
1776,18,Male,Jacket,Outerwear,47,Iowa,M,Violet,Spring,3.3,0,2-Day Shipping,0,0,12,Cash,Bi-Weekly,26,0.5609423303122735,56.459533420313434,3.3361111111111157,0.6081884660624547,0.8220686676743684,Bronze,2,2,2,6,Occasional Buyer
1777,56,Male,Jacket,Outerwear,64,Arizona,L,Cyan,Summer,3.4,0,Free Shipping,0,0,10,Venmo,Every 3 Months,4,0.2901011110417747,4.84397753966146,3.3361111111111157,0.4814048375929703,1.119412653854459,Bronze,1,1,3,5,At-Risk / One-Timer
1778,18,Male,Sneakers,Footwear,44,Minnesota,L,Purple,Winter,4.7,0,Free Shipping,0,0,4,Cash,Fortnightly,26,0.46373441375821495,45.89729034979467,-2.7198160345219193,0.756746882751643,0.7302246973097276,Bronze,1,2,2,5,At-Risk / One-Timer
1779,49,Male,Belt,Accessories,94,Texas,M,Red,Winter,4.9,0,Store Pickup,0,0,8,Debit Card,Bi-Weekly,26,0.5235322501637778,61.98663681673999,2.3996554557680767,0.7927064500327556,1.57088948787062,Bronze,1,2,5,8,Organic Loyalist
1780,29,Male,Scarf,Accessories,62,Virginia,M,Charcoal,Winter,4.3,0,Free Shipping,0,0,41,Venmo,Weekly,52,0.9802477492567311,211.1875215014605,2.3996554557680767,0.9120495498513462,1.0361185983827494,Platinum,5,3,3,11,Champion
1781,67,Male,Jewelry,Accessories,81,North Dakota,S,Gray,Summer,4.2,0,Next Day Air,0,0,49,Credit Card,Weekly,52,0.9979854012719828,228.68775676624725,2.3996554557680767,0.9035970802543966,1.3536388140161726,Platinum,5,3,4,12,Champion
1782,31,Male,T-shirt,Clothing,33,Iowa,M,Pink,Fall,3.7,0,Express,0,0,49,Bank Transfer,Quarterly,4,0.44413924742582894,6.2647804382206935,0.4712640708417055,0.5482124648697811,0.549767896877158,Platinum,5,1,1,7,Occasional Buyer
1783,52,Male,Pants,Clothing,88,Utah,M,Lavender,Fall,2.7,0,Next Day Air,0,0,40,Bank Transfer,Fortnightly,26,0.677796211082861,79.10189883266249,0.4712640708417055,0.5595592422165723,1.4660477250057546,Platinum,4,2,5,11,Champion
1784,42,Male,Handbag,Accessories,49,Ohio,L,Lavender,Winter,3.3,0,Free Shipping,0,0,30,Credit Card,Monthly,12,0.48781448798242233,22.900097992420655,2.3996554557680767,0.5397167437503306,0.8188679245283019,Gold,3,2,2,7,Occasional Buyer
1785,32,Male,Backpack,Accessories,31,Louisiana,L,Yellow,Summer,4.8,0,Standard,0,0,4,Debit Card,Quarterly,4,0.20988825991206111,2.909669111813563,2.3996554557680767,0.6333622673670276,0.5180592991913747,Bronze,1,1,1,3,At-Risk / One-Timer
1786,47,Male,Gloves,Accessories,29,Iowa,S,Peach,Fall,4.1,0,Next Day Air,0,0,22,Venmo,Monthly,12,0.4574476287736457,18.670436126789824,2.3996554557680767,0.6296433719085752,0.4846361185983828,Silver,3,2,1,6,Occasional Buyer
1787,45,Male,Jacket,Outerwear,34,Maryland,M,Brown,Spring,4.6,0,2-Day Shipping,0,0,22,Venmo,Monthly,12,0.4574476287736457,19.516626482319722,3.3361111111111157,0.6896433719085752,0.5946879723601813,Silver,3,2,1,6,Occasional Buyer
1788,20,Male,Sweater,Clothing,38,Montana,L,Gold,Fall,4.9,0,2-Day Shipping,0,0,10,Bank Transfer,Quarterly,4,0.2901011110417747,4.251213215648974,0.4712640708417055,0.6614048375929703,0.6330660630706668,Bronze,1,1,2,4,At-Risk / One-Timer
1789,66,Male,Blouse,Clothing,41,Illinois,L,Pink,Summer,3.1,0,Store Pickup,0,0,23,Cash,Bi-Weekly,26,0.6233158463485474,60.573466238780306,0.4712640708417055,0.5966631692697095,0.6830449627867721,Silver,3,2,2,7,Occasional Buyer
1790,52,Male,Blouse,Clothing,34,Arizona,L,Peach,Spring,3.0,0,2-Day Shipping,0,0,43,Debit Card,Quarterly,4,0.43113425855288035,6.1313294015506346,0.4712640708417055,0.46161146709519146,0.5664275301158598,Platinum,5,1,1,7,Occasional Buyer
1791,50,Male,Gloves,Accessories,26,North Carolina,S,Violet,Summer,3.7,0,Store Pickup,0,0,31,PayPal,Bi-Weekly,26,0.6525828687777642,55.92097360305613,2.3996554557680767,0.6745165737555529,0.43450134770889487,Gold,4,2,1,7,Occasional Buyer
1792,62,Male,Jeans,Clothing,98,Montana,S,Purple,Winter,4.0,0,Store Pickup,0,0,38,Cash,Annually,1,0.3842469169326239,1.765660635350117,0.4712640708417055,0.5606955372326786,1.6326440573927723,Gold,4,1,5,10,Organic Loyalist
1793,38,Male,Sneakers,Footwear,59,Iowa,M,Peach,Fall,3.0,0,Express,0,0,22,Debit Card,Every 3 Months,4,0.3651399364659534,5.980034853277998,-2.7198160345219193,0.448412602677806,0.979164935028953,Silver,3,1,3,7,Occasional Buyer
1794,65,Male,Hat,Accessories,92,Iowa,S,White,Fall,3.8,0,Store Pickup,0,0,45,Cash,Every 3 Months,4,0.43565651022150625,7.898625909675663,2.3996554557680767,0.5585159174289166,1.537466307277628,Platinum,5,1,5,11,Champion
1795,60,Male,Backpack,Accessories,40,Ohio,L,Indigo,Spring,3.7,0,Express,0,0,21,Debit Card,Fortnightly,26,0.6144638386434813,59.328249426844714,2.3996554557680767,0.6668927677286963,0.6684636118598383,Silver,3,2,2,7,Occasional Buyer
1796,68,Male,Jeans,Clothing,20,Wisconsin,S,Violet,Fall,4.0,0,2-Day Shipping,0,0,9,Debit Card,Fortnightly,26,0.5342509875137679,42.29001709040063,0.4712640708417055,0.6868501975027536,0.33319266477403514,Bronze,1,2,1,4,At-Risk / One-Timer
1797,62,Male,Skirt,Clothing,35,South Carolina,S,Brown,Spring,3.1,0,Store Pickup,0,0,34,Venmo,Weekly,52,0.9616994641775043,179.20594863512537,0.4712640708417055,0.764339892835501,0.5830871633545616,Gold,4,3,1,8,Organic Loyalist
1798,62,Male,Belt,Accessories,35,Oregon,L,Maroon,Spring,3.9,0,2-Day Shipping,0,0,26,Venmo,Weekly,52,0.9352983752456666,174.28629092160395,2.3996554557680767,0.8550596750491333,0.5849056603773585,Gold,3,3,1,7,Occasional Buyer
1799,40,Male,Dress,Clothing,82,North Dakota,L,Magenta,Winter,3.7,0,Express,0,0,1,Cash,Weekly,52,0.6705165737555528,154.07110494420735,0.4712640708417055,0.7781033147511106,1.3660899255735441,Bronze,1,3,4,8,Organic Loyalist
1800,32,Male,Hoodie,Clothing,48,California,M,Charcoal,Fall,3.9,0,Express,0,0,47,Venmo,Weekly,52,0.9938324201041002,201.12649364504034,0.4712640708417055,0.86676648402082,0.7996623954576844,Platinum,5,3,2,10,Organic Loyalist
1801,22,Male,Coat,Outerwear,58,Mississippi,XL,Indigo,Winter,2.7,0,Express,0,0,30,Credit Card,Weekly,52,0.9493529495208839,201.29315435599452,3.3361111111111157,0.7138705899041768,1.0144677175556034,Gold,3,3,3,9,Organic Loyalist
1802,33,Male,Sweater,Clothing,57,New Jersey,M,Turquoise,Spring,3.9,0,Express,0,0,48,Debit Card,Fortnightly,26,0.6959301008385788,73.47039735825066,0.4712640708417055,0.7071860201677157,0.9495990946060002,Platinum,5,2,3,10,Organic Loyalist
1803,57,Male,Shorts,Clothing,96,Rhode Island,L,Turquoise,Winter,2.6,0,Store Pickup,0,0,31,Venmo,Bi-Weekly,26,0.6525828687777642,77.61982836870263,0.4712640708417055,0.5425165737555528,1.5993247909153687,Gold,4,2,5,11,Champion
1804,60,Male,Sneakers,Footwear,97,New Hampshire,S,Gray,Summer,3.5,0,Free Shipping,0,0,33,Venmo,Fortnightly,26,0.658750448673664,78.52908397693832,-2.7198160345219193,0.6517500897347328,1.6098135372509905,Gold,4,2,5,11,Champion
1805,30,Male,Sweater,Clothing,42,Louisiana,L,Peach,Winter,4.4,0,Next Day Air,0,0,39,Credit Card,Weekly,52,0.9752841350248735,190.74841767746182,0.4712640708417055,0.9230568270049747,0.6997045960254739,Platinum,4,3,2,9,Organic Loyalist
1806,41,Male,T-shirt,Clothing,62,Arizona,L,Gold,Spring,4.9,0,Store Pickup,0,0,46,Debit Card,Weekly,52,0.9916905744410976,213.65279815370812,0.4712640708417055,0.9863381148882195,1.032897260799509,Platinum,5,3,3,11,Champion
1807,58,Male,Handbag,Accessories,67,Rhode Island,M,Green,Fall,3.9,0,Standard,0,0,24,Venmo,Annually,1,0.33900728905489147,1.4304438682779783,2.3996554557680767,0.539647611657132,1.1196765498652292,Silver,3,1,3,7,Occasional Buyer
1808,34,Male,Sneakers,Footwear,46,Vermont,L,Gold,Summer,3.5,0,Standard,0,0,37,Venmo,Fortnightly,26,0.6700658675655395,67.07616481787602,-2.7198160345219193,0.654013173513108,0.7634167290056243,Gold,4,2,2,8,Organic Loyalist
1809,67,Male,Jacket,Outerwear,71,Tennessee,M,Lavender,Spring,4.3,0,Next Day Air,0,0,7,Debit Card,Monthly,12,0.350011259728197,17.962575549044505,3.3361111111111157,0.6321560980994856,1.2418484128697904,Bronze,1,2,4,7,Occasional Buyer
1810,58,Male,Backpack,Accessories,99,Alaska,S,Blue,Fall,3.4,0,Free Shipping,0,0,6,Debit Card,Fortnightly,26,0.49796505041928935,59.62355890022918,2.3996554557680767,0.6075930100838579,1.6544474393531,Bronze,1,2,5,8,Organic Loyalist
1811,41,Male,Jeans,Clothing,28,Maryland,M,Magenta,Fall,2.7,0,Standard,0,0,16,Cash,Bi-Weekly,26,0.5882338749181111,51.49969432578206,0.4712640708417055,0.5416467749836222,0.4664697306836492,Silver,2,2,1,5,At-Risk / One-Timer
1812,42,Male,Belt,Accessories,77,Wisconsin,L,Blue,Summer,3.6,0,Standard,0,0,33,Bank Transfer,Annually,1,0.37028891021212557,1.613240963546437,2.3996554557680767,0.509903935888579,1.2867924528301888,Gold,4,1,4,9,Organic Loyalist
1813,50,Male,Boots,Footwear,63,Nevada,S,Blue,Summer,4.9,0,Express,0,0,18,PayPal,Bi-Weekly,26,0.5995492938099868,64.82984080733138,-2.7198160345219193,0.8079098587619974,1.0455489984207464,Silver,2,2,3,7,Occasional Buyer
1814,40,Male,Shorts,Clothing,62,Illinois,M,Olive,Spring,3.5,0,Free Shipping,0,0,24,PayPal,Weekly,52,0.9274688275164299,199.81667196030588,0.4712640708417055,0.805493765503286,1.032897260799509,Silver,3,3,3,9,Organic Loyalist
1815,32,Male,Jeans,Clothing,92,Montana,M,White,Summer,3.8,0,Free Shipping,0,0,24,Cash,Quarterly,4,0.3736226736702761,6.773927765233831,0.4712640708417055,0.5461091501186706,1.5326862579605618,Silver,3,1,5,9,Organic Loyalist
1816,51,Male,Shoes,Footwear,72,New Mexico,L,White,Winter,4.5,0,2-Day Shipping,0,0,48,Credit Card,Every 3 Months,4,0.44208394699242487,7.586972976615177,-2.7198160345219193,0.6438014047831003,1.1949131410522815,Platinum,5,1,4,10,Organic Loyalist
1817,26,Male,Hat,Accessories,79,Virginia,M,Purple,Summer,4.0,0,Express,0,0,4,Cash,Weekly,52,0.7637344137582149,174.0286362310881,2.3996554557680767,0.8327468827516429,1.3202156334231807,Bronze,1,3,4,8,Organic Loyalist
1818,32,Male,T-shirt,Clothing,27,Delaware,M,White,Summer,4.7,0,Free Shipping,0,0,20,Cash,Weekly,52,0.9097311755011782,157.63333695470482,0.4712640708417055,0.9459462351002357,0.44981009744494743,Silver,2,3,1,6,Occasional Buyer
1819,58,Male,Sunglasses,Accessories,39,North Carolina,M,White,Fall,3.8,0,Express,0,0,47,Debit Card,Every 3 Months,4,0.43998626625794646,6.49222519076497,2.3996554557680767,0.5593818686362046,0.6517520215633423,Platinum,5,1,2,8,Organic Loyalist
1820,51,Male,Socks,Clothing,86,Nevada,S,Peach,Spring,4.5,0,Next Day Air,0,0,50,Cash,Quarterly,4,0.4461538461538462,7.969928334829719,0.4712640708417055,0.6446153846153846,1.432728458528351,Platinum,5,1,5,11,Champion
1821,19,Male,Shirt,Clothing,94,Washington,XL,Gold,Fall,5.0,0,Express,0,0,31,PayPal,Monthly,12,0.4910444072393027,26.83386934652095,0.4712640708417055,0.7443627276017066,1.5660055244379651,Gold,4,2,5,11,Champion
1822,57,Male,Shorts,Clothing,53,Maine,M,Teal,Spring,2.8,0,Express,0,0,29,PayPal,Quarterly,4,0.39217095874950286,6.257454791910332,0.4712640708417055,0.4298188071345159,0.8829605616511932,Gold,3,1,3,7,Occasional Buyer
1823,66,Male,Shirt,Clothing,85,Connecticut,S,Cyan,Summer,4.4,0,Standard,0,0,4,Cash,Annually,1,0.1752728752966765,0.7807262581843292,0.4712640708417055,0.5669007289054891,1.4160688252896494,Bronze,1,1,5,7,Occasional Buyer
1824,62,Male,Socks,Clothing,50,Louisiana,L,Pink,Fall,4.7,0,Free Shipping,0,0,40,Bank Transfer,Bi-Weekly,26,0.677796211082861,69.28938942897453,0.4712640708417055,0.7995592422165723,0.8329816619350878,Platinum,4,2,2,8,Organic Loyalist
1825,58,Male,Pants,Clothing,47,Illinois,XL,Magenta,Winter,3.8,0,Express,0,0,31,Cash,Monthly,12,0.4910444072393027,22.81117926846546,0.4712640708417055,0.6003627276017067,0.7830027622189826,Gold,4,2,2,8,Organic Loyalist
1826,23,Male,Boots,Footwear,75,South Dakota,M,Pink,Winter,4.9,0,Next Day Air,0,0,41,Credit Card,Weekly,52,0.9802477492567311,220.74996369123156,-2.7198160345219193,0.9840495498513463,1.2447011885961266,Platinum,5,3,4,12,Champion
1827,45,Male,T-shirt,Clothing,60,Indiana,M,Turquoise,Winter,4.2,0,Express,0,0,44,Debit Card,Annually,1,0.3988051254604543,1.63943756715374,0.4712640708417055,0.5876071789382447,0.9995779943221055,Platinum,5,1,3,9,Organic Loyalist
1828,20,Male,T-shirt,Clothing,36,Vermont,S,Pink,Spring,4.9,0,2-Day Shipping,0,0,31,Bank Transfer,Weekly,52,0.9525828687777642,178.86432429567787,0.4712640708417055,0.9785165737555529,0.5997467965932632,Gold,4,3,2,9,Organic Loyalist
1829,33,Male,Coat,Outerwear,80,New Hampshire,L,Gray,Spring,3.9,0,Express,0,0,45,Cash,Every 3 Months,4,0.43565651022150625,7.657881532281772,3.3361111111111157,0.5705159174289166,1.3992658173180739,Platinum,5,1,4,10,Organic Loyalist
1830,30,Male,Hat,Accessories,96,Oregon,M,White,Spring,4.9,0,2-Day Shipping,0,0,50,Credit Card,Quarterly,4,0.4461538461538462,8.164099592406037,2.3996554557680767,0.6926153846153846,1.604312668463612,Platinum,5,1,5,11,Champion
1831,50,Male,Sunglasses,Accessories,80,Kansas,M,Blue,Winter,4.8,0,Express,0,0,7,Venmo,Annually,1,0.22308818280512005,0.9803496763453704,2.3996554557680767,0.6244637904071778,1.3369272237196765,Bronze,1,1,4,6,Occasional Buyer
1832,62,Male,Blouse,Clothing,71,Maine,M,Cyan,Summer,3.3,0,Free Shipping,0,0,5,Bank Transfer,Every 3 Months,4,0.2284365449912879,3.907787329237311,0.4712640708417055,0.4570719243828729,1.1828339599478248,Bronze,1,1,4,6,Occasional Buyer
1833,69,Male,Jewelry,Accessories,29,Louisiana,M,Blue,Fall,4.6,0,Free Shipping,0,0,48,Cash,Monthly,12,0.5343916393001171,21.810857332436463,2.3996554557680767,0.7050321740138694,0.4846361185983828,Platinum,5,2,1,8,Organic Loyalist
1834,34,Male,Jewelry,Accessories,53,Louisiana,M,Yellow,Spring,4.5,0,2-Day Shipping,0,0,19,PayPal,Fortnightly,26,0.6047675612693206,62.72261199835547,2.3996554557680767,0.7609535122538642,0.8857142857142858,Silver,2,2,3,7,Occasional Buyer
1835,49,Male,Skirt,Clothing,35,Indiana,M,Charcoal,Summer,4.1,0,2-Day Shipping,0,0,39,Venmo,Fortnightly,26,0.6752841350248735,62.91723065421527,0.4712640708417055,0.7270568270049746,0.5830871633545616,Platinum,4,2,1,7,Occasional Buyer
1836,65,Male,Scarf,Accessories,75,Kentucky,M,Lavender,Fall,3.2,0,2-Day Shipping,0,0,45,Credit Card,Quarterly,4,0.43565651022150625,7.54684869491628,2.3996554557680767,0.48651591742891664,1.2533692722371967,Platinum,5,1,4,10,Organic Loyalist
1837,66,Male,Pants,Clothing,52,South Carolina,M,Teal,Fall,4.2,0,2-Day Shipping,0,0,35,Credit Card,Monthly,12,0.5030269361364219,23.965965322096025,0.4712640708417055,0.6507592333811306,0.8663009284124914,Gold,4,2,3,9,Organic Loyalist
1838,41,Male,Hat,Accessories,77,Montana,M,Beige,Winter,4.8,0,Free Shipping,0,0,8,Venmo,Monthly,12,0.3619937886253162,18.92521840932866,2.3996554557680767,0.6945526038789093,1.2867924528301888,Bronze,1,2,4,7,Occasional Buyer
1839,37,Male,Gloves,Accessories,24,Vermont,L,Blue,Fall,4.1,0,Next Day Air,0,0,11,Credit Card,Quarterly,4,0.2989531187468407,3.849171866812632,2.3996554557680767,0.5671752391339835,0.401078167115903,Bronze,2,1,1,4,At-Risk / One-Timer
1840,32,Male,Shirt,Clothing,78,Mississippi,XL,Purple,Winter,3.7,0,Store Pickup,0,0,32,Cash,Annually,1,0.367251851508279,1.604687813887387,0.4712640708417055,0.5212965241478096,1.299451392618737,Gold,4,1,4,9,Organic Loyalist
1841,42,Male,Sandals,Footwear,98,Wyoming,M,Gold,Winter,2.6,0,Store Pickup,0,0,46,Bank Transfer,Every 3 Months,4,0.43784442059494383,8.047790353386018,-2.7198160345219193,0.41495349950360416,1.6264095530989389,Platinum,5,1,5,11,Champion
1842,31,Male,Socks,Clothing,57,Vermont,L,Blue,Winter,3.0,0,Standard,0,0,7,PayPal,Every 3 Months,4,0.2577035674205047,4.185562596501865,0.4712640708417055,0.4269253288687163,0.9495990946060002,Bronze,1,1,3,5,At-Risk / One-Timer
1843,61,Male,Handbag,Accessories,78,Alabama,M,Black,Summer,4.4,0,Express,0,0,1,Debit Card,Annually,1,0.08205503529401438,0.3585351977495368,2.3996554557680767,0.5482571609049567,1.3035040431266847,Bronze,1,1,4,6,Occasional Buyer
1844,36,Male,Jacket,Outerwear,76,Kentucky,M,Charcoal,Fall,4.7,0,Next Day Air,0,0,32,Credit Card,Monthly,12,0.4941749284313559,25.75919680157136,3.3361111111111157,0.7089888318401174,1.32930252645217,Gold,4,2,4,10,Organic Loyalist
1845,60,Male,Shorts,Clothing,26,South Dakota,M,Purple,Spring,2.7,0,2-Day Shipping,0,0,31,Credit Card,Annually,1,0.3641213303162258,1.2000845041547568,0.4712640708417055,0.400670419909399,0.4331504642062457,Gold,4,1,1,6,Occasional Buyer
1846,51,Male,Sandals,Footwear,78,Delaware,M,Orange,Winter,2.8,0,2-Day Shipping,0,0,39,Bank Transfer,Quarterly,4,0.42143798117871967,7.365805127237575,-2.7198160345219193,0.4356722116203593,1.2944892361399718,Platinum,4,1,4,9,Organic Loyalist
1847,68,Male,Scarf,Accessories,53,Wisconsin,M,Yellow,Summer,2.9,0,Standard,0,0,9,Venmo,Quarterly,4,0.28040483366761404,4.474121632318486,2.3996554557680767,0.41946558211813817,0.8857142857142858,Bronze,1,1,3,5,At-Risk / One-Timer
1848,46,Male,Sandals,Footwear,100,Arizona,XL,Cyan,Summer,4.4,0,Free Shipping,0,0,49,Credit Card,Weekly,52,0.9979854012719828,239.50279084775605,-2.7198160345219193,0.9275970802543966,1.6596015847948355,Platinum,5,3,5,13,Champion
1849,19,Male,Jeans,Clothing,73,Maine,XL,Yellow,Winter,2.7,0,Express,0,0,34,Cash,Every 3 Months,4,0.40785331033135047,7.021708784579733,0.4712640708417055,0.4209552774508855,1.2161532264252284,Gold,4,1,4,9,Organic Loyalist
1850,30,Male,Skirt,Clothing,40,New Mexico,M,Maroon,Winter,4.5,0,Store Pickup,0,0,35,Bank Transfer,Monthly,12,0.5030269361364219,22.416321346032817,0.4712640708417055,0.6867592333811307,0.6663853295480703,Gold,4,2,2,8,Organic Loyalist
1851,51,Male,Gloves,Accessories,76,Wyoming,S,Black,Winter,2.8,0,Store Pickup,0,0,50,Debit Card,Weekly,52,1.0,225.8778819363916,2.3996554557680767,0.736,1.2700808625336928,Platinum,5,3,4,12,Champion
1852,28,Male,Skirt,Clothing,80,Delaware,S,Lavender,Fall,3.1,0,Free Shipping,0,0,4,Bank Transfer,Fortnightly,26,0.46373441375821495,52.984289865839976,0.4712640708417055,0.564746882751643,1.3327706590961406,Bronze,1,2,4,7,Occasional Buyer
1853,41,Male,Sweater,Clothing,80,Pennsylvania,XL,Violet,Winter,3.8,0,Store Pickup,0,0,32,Cash,Weekly,52,0.9557133899698174,218.39136273042374,0.4712640708417055,0.8471426779939634,1.3327706590961406,Gold,4,3,4,11,Champion
1854,29,Male,Blouse,Clothing,67,North Dakota,XL,Olive,Spring,2.9,0,Express,0,0,11,PayPal,Fortnightly,26,0.5527992725929946,60.64606054316908,0.4712640708417055,0.5585598545185989,1.1161954269930177,Bronze,2,2,3,7,Occasional Buyer
1855,25,Male,Sweater,Clothing,61,Kentucky,M,Teal,Spring,3.8,0,Express,0,0,49,Credit Card,Annually,1,0.40952386281044434,1.6901600157014738,0.4712640708417055,0.5417509264082426,1.0162376275608072,Platinum,5,1,3,9,Organic Loyalist
1856,60,Male,Shirt,Clothing,76,Rhode Island,XL,Teal,Spring,4.7,0,Standard,0,0,9,Cash,Annually,1,0.24578944905222938,1.067661541427504,0.4712640708417055,0.6170040436565998,1.2661321261413336,Bronze,1,1,4,6,Occasional Buyer
1857,63,Male,Jewelry,Accessories,55,Arizona,XL,Beige,Summer,3.2,0,Free Shipping,0,0,30,PayPal,Bi-Weekly,26,0.6493529495208838,67.9607238241814,2.3996554557680767,0.6138705899041768,0.9191374663072777,Gold,3,2,3,8,Organic Loyalist
1858,51,Male,T-shirt,Clothing,85,Colorado,L,Maroon,Summer,4.0,0,Next Day Air,0,0,33,Cash,Monthly,12,0.4972119871352025,26.577058446726273,0.4712640708417055,0.6255962435808867,1.4160688252896494,Gold,4,2,5,11,Champion
1859,22,Male,Scarf,Accessories,69,Maine,S,Peach,Spring,4.9,0,2-Day Shipping,0,0,8,Debit Card,Annually,1,0.2350707117022393,0.9986968002121204,2.3996554557680767,0.6388602961866018,1.1530997304582211,Bronze,1,1,4,6,Occasional Buyer
1860,54,Male,Belt,Accessories,26,New Jersey,L,Beige,Summer,3.7,0,Store Pickup,0,0,29,Debit Card,Fortnightly,26,0.6460171125956566,55.35834240982331,2.3996554557680767,0.6732034225191313,0.43450134770889487,Gold,3,2,1,6,Occasional Buyer
1861,18,Male,T-shirt,Clothing,64,Kansas,M,Silver,Summer,4.8,0,Next Day Air,0,0,4,Credit Card,Monthly,12,0.3021959522197534,15.137795231521547,0.4712640708417055,0.6825930365977968,1.0662165272769124,Bronze,1,2,3,6,Occasional Buyer
1862,29,Male,Sneakers,Footwear,60,South Dakota,S,Peach,Fall,3.6,0,Standard,0,0,19,Debit Card,Monthly,12,0.4432290997308591,21.86470706309586,-2.7198160345219193,0.566799666100018,0.9957609508769013,Silver,2,2,3,7,Occasional Buyer
1863,59,Male,Gloves,Accessories,36,New Hampshire,M,Turquoise,Winter,4.6,0,Express,0,0,10,PayPal,Fortnightly,26,0.5439472648879285,51.06787198025901,2.3996554557680767,0.7607894529775856,0.6016172506738545,Bronze,1,2,2,5,At-Risk / One-Timer
1864,25,Male,Sandals,Footwear,21,Connecticut,L,Orange,Spring,4.3,0,2-Day Shipping,0,0,39,Debit Card,Monthly,12,0.513745673486412,19.056116243707912,-2.7198160345219193,0.6649029808511286,0.34851633280691546,Platinum,4,2,1,7,Occasional Buyer
1865,19,Male,Backpack,Accessories,72,Wyoming,S,Cyan,Fall,3.2,0,2-Day Shipping,0,0,21,Venmo,Quarterly,4,0.36061768479732753,6.188862201535074,2.3996554557680767,0.4715081523440809,1.203234501347709,Silver,3,1,4,8,Organic Loyalist
1866,56,Male,Pants,Clothing,62,Missouri,S,Silver,Summer,3.8,0,Store Pickup,0,0,12,Bank Transfer,Monthly,12,0.39940386877381195,19.85740846286288,0.4712640708417055,0.5820346199086086,1.032897260799509,Bronze,2,2,3,7,Occasional Buyer
1867,31,Male,T-shirt,Clothing,44,Alaska,XL,Gold,Winter,4.2,0,Standard,0,0,9,Credit Card,Fortnightly,26,0.5342509875137679,52.8765430515767,0.4712640708417055,0.7108501975027536,0.7330238625028773,Bronze,1,2,2,5,At-Risk / One-Timer
1868,45,Male,Skirt,Clothing,52,Delaware,M,Brown,Fall,3.4,0,2-Day Shipping,0,0,20,Venmo,Quarterly,4,0.3558850216550244,5.651869694525061,0.4712640708417055,0.49456161971562024,0.8663009284124914,Silver,2,1,3,6,Occasional Buyer
1869,23,Male,Gloves,Accessories,58,Indiana,M,Silver,Spring,4.7,0,Next Day Air,0,0,44,Cash,Fortnightly,26,0.6872666639219928,72.86124445834244,2.3996554557680767,0.8014533327843986,0.9692722371967656,Platinum,5,2,3,10,Organic Loyalist
1870,18,Male,Blouse,Clothing,77,West Virginia,S,Beige,Spring,3.9,0,2-Day Shipping,0,0,16,Debit Card,Every 3 Months,4,0.3343877210719573,5.827319743723254,0.4712640708417055,0.5502621595990068,1.2827917593800353,Silver,2,1,4,7,Occasional Buyer
1871,43,Male,Blouse,Clothing,99,Wyoming,L,Violet,Spring,4.3,0,Store Pickup,0,0,27,Debit Card,Fortnightly,26,0.638998197930395,76.5100817002385,0.4712640708417055,0.743799639586079,1.649303690631474,Gold,3,2,5,10,Organic Loyalist
1872,56,Male,Jeans,Clothing,96,Illinois,XL,Violet,Fall,2.7,0,Standard,0,0,14,Cash,Every 3 Months,4,0.32165438499395005,5.885903385262308,0.4712640708417055,0.4037154923834054,1.5993247909153687,Silver,2,1,5,8,Organic Loyalist
1873,43,Male,T-shirt,Clothing,64,Alaska,M,Lavender,Summer,4.6,0,Standard,0,0,24,Credit Card,Monthly,12,0.4659303659779684,23.339685460754957,0.4712640708417055,0.6913399193494397,1.0662165272769124,Silver,3,2,3,8,Organic Loyalist
1874,64,Male,Sweater,Clothing,44,Wisconsin,XL,Red,Fall,2.9,0,Express,0,0,49,Bank Transfer,Weekly,52,0.9979854012719828,197.54766680274273,0.4712640708417055,0.7475970802543966,0.7330238625028773,Platinum,5,3,2,10,Organic Loyalist
1875,67,Male,Pants,Clothing,33,Indiana,L,Purple,Fall,3.6,0,Free Shipping,0,0,14,Cash,Weekly,52,0.8755005388401038,160.54118805118787,0.4712640708417055,0.8071001077680208,0.549767896877158,Silver,2,3,1,6,Occasional Buyer
1876,63,Male,Boots,Footwear,71,Tennessee,M,Brown,Winter,3.9,0,Next Day Air,0,0,6,Credit Card,Quarterly,4,0.2441188965731355,4.176060055943653,-2.7198160345219193,0.5322083946992424,1.1783171252043332,Bronze,1,1,4,6,Occasional Buyer
1877,54,Male,Skirt,Clothing,36,Illinois,M,Gray,Fall,2.6,0,Standard,0,0,20,Venmo,Quarterly,4,0.3558850216550244,5.140286398143621,0.4712640708417055,0.39856161971562026,0.5997467965932632,Silver,2,1,2,5,At-Risk / One-Timer
1878,69,Male,Gloves,Accessories,62,Pennsylvania,L,Pink,Fall,3.6,0,Express,0,0,3,Credit Card,Annually,1,0.15257160904956724,0.6321247317146946,2.3996554557680767,0.46636047565606725,1.0361185983827494,Bronze,1,1,3,5,At-Risk / One-Timer
1879,34,Male,Socks,Clothing,29,Oklahoma,L,Magenta,Summer,3.4,0,Store Pickup,0,0,5,Credit Card,Monthly,12,0.3207442372989802,13.090973521014199,0.4712640708417055,0.5183026936136421,0.48312936392235095,Bronze,1,2,1,4,At-Risk / One-Timer
1880,56,Male,T-shirt,Clothing,33,Tennessee,L,Charcoal,Spring,3.5,0,Express,0,0,46,Cash,Bi-Weekly,26,0.6916905744410977,63.417908760912255,0.4712640708417055,0.6583381148882196,0.549767896877158,Platinum,5,2,1,8,Organic Loyalist
1881,34,Male,Blouse,Clothing,33,New Jersey,L,Yellow,Fall,3.1,0,2-Day Shipping,0,0,8,Debit Card,Monthly,12,0.3619937886253162,15.318247276374743,0.4712640708417055,0.4905526038789094,0.549767896877158,Bronze,1,2,1,4,At-Risk / One-Timer
1882,58,Male,Blouse,Clothing,41,New Jersey,M,Red,Winter,4.3,0,Standard,0,0,13,Cash,Bi-Weekly,26,0.5684816241748422,55.244708875997986,0.4712640708417055,0.7296963248349684,0.6830449627867721,Bronze,2,2,2,6,Occasional Buyer
1883,44,Male,Scarf,Accessories,54,Tennessee,L,Blue,Winter,5.0,0,Store Pickup,0,0,25,Bank Transfer,Quarterly,4,0.3776127502216725,6.052880420520834,2.3996554557680767,0.6909071654289499,0.9024258760107817,Silver,3,1,3,7,Occasional Buyer
1884,25,Male,Backpack,Accessories,58,Georgia,M,Cyan,Spring,4.9,0,Store Pickup,0,0,39,Debit Card,Fortnightly,26,0.6752841350248735,71.5909049918246,2.3996554557680767,0.8230568270049747,0.9692722371967656,Platinum,4,2,3,9,Organic Loyalist
1885,27,Male,Shorts,Clothing,30,Arizona,S,Pink,Summer,4.3,0,Next Day Air,0,0,15,Bank Transfer,Bi-Weekly,26,0.5820662950222113,51.96901344097709,0.4712640708417055,0.7324132590044423,0.49978899716105274,Silver,2,2,1,5,At-Risk / One-Timer
1886,26,Male,Jewelry,Accessories,53,Nevada,S,Maroon,Winter,4.4,0,Standard,0,0,35,Cash,Monthly,12,0.5030269361364219,24.078797078883518,2.3996554557680767,0.6747592333811306,0.8857142857142858,Gold,4,2,3,9,Organic Loyalist
1887,18,Male,Gloves,Accessories,91,Arkansas,L,Beige,Spring,4.4,0,Next Day Air,0,0,46,Cash,Bi-Weekly,26,0.6916905744410977,81.31964199736636,2.3996554557680767,0.7663381148882196,1.5207547169811322,Platinum,5,2,5,12,Champion
1888,64,Male,Hoodie,Clothing,44,North Dakota,XL,Gold,Fall,3.5,0,Express,0,0,3,PayPal,Monthly,12,0.27949468597264415,12.76730324618639,0.4712640708417055,0.522052783348375,0.7330238625028773,Bronze,1,2,2,5,At-Risk / One-Timer
1889,62,Male,Hoodie,Clothing,89,South Dakota,XL,Turquoise,Winter,3.4,0,Free Shipping,0,0,48,Credit Card,Weekly,52,0.9959301008385787,233.03778673377448,0.4712640708417055,0.8071860201677157,1.4827073582444563,Platinum,5,3,5,13,Champion
1890,59,Male,Skirt,Clothing,57,North Carolina,L,Peach,Spring,2.5,0,Next Day Air,0,0,27,Bank Transfer,Weekly,52,0.938998197930395,198.26293082451207,0.4712640708417055,0.687799639586079,0.9495990946060002,Gold,3,3,3,9,Organic Loyalist
1891,36,Male,Sunglasses,Accessories,57,Hawaii,M,Lavender,Spring,3.4,0,Store Pickup,0,0,5,Credit Card,Weekly,52,0.7822826988374417,165.17354447182575,2.3996554557680767,0.7644565397674883,0.9525606469002695,Bronze,1,3,3,7,Occasional Buyer
1892,69,Male,Jewelry,Accessories,74,New Hampshire,M,Gray,Summer,2.6,0,Next Day Air,0,0,48,Debit Card,Quarterly,4,0.44208394699242487,7.634768745300042,2.3996554557680767,0.41580140478310035,1.236657681940701,Platinum,5,1,4,10,Organic Loyalist
1893,39,Male,Jacket,Outerwear,30,California,M,Blue,Fall,4.6,0,2-Day Shipping,0,0,12,Venmo,Weekly,52,0.8609423303122734,153.7361771967825,3.3361111111111157,0.9241884660624546,0.5247246814942776,Bronze,2,3,1,6,Occasional Buyer
1894,28,Male,Dress,Clothing,20,Delaware,L,Red,Summer,3.7,0,Express,0,0,10,PayPal,Fortnightly,26,0.5439472648879285,43.0575509751292,0.4712640708417055,0.6527894529775857,0.33319266477403514,Bronze,1,2,1,4,At-Risk / One-Timer
1895,42,Male,Hoodie,Clothing,90,Arizona,M,Purple,Fall,2.5,0,Free Shipping,0,0,48,Debit Card,Bi-Weekly,26,0.6959301008385788,81.62031569221226,0.4712640708417055,0.5391860201677158,1.4993669914831582,Platinum,5,2,5,12,Champion
1896,31,Male,Jeans,Clothing,61,Washington,L,Indigo,Fall,4.5,0,Express,0,0,3,Debit Card,Monthly,12,0.27949468597264415,13.842145546980955,0.4712640708417055,0.6420527833483751,1.0162376275608072,Bronze,1,2,3,6,Occasional Buyer
1897,57,Male,Sandals,Footwear,51,Nevada,M,Gold,Fall,2.9,0,Standard,0,0,19,Venmo,Monthly,12,0.4432290997308591,21.0156743544487,-2.7198160345219193,0.48279966610001795,0.8463968082453661,Silver,2,2,2,6,Occasional Buyer
1898,53,Male,Sunglasses,Accessories,97,Alaska,L,Teal,Winter,2.9,0,Free Shipping,0,0,11,Debit Card,Fortnightly,26,0.5527992725929946,65.89873386386235,2.3996554557680767,0.5585598545185989,1.6210242587601078,Bronze,2,2,5,9,Organic Loyalist
1899,59,Male,Pants,Clothing,97,Texas,L,Magenta,Fall,3.5,0,Next Day Air,0,0,25,Venmo,Monthly,12,0.4699204425293648,25.854839358715456,0.4712640708417055,0.5601379346597191,1.6159844241540704,Silver,3,2,5,10,Organic Loyalist
1900,32,Male,Shorts,Clothing,40,New York,L,Maroon,Winter,4.2,0,Store Pickup,0,0,42,PayPal,Weekly,52,0.9826415987921073,189.75374042851362,0.4712640708417055,0.9005283197584214,0.6663853295480703,Platinum,5,3,2,10,Organic Loyalist
1901,65,Male,Jewelry,Accessories,85,Iowa,S,Blue,Summer,3.3,0,Free Shipping,0,0,34,Cash,Quarterly,4,0.40785331033135047,7.266881160569975,2.3996554557680767,0.49295527745088547,1.4204851752021563,Gold,4,1,5,10,Organic Loyalist
1902,56,Male,Socks,Clothing,76,Arizona,S,Beige,Winter,3.9,0,Store Pickup,0,0,50,Cash,Quarterly,4,0.4461538461538462,7.752021983615806,0.4712640708417055,0.5726153846153846,1.2661321261413336,Platinum,5,1,4,10,Organic Loyalist
1903,31,Male,Sandals,Footwear,22,New Mexico,S,Olive,Spring,5.0,0,Store Pickup,0,0,21,Venmo,Monthly,12,0.45292537710501984,17.041738801923824,-2.7198160345219193,0.7367389215748501,0.3651123486548638,Silver,3,2,1,6,Occasional Buyer
1904,59,Male,Pants,Clothing,63,North Carolina,M,Gold,Summer,3.3,0,Standard,0,0,37,Bank Transfer,Weekly,52,0.9700658675655396,209.78830737087318,0.4712640708417055,0.790013173513108,1.0495568940382107,Gold,4,3,3,10,Organic Loyalist
1905,22,Male,T-shirt,Clothing,71,Nevada,S,Silver,Spring,4.2,0,Free Shipping,0,0,46,Cash,Monthly,12,0.5301521129026361,27.207402950105738,0.4712640708417055,0.6561842687343734,1.1828339599478248,Platinum,5,2,4,11,Champion
1906,47,Male,Boots,Footwear,35,Idaho,M,Teal,Summer,4.9,0,2-Day Shipping,0,0,14,Bank Transfer,Fortnightly,26,0.5755005388401039,53.62024408065542,-2.7198160345219193,0.8031001077680209,0.5808605546781924,Silver,2,2,1,5,At-Risk / One-Timer
1907,23,Male,Backpack,Accessories,30,Vermont,M,Green,Spring,4.6,0,2-Day Shipping,0,0,24,PayPal,Fortnightly,26,0.62746882751643,56.02271804752266,2.3996554557680767,0.7774937655032859,0.5013477088948787,Silver,3,2,1,6,Occasional Buyer
1908,69,Male,Skirt,Clothing,74,New Mexico,L,Orange,Fall,4.8,0,Store Pickup,0,0,36,Credit Card,Every 3 Months,4,0.413506648637333,7.141240161439683,0.4712640708417055,0.674085945112082,1.23281285966393,Gold,4,1,4,9,Organic Loyalist
1909,18,Male,Scarf,Accessories,71,Georgia,XL,Charcoal,Winter,2.7,0,Next Day Air,0,0,19,Debit Card,Bi-Weekly,26,0.6047675612693206,67.24611241817222,2.3996554557680767,0.5449535122538642,1.186522911051213,Silver,2,2,4,8,Organic Loyalist
1910,50,Male,Sweater,Clothing,84,Kentucky,S,Black,Spring,4.3,0,Store Pickup,0,0,12,Credit Card,Monthly,12,0.39940386877381195,21.29294519346083,0.4712640708417055,0.6420346199086087,1.3994091920509477,Bronze,2,2,4,8,Organic Loyalist
1911,29,Male,Sandals,Footwear,38,New York,S,Yellow,Fall,3.8,0,Express,0,0,13,Debit Card,Quarterly,4,0.3146354703286883,4.610745766432579,-2.7198160345219193,0.534311709450353,0.6306486022220374,Bronze,2,1,2,5,At-Risk / One-Timer
1912,65,Male,Jewelry,Accessories,81,Arizona,M,Gray,Spring,4.9,0,Express,0,0,32,Debit Card,Bi-Weekly,26,0.6557133899698174,75.12816522299103,2.3996554557680767,0.8191426779939636,1.3536388140161726,Gold,4,2,4,10,Organic Loyalist
1913,29,Male,Sweater,Clothing,56,Colorado,S,Charcoal,Winter,3.4,0,2-Day Shipping,0,0,5,Credit Card,Bi-Weekly,26,0.48228269883744174,50.697235601724074,0.4712640708417055,0.6044565397674884,0.9329394613672984,Bronze,1,2,3,6,Occasional Buyer
1914,49,Male,Skirt,Clothing,48,Kentucky,M,Peach,Winter,3.6,0,Express,0,0,29,Cash,Annually,1,0.35755557413411826,1.3915420411177604,0.4712640708417055,0.5073572686729775,0.7996623954576844,Gold,3,1,2,6,Occasional Buyer
1915,28,Male,Shorts,Clothing,97,Alaska,L,Green,Fall,3.4,0,Standard,0,0,40,Credit Card,Fortnightly,26,0.677796211082861,80.79951320950735,0.4712640708417055,0.6435592422165722,1.6159844241540704,Platinum,4,2,5,11,Champion
1916,51,Male,Backpack,Accessories,74,Alabama,M,Magenta,Fall,4.7,0,2-Day Shipping,0,0,44,Cash,Weekly,52,0.9872666639219927,221.65062849144024,2.3996554557680767,0.9614533327843986,1.236657681940701,Platinum,5,3,4,12,Champion
1917,26,Male,Hoodie,Clothing,50,Connecticut,S,Beige,Winter,3.0,0,Next Day Air,0,0,3,Debit Card,Bi-Weekly,26,0.44103314751110567,45.0857012908966,0.4712640708417055,0.5482066295022211,0.8329816619350878,Bronze,1,2,2,5,At-Risk / One-Timer
1918,38,Male,Skirt,Clothing,71,Hawaii,L,Black,Winter,3.4,0,Free Shipping,0,0,35,PayPal,Bi-Weekly,26,0.6645653976748835,73.89523232277175,0.4712640708417055,0.6409130795349767,1.1828339599478248,Gold,4,2,4,10,Organic Loyalist
1919,35,Male,Skirt,Clothing,33,Idaho,S,Purple,Summer,4.6,0,Standard,0,0,33,Debit Card,Monthly,12,0.4972119871352025,21.04018468559444,0.4712640708417055,0.6975962435808866,0.549767896877158,Gold,4,2,1,7,Occasional Buyer
1920,34,Male,Backpack,Accessories,56,Virginia,M,Olive,Summer,3.1,0,Express,0,0,20,PayPal,Bi-Weekly,26,0.6097311755011783,64.09453445585554,2.3996554557680767,0.5939462351002356,0.9358490566037736,Silver,2,2,3,7,Occasional Buyer
1921,51,Male,Blouse,Clothing,84,Connecticut,M,Purple,Spring,2.8,0,Standard,0,0,40,Cash,Every 3 Months,4,0.42395005723670726,7.533849017887197,0.4712640708417055,0.4361746268319568,1.3994091920509477,Platinum,4,1,4,9,Organic Loyalist
1922,47,Male,Shirt,Clothing,36,Michigan,M,Green,Fall,3.5,0,Store Pickup,0,0,13,Venmo,Annually,1,0.2800200857133037,1.0111295434023395,0.4712640708417055,0.47985017098881455,0.5997467965932632,Bronze,2,1,2,5,At-Risk / One-Timer
1923,18,Male,Gloves,Accessories,63,Kentucky,S,Peach,Summer,4.6,0,Standard,0,0,9,PayPal,Monthly,12,0.37271252597530635,18.600813830819444,2.3996554557680767,0.6726963513489073,1.0528301886792453,Bronze,1,2,3,6,Occasional Buyer
1924,64,Male,Sandals,Footwear,36,Nebraska,XL,Blue,Summer,4.3,0,Standard,0,0,7,Cash,Annually,1,0.22308818280512005,0.8055531153902572,-2.7198160345219193,0.5644637904071779,0.5974565705261408,Bronze,1,1,2,4,At-Risk / One-Timer
1925,30,Male,Jacket,Outerwear,63,Michigan,M,Gray,Fall,4.8,0,Free Shipping,0,0,42,PayPal,Quarterly,4,0.4287954449459535,7.133240488829638,3.3361111111111157,0.6771437043738061,1.101921831137983,Platinum,5,1,3,9,Organic Loyalist
1926,59,Male,Sneakers,Footwear,32,Utah,L,Black,Winter,2.9,0,Express,0,0,44,Credit Card,Fortnightly,26,0.6872666639219928,62.47886026582434,-2.7198160345219193,0.5854533327843985,0.5310725071343474,Platinum,5,2,1,8,Organic Loyalist
1927,66,Male,Backpack,Accessories,93,New Mexico,M,Silver,Spring,3.0,0,Express,0,0,6,PayPal,Annually,1,0.2095035119577509,0.951836212744891,2.3996554557680767,0.405746856237704,1.554177897574124,Bronze,1,1,5,7,Occasional Buyer
1928,40,Male,Pants,Clothing,29,Florida,M,Pink,Summer,2.9,0,Standard,0,0,8,Cash,Every 3 Months,4,0.2696860963176239,3.6690225786647614,0.4712640708417055,0.41732183464814016,0.48312936392235095,Bronze,1,1,1,3,At-Risk / One-Timer
1929,25,Male,Sunglasses,Accessories,92,Mississippi,S,Lavender,Summer,3.7,0,Standard,0,0,10,PayPal,Weekly,52,0.8439472648879285,198.91429714411328,2.3996554557680767,0.8127894529775858,1.537466307277628,Bronze,1,3,5,9,Organic Loyalist
1930,59,Male,Jeans,Clothing,33,Hawaii,L,Brown,Fall,4.7,0,Standard,0,0,46,Venmo,Quarterly,4,0.43784442059494383,6.175989122837781,0.4712640708417055,0.6669534995036042,0.549767896877158,Platinum,5,1,1,7,Occasional Buyer
1931,66,Male,Pants,Clothing,52,North Carolina,L,Turquoise,Spring,3.5,0,Store Pickup,0,0,26,Cash,Weekly,52,0.9352983752456666,193.09719395180804,0.4712640708417055,0.8070596750491333,0.8663009284124914,Gold,3,3,3,9,Organic Loyalist
1932,54,Male,Jewelry,Accessories,42,Illinois,S,Olive,Spring,2.7,0,Store Pickup,0,0,6,Debit Card,Every 3 Months,4,0.2441188965731355,3.6727200881354483,2.3996554557680767,0.3882083946992425,0.7018867924528303,Bronze,1,1,2,4,At-Risk / One-Timer
1933,42,Male,Hoodie,Clothing,36,Maryland,M,White,Spring,5.0,0,Free Shipping,0,0,47,Credit Card,Every 3 Months,4,0.43998626625794646,6.355017160593079,0.4712640708417055,0.7033818686362048,0.5997467965932632,Platinum,5,1,2,8,Organic Loyalist
1934,48,Male,Sandals,Footwear,67,Montana,L,Violet,Summer,4.1,0,Next Day Air,0,0,28,Venmo,Annually,1,0.354106636684449,1.494155681944029,-2.7198160345219193,0.5666674811830436,1.1119330618125398,Gold,3,1,3,7,Occasional Buyer
1935,34,Male,Jacket,Outerwear,43,Michigan,L,Gold,Winter,2.7,0,Free Shipping,0,0,23,Bank Transfer,Annually,1,0.334854307887009,1.2671522007788931,3.3361111111111157,0.39481701542355563,0.7521053768084647,Silver,3,1,2,6,Occasional Buyer
1936,19,Male,Blouse,Clothing,68,North Carolina,XL,Violet,Spring,4.8,0,Free Shipping,0,0,45,Cash,Fortnightly,26,0.68950266406766,75.90512058651649,0.4712640708417055,0.8139005328135319,1.1328550602317196,Platinum,5,2,3,10,Organic Loyalist
1937,70,Male,Jewelry,Accessories,60,Minnesota,S,Teal,Summer,4.3,0,2-Day Shipping,0,0,44,PayPal,Every 3 Months,4,0.4334205100758389,7.1269481882697265,2.3996554557680767,0.6180687173997832,1.0026954177897573,Platinum,5,1,3,9,Organic Loyalist
1938,43,Male,Socks,Clothing,53,Delaware,M,Olive,Summer,4.5,0,2-Day Shipping,0,0,11,Bank Transfer,Monthly,12,0.39126081105453303,18.728797600107974,0.4712640708417055,0.6644060083647528,0.8829605616511932,Bronze,2,2,3,7,Occasional Buyer
1939,46,Male,Jeans,Clothing,23,Kentucky,L,Blue,Spring,3.8,0,Standard,0,0,39,Debit Card,Bi-Weekly,26,0.6752841350248735,55.79832262911396,0.4712640708417055,0.6910568270049746,0.38317156449014045,Platinum,4,2,1,7,Occasional Buyer
1940,66,Male,Gloves,Accessories,57,Ohio,L,Magenta,Winter,3.7,0,Store Pickup,0,0,20,PayPal,Every 3 Months,4,0.3558850216550244,5.780203394949219,2.3996554557680767,0.5305616197156202,0.9525606469002695,Silver,2,1,3,6,Occasional Buyer
1941,50,Male,Hat,Accessories,89,Alaska,L,Gray,Fall,3.9,0,2-Day Shipping,0,0,48,PayPal,Fortnightly,26,0.6959301008385788,81.42037793831118,2.3996554557680767,0.7071860201677157,1.4873315363881403,Platinum,5,2,5,12,Champion
1942,55,Male,Shoes,Footwear,99,Vermont,XL,Peach,Winter,3.3,0,Standard,0,0,46,Credit Card,Quarterly,4,0.43784442059494383,8.065392287300263,-2.7198160345219193,0.4989534995036041,1.6430055689468872,Platinum,5,1,5,11,Champion
1943,63,Male,Pants,Clothing,28,Alabama,M,Cyan,Fall,3.4,0,Express,0,0,22,PayPal,Monthly,12,0.4574476287736457,18.484337913680374,0.4712640708417055,0.5456433719085753,0.4664697306836492,Silver,3,2,1,6,Occasional Buyer
1944,32,Male,Socks,Clothing,53,Wisconsin,L,Violet,Summer,3.8,0,Next Day Air,0,0,45,Cash,Annually,1,0.40104112560612165,1.5997466520589987,0.4712640708417055,0.5400543789673782,0.8829605616511932,Platinum,5,1,3,9,Organic Loyalist
1945,30,Male,Hoodie,Clothing,45,Arkansas,M,Gold,Winter,2.7,0,Free Shipping,0,0,49,Cash,Every 3 Months,4,0.44413924742582894,6.801799634000166,0.4712640708417055,0.4282124648697812,0.7496834957415791,Platinum,5,1,2,8,Organic Loyalist
1946,35,Male,Hoodie,Clothing,38,Georgia,M,Gold,Winter,2.9,0,2-Day Shipping,0,0,9,Credit Card,Every 3 Months,4,0.28040483366761404,4.109121576056135,0.4712640708417055,0.41946558211813817,0.6330660630706668,Bronze,1,1,2,4,At-Risk / One-Timer
1947,59,Male,Pants,Clothing,49,Louisiana,M,White,Summer,4.5,0,Standard,0,0,41,Credit Card,Quarterly,4,0.42640159541057726,6.672371403189771,0.4712640708417055,0.6406649344667308,0.8163220286963861,Platinum,5,1,2,8,Organic Loyalist
1948,59,Male,Shirt,Clothing,32,New York,M,Gray,Summer,2.6,0,Store Pickup,0,0,2,PayPal,Monthly,12,0.25022766354342735,10.49907501201221,0.4712640708417055,0.40819937886253166,0.5331082636384562,Bronze,1,2,1,4,At-Risk / One-Timer
1949,54,Male,T-shirt,Clothing,37,Connecticut,L,Brown,Winter,3.1,0,Next Day Air,0,0,39,PayPal,Bi-Weekly,26,0.6752841350248735,63.86650980968137,0.4712640708417055,0.6070568270049747,0.616406429831965,Platinum,4,2,2,8,Organic Loyalist
1950,63,Male,Dress,Clothing,80,Nebraska,L,Gray,Winter,4.7,0,Store Pickup,0,0,12,PayPal,Quarterly,4,0.30709617646611964,5.398074132298711,0.4712640708417055,0.6408038506778393,1.3327706590961406,Bronze,2,1,4,7,Occasional Buyer
1951,43,Male,Backpack,Accessories,78,Arkansas,L,Blue,Summer,4.6,0,Free Shipping,0,0,26,PayPal,Every 3 Months,4,0.3814522213995128,6.666942358451504,2.3996554557680767,0.643675059664518,1.3035040431266847,Gold,3,1,4,8,Organic Loyalist
1952,33,Male,Gloves,Accessories,53,Connecticut,L,Gold,Summer,2.7,0,Next Day Air,0,0,32,Bank Transfer,Bi-Weekly,26,0.6557133899698174,68.00638654441269,2.3996554557680767,0.5551426779939636,0.8857142857142858,Gold,4,2,3,9,Organic Loyalist
1953,57,Male,Shoes,Footwear,82,Maryland,L,Yellow,Summer,4.6,0,2-Day Shipping,0,0,50,Cash,Bi-Weekly,26,0.7,80.42289906189808,-2.7198160345219193,0.7919999999999999,1.3608732995317652,Platinum,5,2,4,11,Champion
1954,25,Male,Skirt,Clothing,33,Colorado,XL,Green,Spring,4.8,0,Standard,0,0,3,PayPal,Fortnightly,26,0.44103314751110567,40.43628891718987,0.4712640708417055,0.7642066295022211,0.549767896877158,Bronze,1,2,1,4,At-Risk / One-Timer
1955,26,Male,Gloves,Accessories,77,Colorado,M,Pink,Winter,4.2,0,Free Shipping,0,0,3,Venmo,Quarterly,4,0.18718699366495184,3.2620769101663374,2.3996554557680767,0.5568220141176057,1.2867924528301888,Bronze,1,1,4,6,Occasional Buyer
1956,50,Male,Hoodie,Clothing,56,Maine,M,Pink,Winter,4.9,0,Express,0,0,37,Cash,Monthly,12,0.5085274060270781,24.672028483996723,0.4712640708417055,0.735859327359262,0.9329394613672984,Gold,4,2,3,9,Organic Loyalist
1957,70,Male,Socks,Clothing,37,Oklahoma,M,Pink,Winter,4.9,0,Express,0,0,20,Credit Card,Fortnightly,26,0.6097311755011783,57.66669181407643,0.4712640708417055,0.8099462351002358,0.616406429831965,Silver,2,2,2,6,Occasional Buyer
1958,68,Male,Gloves,Accessories,54,South Carolina,M,Cyan,Spring,4.5,0,Store Pickup,0,0,26,Cash,Bi-Weekly,26,0.6352983752456667,66.19215880280201,2.3996554557680767,0.7670596750491334,0.9024258760107817,Gold,3,2,3,8,Organic Loyalist
1959,39,Male,Shorts,Clothing,67,Nevada,M,Gray,Winter,2.7,0,Store Pickup,0,0,47,Cash,Quarterly,4,0.43998626625794646,7.426101762588285,0.4712640708417055,0.4273818686362047,1.1161954269930177,Platinum,5,1,3,9,Organic Loyalist
1960,46,Male,Shoes,Footwear,90,Colorado,M,White,Fall,3.1,0,Store Pickup,0,0,7,Credit Card,Every 3 Months,4,0.2577035674205047,4.649858347848358,-2.7198160345219193,0.4389253288687163,1.493641426315352,Bronze,1,1,5,7,Occasional Buyer
1961,57,Male,Jeans,Clothing,72,Massachusetts,L,Red,Summer,3.3,0,2-Day Shipping,0,0,40,Credit Card,Annually,1,0.38933467262132265,1.6704246219145718,0.4712640708417055,0.4777130883704183,1.1994935931865265,Platinum,4,1,4,9,Organic Loyalist
1962,47,Male,Boots,Footwear,59,Nevada,L,Black,Summer,2.6,0,Free Shipping,0,0,45,Debit Card,Quarterly,4,0.43565651022150625,7.134911454488324,-2.7198160345219193,0.41451591742891664,0.979164935028953,Platinum,5,1,3,9,Organic Loyalist
1963,40,Male,Hat,Accessories,45,Iowa,M,Silver,Fall,4.4,0,Standard,0,0,20,PayPal,Fortnightly,26,0.6097311755011783,60.695492500597986,2.3996554557680767,0.7499462351002357,0.7520215633423181,Silver,2,2,2,6,Occasional Buyer
1964,52,Male,Shorts,Clothing,30,Michigan,L,Pink,Spring,3.9,0,Standard,0,0,11,Credit Card,Weekly,52,0.8527992725929945,152.28209308408634,0.4712640708417055,0.8385598545185988,0.49978899716105274,Bronze,2,3,1,6,Occasional Buyer
1965,40,Male,Pants,Clothing,51,West Virginia,S,Cyan,Summer,4.6,0,Express,0,0,50,Debit Card,Monthly,12,0.5384615384615385,25.53111325852615,0.4712640708417055,0.7058461538461538,0.8496412951737896,Platinum,5,2,2,9,Organic Loyalist
1966,67,Male,Sweater,Clothing,90,Indiana,M,White,Fall,4.9,0,Express,0,0,25,Debit Card,Quarterly,4,0.3776127502216725,6.813432256477617,0.4712640708417055,0.6789071654289499,1.4993669914831582,Silver,3,1,5,9,Organic Loyalist
1967,67,Male,Jacket,Outerwear,95,Indiana,XL,Purple,Winter,3.7,0,Express,0,0,5,Credit Card,Fortnightly,26,0.48228269883744174,57.23396026958751,3.3361111111111157,0.6404565397674884,1.6616281580652126,Bronze,1,2,5,8,Organic Loyalist
1968,37,Male,Dress,Clothing,81,Georgia,L,Yellow,Fall,3.7,0,Standard,0,0,4,Venmo,Annually,1,0.1752728752966765,0.7723783530932117,0.4712640708417055,0.48290072890548913,1.3494302923348425,Bronze,1,1,4,6,Occasional Buyer
1969,67,Male,Shirt,Clothing,70,Minnesota,S,Blue,Spring,4.2,0,Standard,0,0,25,Credit Card,Weekly,52,0.9314589040678263,206.46657858636578,0.4712640708417055,0.8902917808135652,1.1661743267091231,Silver,3,3,4,10,Organic Loyalist
1970,64,Male,Dress,Clothing,32,Louisiana,S,Cyan,Winter,3.5,0,Next Day Air,0,0,11,Bank Transfer,Fortnightly,26,0.5527992725929946,50.25453775145896,0.4712640708417055,0.630559854518599,0.5331082636384562,Bronze,2,2,1,5,At-Risk / One-Timer
1971,28,Male,Belt,Accessories,94,Maryland,M,Indigo,Spring,2.9,0,Next Day Air,0,0,4,Credit Card,Bi-Weekly,26,0.46373441375821495,54.90652519698993,2.3996554557680767,0.540746882751643,1.57088948787062,Bronze,1,2,5,8,Organic Loyalist
1972,54,Male,Hat,Accessories,29,Pennsylvania,XL,Indigo,Spring,3.4,0,Next Day Air,0,0,1,Venmo,Monthly,12,0.2089781122170913,8.529309697169653,2.3996554557680767,0.4959494685972644,0.4846361185983828,Bronze,1,2,1,4,At-Risk / One-Timer
1973,54,Male,Backpack,Accessories,31,Louisiana,M,Silver,Summer,3.3,0,Express,0,0,48,PayPal,Every 3 Months,4,0.44208394699242487,6.128584828572232,2.3996554557680767,0.4998014047831003,0.5180592991913747,Platinum,5,1,1,7,Occasional Buyer
1974,24,Male,Skirt,Clothing,20,Maryland,XL,Red,Fall,4.5,0,Standard,0,0,9,Venmo,Every 3 Months,4,0.28040483366761404,3.414795230988621,0.4712640708417055,0.6114655821181382,0.33319266477403514,Bronze,1,1,1,3,At-Risk / One-Timer
1975,27,Male,Gloves,Accessories,44,Tennessee,M,Peach,Winter,4.6,0,2-Day Shipping,0,0,2,PayPal,Fortnightly,26,0.41176612508188887,40.7538212355898,2.3996554557680767,0.7343532250163777,0.7353099730458221,Bronze,1,2,2,5,At-Risk / One-Timer
1976,53,Male,Jacket,Outerwear,77,Illinois,L,Turquoise,Fall,2.9,0,Express,0,0,4,Cash,Quarterly,4,0.20988825991206111,3.657688138309583,3.3361111111111157,0.4053622673670276,1.3467933491686461,Bronze,1,1,4,6,Occasional Buyer
1977,32,Male,Handbag,Accessories,51,Wyoming,M,Pink,Spring,3.2,0,Next Day Air,0,0,43,PayPal,Fortnightly,26,0.6849804123990342,70.36963834791798,2.3996554557680767,0.6209960824798069,0.8522911051212938,Platinum,5,2,2,9,Organic Loyalist
1978,24,Male,Sandals,Footwear,49,Florida,M,Teal,Summer,2.6,0,Free Shipping,0,0,32,Bank Transfer,Annually,1,0.367251851508279,1.4366976918864687,-2.7198160345219193,0.38929652414780963,0.8132047765494694,Gold,4,1,2,7,Occasional Buyer
1979,45,Male,Sunglasses,Accessories,78,Massachusetts,L,Magenta,Spring,3.8,0,Store Pickup,0,0,1,Cash,Quarterly,4,0.116670419909399,2.0391412628781964,2.3996554557680767,0.49471869936649515,1.3035040431266847,Bronze,1,1,4,6,Occasional Buyer
1980,49,Male,Jeans,Clothing,98,Tennessee,L,Blue,Spring,2.8,0,Store Pickup,0,0,38,Debit Card,Fortnightly,26,0.6727084553941624,80.37057539511247,0.4712640708417055,0.5705416910788325,1.6326440573927723,Gold,4,2,5,11,Champion
1981,51,Male,Sandals,Footwear,94,Iowa,M,Green,Winter,4.4,0,Store Pickup,0,0,25,PayPal,Fortnightly,26,0.6314589040678263,74.76523889197681,-2.7198160345219193,0.7542917808135653,1.5600254897071453,Silver,3,2,5,10,Organic Loyalist
1982,69,Male,Shoes,Footwear,91,Michigan,L,Violet,Summer,4.7,0,Express,0,0,42,PayPal,Quarterly,4,0.4287954449459535,7.755689379389093,-2.7198160345219193,0.6651437043738061,1.5102374421633002,Platinum,5,1,5,11,Champion
1983,41,Male,Sunglasses,Accessories,77,Kansas,M,Turquoise,Summer,2.7,0,2-Day Shipping,0,0,32,PayPal,Monthly,12,0.4941749284313559,25.835715271507027,2.3996554557680767,0.46898883184011736,1.2867924528301888,Gold,4,2,4,10,Organic Loyalist
1984,59,Male,Scarf,Accessories,97,Georgia,M,Pink,Summer,2.6,0,Next Day Air,0,0,21,Debit Card,Quarterly,4,0.36061768479732753,6.613681428116888,2.3996554557680767,0.3995081523440809,1.6210242587601078,Silver,3,1,5,9,Organic Loyalist
1985,26,Male,Skirt,Clothing,58,West Virginia,M,Black,Summer,3.4,0,2-Day Shipping,0,0,26,PayPal,Fortnightly,26,0.6352983752456667,67.35177574103349,0.4712640708417055,0.6350596750491333,0.9662587278447019,Gold,3,2,3,8,Organic Loyalist
1986,23,Male,Gloves,Accessories,97,Tennessee,M,Gold,Spring,3.9,0,2-Day Shipping,0,0,6,Credit Card,Fortnightly,26,0.49796505041928935,59.36199260386183,2.3996554557680767,0.6675930100838579,1.6210242587601078,Bronze,1,2,5,8,Organic Loyalist
1987,62,Male,Coat,Outerwear,48,Arkansas,L,Green,Summer,3.4,0,2-Day Shipping,0,0,14,Venmo,Quarterly,4,0.32165438499395005,5.007284257982979,3.3361111111111157,0.4877154923834054,0.8395594903908443,Silver,2,1,2,5,At-Risk / One-Timer
1988,69,Male,Belt,Accessories,23,Vermont,XL,White,Summer,3.4,0,Express,0,0,4,Cash,Quarterly,4,0.20988825991206111,2.668144753434364,2.3996554557680767,0.46536226736702757,0.384366576819407,Bronze,1,1,1,3,At-Risk / One-Timer
1989,46,Male,Pants,Clothing,79,Virginia,M,Gold,Winter,3.9,0,Free Shipping,0,0,26,Bank Transfer,Weekly,52,0.9352983752456666,213.1221243680733,0.4712640708417055,0.8550596750491333,1.3161110258574389,Gold,3,3,4,10,Organic Loyalist
1990,35,Male,Jewelry,Accessories,42,Maryland,S,Charcoal,Spring,4.0,0,Express,0,0,39,PayPal,Bi-Weekly,26,0.6752841350248735,66.03684793632112,2.3996554557680767,0.7150568270049746,0.7018867924528303,Platinum,4,2,2,8,Organic Loyalist
1991,32,Male,Backpack,Accessories,95,Connecticut,L,White,Spring,3.4,0,2-Day Shipping,0,0,15,PayPal,Annually,1,0.2936047565606729,1.3401143396140618,2.3996554557680767,0.47056710515828837,1.587601078167116,Silver,2,1,5,8,Organic Loyalist
1992,46,Male,Sneakers,Footwear,29,Missouri,M,Brown,Summer,3.7,0,Next Day Air,0,0,1,Venmo,Every 3 Months,4,0.116670419909399,1.5872765068530883,-2.7198160345219193,0.4827186993664952,0.4812844595905023,Bronze,1,1,1,3,At-Risk / One-Timer
1993,33,Male,Hoodie,Clothing,98,New Jersey,L,Gold,Winter,4.9,0,2-Day Shipping,0,0,28,Venmo,Monthly,12,0.48102971360752594,26.52467022602999,0.4712640708417055,0.7303597888753515,1.6326440573927723,Gold,3,2,5,10,Organic Loyalist
1994,32,Male,Blouse,Clothing,96,Arkansas,S,Purple,Spring,5.0,0,Express,0,0,17,Cash,Weekly,52,0.8940488239193305,212.68077844529356,0.4712640708417055,0.9788097647838662,1.5993247909153687,Silver,2,3,5,10,Organic Loyalist
1995,33,Male,Sunglasses,Accessories,66,Nevada,M,Brown,Fall,2.9,0,Next Day Air,0,0,24,Credit Card,Weekly,52,0.9274688275164299,202.78550935622332,2.3996554557680767,0.733493765503286,1.1029649595687332,Silver,3,3,3,9,Organic Loyalist
1996,67,Male,Boots,Footwear,80,Missouri,S,Teal,Spring,3.0,0,Standard,0,0,29,Debit Card,Quarterly,4,0.39217095874950286,6.893501352655331,-2.7198160345219193,0.45381880713451594,1.3276812678358685,Gold,3,1,4,8,Organic Loyalist
1997,67,Male,Sneakers,Footwear,27,South Dakota,L,Indigo,Summer,3.3,0,Next Day Air,0,0,18,Cash,Every 3 Months,4,0.34570313996383295,4.607814248676855,-2.7198160345219193,0.48052524337738195,0.44809242789460557,Silver,2,1,1,4,At-Risk / One-Timer
1998,42,Male,Backpack,Accessories,25,Connecticut,M,Purple,Fall,4.7,0,Express,0,0,10,Debit Card,Bi-Weekly,26,0.5439472648879285,46.07805021553797,2.3996554557680767,0.7727894529775857,0.41778975741239893,Bronze,1,2,1,4,At-Risk / One-Timer
1999,20,Male,Pants,Clothing,45,Vermont,M,Orange,Fall,3.4,0,2-Day Shipping,0,0,19,Cash,Quarterly,4,0.3509214074231668,5.374208909498208,0.4712640708417055,0.4935688968692487,0.7496834957415791,Silver,2,1,2,5,At-Risk / One-Timer
2000,39,Male,Socks,Clothing,89,Tennessee,L,Indigo,Winter,4.6,0,2-Day Shipping,0,0,26,Debit Card,Monthly,12,0.4737599137072051,25.58195329337416,0.4712640708417055,0.6929058288952871,1.4827073582444563,Gold,3,2,5,10,Organic Loyalist
2001,26,Male,Belt,Accessories,27,California,M,Lavender,Winter,3.6,0,2-Day Shipping,0,0,25,Cash,Bi-Weekly,26,0.6314589040678263,54.70790541125265,2.3996554557680767,0.6582917808135653,0.45121293800539086,Silver,3,2,1,6,Occasional Buyer
2002,51,Male,Sunglasses,Accessories,90,Wyoming,S,Purple,Winter,2.6,0,Free Shipping,0,0,2,Debit Card,Fortnightly,26,0.41176612508188887,48.29289763446836,2.3996554557680767,0.4943532250163778,1.5040431266846361,Bronze,1,2,5,8,Organic Loyalist
2003,31,Male,Shirt,Clothing,65,New York,M,Red,Summer,2.7,0,Express,0,0,19,PayPal,Every 3 Months,4,0.3509214074231668,5.8809581547562315,0.4712640708417055,0.40956889686924874,1.0828761605156143,Silver,2,1,3,6,Occasional Buyer
2004,68,Male,Sneakers,Footwear,72,Maine,S,Blue,Spring,3.1,0,Express,0,0,32,Cash,Quarterly,4,0.4018672361236636,6.8967803092599285,-2.7198160345219193,0.4677580626093481,1.1949131410522815,Gold,4,1,4,9,Organic Loyalist
2005,44,Male,Shoes,Footwear,70,Georgia,L,Blue,Fall,3.2,0,2-Day Shipping,0,0,13,Cash,Bi-Weekly,26,0.5684816241748422,63.00463467578445,-2.7198160345219193,0.5976963248349685,1.1617211093563848,Bronze,2,2,4,8,Organic Loyalist
2006,18,Male,Sandals,Footwear,82,Tennessee,M,Cyan,Winter,3.4,0,Store Pickup,0,0,30,PayPal,Fortnightly,26,0.6493529495208838,74.60406673551978,-2.7198160345219193,0.6378705899041768,1.3608732995317652,Gold,3,2,4,9,Organic Loyalist
2007,58,Male,Scarf,Accessories,97,New Mexico,S,Pink,Fall,4.4,0,Express,0,0,2,Credit Card,Annually,1,0.12330458662035042,0.5653475196252252,2.3996554557680767,0.5565070711702239,1.6210242587601078,Bronze,1,1,5,7,Occasional Buyer
2008,26,Male,Shirt,Clothing,25,Virginia,M,Silver,Summer,3.2,0,2-Day Shipping,0,0,8,PayPal,Quarterly,4,0.2696860963176239,3.5146533470599137,0.4712640708417055,0.4533218346481402,0.4164908309675439,Bronze,1,1,1,3,At-Risk / One-Timer
2009,57,Male,Skirt,Clothing,48,Florida,M,Gray,Spring,2.5,0,Free Shipping,0,0,27,PayPal,Every 3 Months,4,0.3851520440842412,5.995770172103395,0.4712640708417055,0.3924150242014636,0.7996623954576844,Gold,3,1,2,6,Occasional Buyer
2010,37,Male,Boots,Footwear,99,Alabama,M,Indigo,Summer,3.8,0,Next Day Air,0,0,26,Venmo,Bi-Weekly,26,0.6352983752456667,76.06708555908851,-2.7198160345219193,0.6830596750491333,1.6430055689468872,Gold,3,2,5,10,Organic Loyalist
2011,24,Male,Sweater,Clothing,21,Texas,M,Maroon,Summer,4.4,0,2-Day Shipping,0,0,3,Debit Card,Bi-Weekly,26,0.44103314751110567,35.44455673967177,0.4712640708417055,0.7162066295022211,0.34985229801273693,Bronze,1,2,1,4,At-Risk / One-Timer
2012,57,Male,Sandals,Footwear,94,West Virginia,M,Beige,Spring,3.7,0,Express,0,0,4,Bank Transfer,Monthly,12,0.3021959522197534,16.513957962585074,-2.7198160345219193,0.5505930365977969,1.5600254897071453,Bronze,1,2,5,8,Organic Loyalist
2013,48,Male,Jeans,Clothing,53,Nevada,L,Green,Fall,3.2,0,Store Pickup,0,0,5,Cash,Fortnightly,26,0.48228269883744174,50.01926778150946,0.4712640708417055,0.5804565397674883,0.8829605616511932,Bronze,1,2,3,6,Occasional Buyer
2014,39,Male,Backpack,Accessories,70,Virginia,M,Peach,Winter,4.9,0,Standard,0,0,25,Debit Card,Quarterly,4,0.3776127502216725,6.438569086736607,2.3996554557680767,0.6789071654289499,1.169811320754717,Silver,3,1,4,8,Organic Loyalist
2015,51,Male,Skirt,Clothing,26,Wisconsin,L,Black,Summer,3.9,0,Standard,0,0,47,PayPal,Bi-Weekly,26,0.6938324201041003,59.45572019421052,0.4712640708417055,0.70676648402082,0.4331504642062457,Platinum,5,2,1,8,Organic Loyalist
2016,57,Male,Belt,Accessories,82,Virginia,S,Pink,Summer,4.5,0,Next Day Air,0,0,8,Credit Card,Fortnightly,26,0.5235322501637778,60.14854472938554,2.3996554557680767,0.7447064500327556,1.3703504043126684,Bronze,1,2,4,7,Occasional Buyer
2017,53,Male,Shoes,Footwear,47,Maine,S,Violet,Winter,3.4,0,Standard,0,0,20,Debit Card,Fortnightly,26,0.6097311755011783,61.37019051753767,-2.7198160345219193,0.6299462351002356,0.7800127448535726,Silver,2,2,2,6,Occasional Buyer
2018,70,Male,Socks,Clothing,32,Massachusetts,S,Green,Winter,4.1,0,Next Day Air,0,0,42,Bank Transfer,Every 3 Months,4,0.4287954449459535,5.997146062303641,0.4712640708417055,0.593143704373806,0.5331082636384562,Platinum,5,1,1,7,Occasional Buyer
2019,60,Male,Backpack,Accessories,97,Arkansas,S,Gold,Fall,4.5,0,Store Pickup,0,0,20,Bank Transfer,Weekly,52,0.9097311755011782,216.89656840829394,2.3996554557680767,0.9219462351002357,1.6210242587601078,Silver,2,3,5,10,Organic Loyalist
2020,31,Male,Shirt,Clothing,68,Idaho,S,Red,Winter,4.7,0,Store Pickup,0,0,23,Cash,Fortnightly,26,0.6233158463485474,68.61882766551619,0.4712640708417055,0.7886631692697095,1.1328550602317196,Silver,3,2,3,8,Organic Loyalist
2021,41,Male,Sweater,Clothing,23,Pennsylvania,M,Beige,Winter,4.8,0,Next Day Air,0,0,26,Cash,Quarterly,4,0.3814522213995128,4.849102773253817,0.4712640708417055,0.667675059664518,0.38317156449014045,Gold,3,1,1,5,At-Risk / One-Timer
2022,62,Male,Handbag,Accessories,33,Maine,M,Green,Winter,4.4,0,Standard,0,0,48,Venmo,Quarterly,4,0.44208394699242487,6.235789516962363,2.3996554557680767,0.6318014047831003,0.5514824797843666,Platinum,5,1,1,7,Occasional Buyer
2023,59,Male,Jewelry,Accessories,38,Alabama,S,Black,Winter,4.0,0,Store Pickup,0,0,16,Cash,Bi-Weekly,26,0.5882338749181111,56.030807640709604,2.3996554557680767,0.6976467749836222,0.6350404312668464,Silver,2,2,2,6,Occasional Buyer
2024,46,Male,Socks,Clothing,68,Idaho,S,Teal,Winter,4.1,0,Store Pickup,0,0,28,Cash,Bi-Weekly,26,0.6425681751459875,70.73825434085325,0.4712640708417055,0.7205136350291975,1.1328550602317196,Gold,3,2,3,8,Organic Loyalist
2025,62,Male,Socks,Clothing,23,Arkansas,L,Silver,Fall,3.7,0,Express,0,0,39,PayPal,Weekly,52,0.9752841350248735,161.17428501165588,0.4712640708417055,0.8390568270049747,0.38317156449014045,Platinum,4,3,1,8,Organic Loyalist
2026,42,Male,Shirt,Clothing,29,Delaware,M,Turquoise,Summer,3.0,0,Express,0,0,43,Debit Card,Fortnightly,26,0.6849804123990342,60.573593213677924,0.4712640708417055,0.5969960824798068,0.48312936392235095,Platinum,5,2,1,8,Organic Loyalist
2027,37,Male,Scarf,Accessories,35,Maine,M,Orange,Winter,3.6,0,Express,0,0,45,Bank Transfer,Every 3 Months,4,0.43565651022150625,6.244733420161862,2.3996554557680767,0.5345159174289167,0.5849056603773585,Platinum,5,1,1,7,Occasional Buyer
2028,50,Male,Shoes,Footwear,73,Nebraska,S,Gold,Fall,4.8,0,Standard,0,0,50,Credit Card,Every 3 Months,4,0.4461538461538462,7.681100781718212,-2.7198160345219193,0.6806153846153846,1.2115091569002299,Platinum,5,1,4,10,Organic Loyalist
2029,29,Male,Shoes,Footwear,84,Ohio,XL,Purple,Fall,3.7,0,2-Day Shipping,0,0,10,Venmo,Bi-Weekly,26,0.5439472648879285,62.8307679952895,-2.7198160345219193,0.6527894529775857,1.3940653312276619,Bronze,1,2,4,7,Occasional Buyer
2030,25,Male,Scarf,Accessories,23,Montana,M,Pink,Spring,4.6,0,Next Day Air,0,0,40,PayPal,Quarterly,4,0.42395005723670726,5.389344413109393,2.3996554557680767,0.6521746268319568,0.384366576819407,Platinum,4,1,1,6,Occasional Buyer
2031,66,Male,Sunglasses,Accessories,67,New Mexico,S,Green,Summer,2.8,0,Standard,0,0,38,Credit Card,Monthly,12,0.5111699938557008,25.88262873274744,2.3996554557680767,0.4843878449249863,1.1196765498652292,Gold,4,2,3,9,Organic Loyalist
2032,21,Male,Socks,Clothing,51,North Carolina,L,Charcoal,Spring,4.0,0,Standard,0,0,2,Credit Card,Monthly,12,0.25022766354342735,11.86452580549529,0.4712640708417055,0.5761993788625317,0.8496412951737896,Bronze,1,2,2,5,At-Risk / One-Timer
2033,46,Male,Blouse,Clothing,36,South Carolina,M,Maroon,Winter,4.2,0,Next Day Air,0,0,13,Cash,Annually,1,0.2800200857133037,1.0111295434023395,0.4712640708417055,0.5638501709888146,0.5997467965932632,Bronze,2,1,2,5,At-Risk / One-Timer
2034,57,Male,Jeans,Clothing,55,Illinois,L,Olive,Summer,3.6,0,Express,0,0,33,Venmo,Annually,1,0.37028891021212557,1.4905430907828556,0.4712640708417055,0.509903935888579,0.9162798281285967,Gold,4,1,3,8,Organic Loyalist
2035,61,Male,Shorts,Clothing,30,Alabama,M,Peach,Spring,2.9,0,Store Pickup,0,0,27,PayPal,Monthly,12,0.4774597363919335,19.67508750512101,0.4712640708417055,0.48964579343223286,0.49978899716105274,Gold,3,2,1,6,Occasional Buyer
2036,53,Male,T-shirt,Clothing,70,Oklahoma,S,Yellow,Summer,4.1,0,Express,0,0,43,Bank Transfer,Weekly,52,0.9849804123990342,218.3301215270874,0.4712640708417055,0.8889960824798068,1.1661743267091231,Platinum,5,3,4,12,Champion
2037,37,Male,Blouse,Clothing,63,Minnesota,S,Lavender,Winter,3.1,0,Next Day Air,0,0,46,Cash,Weekly,52,0.9916905744410976,214.46490800645643,0.4712640708417055,0.7703381148882196,1.0495568940382107,Platinum,5,3,3,11,Champion
2038,39,Male,Belt,Accessories,87,Illinois,S,Green,Summer,4.3,0,Express,0,0,7,Venmo,Bi-Weekly,26,0.5115497212666585,59.54989038604516,2.3996554557680767,0.7183099442533317,1.4539083557951482,Bronze,1,2,5,8,Organic Loyalist
2039,53,Male,Blouse,Clothing,70,Arkansas,L,Orange,Spring,4.4,0,Next Day Air,0,0,35,Credit Card,Fortnightly,26,0.6645653976748835,73.65356823881383,0.4712640708417055,0.7609130795349768,1.1661743267091231,Gold,4,2,4,10,Organic Loyalist
2040,35,Male,T-shirt,Clothing,51,Minnesota,M,Olive,Spring,3.1,0,Next Day Air,0,0,31,Debit Card,Bi-Weekly,26,0.6525828687777642,67.0413629889117,0.4712640708417055,0.6025165737555528,0.8496412951737896,Gold,4,2,2,8,Organic Loyalist
2041,69,Male,Jewelry,Accessories,25,South Carolina,XL,Gray,Spring,2.9,0,Free Shipping,0,0,42,Venmo,Quarterly,4,0.4287954449459535,5.588227818791169,2.3996554557680767,0.4491437043738061,0.41778975741239893,Platinum,5,1,1,7,Occasional Buyer
2042,66,Male,Jacket,Outerwear,32,New York,S,Lavender,Winter,3.2,0,Next Day Air,0,0,14,PayPal,Bi-Weekly,26,0.5755005388401039,52.31829162774388,3.3361111111111157,0.5991001077680208,0.5597063269272295,Silver,2,2,1,5,At-Risk / One-Timer
2043,19,Male,Shoes,Footwear,52,Alabama,M,Red,Spring,4.0,0,2-Day Shipping,0,0,35,Venmo,Monthly,12,0.5030269361364219,23.965965322096025,-2.7198160345219193,0.6267592333811306,0.8629928240933145,Gold,4,2,3,9,Organic Loyalist
2044,47,Male,Gloves,Accessories,33,New York,M,Charcoal,Summer,2.7,0,Standard,0,0,49,PayPal,Weekly,52,0.9979854012719828,183.00132880581447,2.3996554557680767,0.7235970802543966,0.5514824797843666,Platinum,5,3,1,9,Organic Loyalist
2045,49,Male,Jeans,Clothing,68,Missouri,L,Orange,Spring,3.0,0,Free Shipping,0,0,17,PayPal,Fortnightly,26,0.5940488239193306,65.39691572453494,0.4712640708417055,0.5788097647838661,1.1328550602317196,Silver,2,2,3,7,Occasional Buyer
2046,31,Male,Jewelry,Accessories,20,Georgia,M,Red,Fall,4.4,0,Express,0,0,26,PayPal,Quarterly,4,0.3814522213995128,4.645359387881038,2.3996554557680767,0.619675059664518,0.33423180592991913,Gold,3,1,1,5,At-Risk / One-Timer
2047,39,Male,Pants,Clothing,32,Oklahoma,M,Maroon,Winter,2.8,0,Free Shipping,0,0,30,Cash,Every 3 Months,4,0.39550679567473,5.531570006752287,0.4712640708417055,0.4304859745195614,0.5331082636384562,Gold,3,1,1,5,At-Risk / One-Timer
2048,58,Male,Jewelry,Accessories,82,Connecticut,M,Silver,Summer,3.1,0,Store Pickup,0,0,32,Cash,Annually,1,0.367251851508279,1.6228273947332696,2.3996554557680767,0.44929652414780963,1.3703504043126684,Gold,4,1,4,9,Organic Loyalist
2049,45,Male,Sneakers,Footwear,64,Michigan,XL,Pink,Winter,3.9,0,Express,0,0,35,Bank Transfer,Quarterly,4,0.41071924382872965,6.8580047317592445,-2.7198160345219193,0.5655284641503613,1.0621450142686948,Gold,4,1,3,8,Organic Loyalist
2050,68,Male,Boots,Footwear,24,Rhode Island,L,Blue,Fall,2.7,0,Standard,0,0,15,Venmo,Annually,1,0.2936047565606729,0.9450772529594632,-2.7198160345219193,0.3865671051582884,0.39830438035076055,Silver,2,1,1,4,At-Risk / One-Timer
2051,35,Male,Hat,Accessories,96,Mississippi,M,Teal,Summer,3.4,0,Store Pickup,0,0,10,Debit Card,Annually,1,0.25548572642639006,1.1687733575337185,2.3996554557680767,0.46294329913143184,1.604312668463612,Bronze,1,1,5,7,Occasional Buyer
2052,65,Male,T-shirt,Clothing,94,Massachusetts,L,Black,Spring,3.8,0,Free Shipping,0,0,14,Credit Card,Monthly,12,0.41396207730164236,22.62158805387487,0.4712640708417055,0.5849462616141746,1.5660055244379651,Silver,2,2,5,9,Organic Loyalist
2053,45,Male,Backpack,Accessories,48,New Hampshire,M,Gray,Winter,3.7,0,2-Day Shipping,0,0,30,Bank Transfer,Annually,1,0.3608914110593454,1.4045245189745463,2.3996554557680767,0.520024436058023,0.802156334231806,Gold,3,1,2,6,Occasional Buyer
2054,19,Male,Sunglasses,Accessories,60,Wyoming,S,Purple,Spring,4.5,0,2-Day Shipping,0,0,16,Credit Card,Fortnightly,26,0.5882338749181111,62.87203682297864,2.3996554557680767,0.7576467749836222,1.0026954177897573,Silver,2,2,3,7,Occasional Buyer
2055,65,Male,Sweater,Clothing,56,New Jersey,XL,Gold,Spring,2.9,0,Express,0,0,14,PayPal,Annually,1,0.28703900037856545,1.160513394398521,0.4712640708417055,0.4092539539218669,0.9329394613672984,Silver,2,1,3,6,Occasional Buyer
2056,28,Male,Handbag,Accessories,33,Texas,M,Silver,Fall,3.4,0,2-Day Shipping,0,0,28,Bank Transfer,Weekly,52,0.9425681751459875,172.83943063890374,2.3996554557680767,0.7965136350291975,0.5514824797843666,Gold,3,3,1,7,Occasional Buyer
2057,55,Male,Backpack,Accessories,46,Minnesota,L,Blue,Spring,4.4,0,2-Day Shipping,0,0,29,PayPal,Monthly,12,0.4844786510571952,22.383771797371008,2.3996554557680767,0.6710495763652853,0.768733153638814,Gold,3,2,2,7,Occasional Buyer
2058,66,Male,Socks,Clothing,37,South Dakota,L,Yellow,Spring,4.2,0,Standard,0,0,5,PayPal,Every 3 Months,4,0.2284365449912879,3.3238304577440907,0.4712640708417055,0.5650719243828729,0.616406429831965,Bronze,1,1,2,4,At-Risk / One-Timer
2059,29,Male,Shirt,Clothing,98,Washington,M,Brown,Winter,3.3,0,Store Pickup,0,0,17,Bank Transfer,Quarterly,4,0.3402026700731767,6.253088169288173,0.4712640708417055,0.4794251493992507,1.6326440573927723,Silver,2,1,5,8,Organic Loyalist
2060,56,Male,Shorts,Clothing,50,California,XL,Beige,Spring,3.7,0,Express,0,0,50,PayPal,Weekly,52,1.0,204.45493290166493,0.4712640708417055,0.8440000000000001,0.8329816619350878,Platinum,5,3,2,10,Organic Loyalist
2061,21,Male,Belt,Accessories,63,Wisconsin,M,Blue,Fall,3.2,0,Next Day Air,0,0,23,Bank Transfer,Quarterly,4,0.3694696925023936,6.146325015849217,2.3996554557680767,0.4732785538850941,1.0528301886792453,Silver,3,1,3,7,Occasional Buyer
2062,32,Male,Sweater,Clothing,70,Michigan,S,Magenta,Summer,2.6,0,Store Pickup,0,0,22,Debit Card,Annually,1,0.3305245518505688,1.4089203560415184,0.4712640708417055,0.38195106421626757,1.1661743267091231,Silver,3,1,4,8,Organic Loyalist
2063,54,Male,Coat,Outerwear,63,South Carolina,L,Silver,Fall,2.8,0,Standard,0,0,15,Cash,Quarterly,4,0.3282201411760575,5.4601167710201155,3.3361111111111157,0.41702864361982683,1.101921831137983,Silver,2,1,3,6,Occasional Buyer
2064,61,Male,Shorts,Clothing,86,Indiana,M,Cyan,Fall,2.9,0,Standard,0,0,32,Cash,Monthly,12,0.4941749284313559,26.48327789900568,0.4712640708417055,0.4929888318401173,1.432728458528351,Gold,4,2,5,11,Champion
2065,31,Male,Shoes,Footwear,99,Arkansas,M,Green,Summer,4.0,0,2-Day Shipping,0,0,5,Bank Transfer,Monthly,12,0.3207442372989802,17.72498158724104,-2.7198160345219193,0.5903026936136422,1.6430055689468872,Bronze,1,2,5,8,Organic Loyalist
2066,27,Male,Sneakers,Footwear,40,Oregon,M,Blue,Spring,2.9,0,Free Shipping,0,0,6,Bank Transfer,Bi-Weekly,26,0.49796505041928935,48.079956637233956,-2.7198160345219193,0.5475930100838579,0.6638406339179342,Bronze,1,2,2,5,At-Risk / One-Timer
2067,64,Male,Sneakers,Footwear,92,Illinois,M,Olive,Fall,4.7,0,Store Pickup,0,0,44,Debit Card,Fortnightly,26,0.6872666639219928,80.9927178464028,-2.7198160345219193,0.8014533327843986,1.5268334580112486,Platinum,5,2,5,12,Champion
2068,60,Male,Pants,Clothing,21,Maryland,XL,Beige,Fall,3.1,0,2-Day Shipping,0,0,23,Cash,Fortnightly,26,0.6233158463485474,50.09408931577256,0.4712640708417055,0.5966631692697095,0.34985229801273693,Silver,3,2,1,6,Occasional Buyer
2069,70,Male,Jewelry,Accessories,81,Vermont,XL,Black,Summer,3.9,0,Store Pickup,0,0,44,Venmo,Monthly,12,0.5257282023835312,27.800839059277727,2.3996554557680767,0.6192994866305525,1.3536388140161726,Platinum,5,2,4,11,Champion
2070,36,Male,T-shirt,Clothing,82,Texas,M,Indigo,Fall,3.4,0,Free Shipping,0,0,3,Debit Card,Quarterly,4,0.18718699366495184,3.308597955432215,0.4712640708417055,0.4608220141176057,1.3660899255735441,Bronze,1,1,4,6,Occasional Buyer
2071,56,Male,Jewelry,Accessories,88,Nebraska,XL,Red,Spring,3.1,0,Express,0,0,14,Cash,Monthly,12,0.41396207730164236,22.297502830392233,2.3996554557680767,0.5009462616141747,1.4706199460916443,Silver,2,2,5,9,Organic Loyalist
2072,69,Male,Jacket,Outerwear,100,South Carolina,S,Yellow,Fall,4.8,0,Store Pickup,0,0,37,PayPal,Quarterly,4,0.41621971371938576,7.683616561200531,3.3361111111111157,0.6746285581284925,1.7490822716475922,Gold,4,1,5,10,Organic Loyalist
2073,39,Male,Backpack,Accessories,66,Massachusetts,M,Beige,Winter,3.9,0,Next Day Air,0,0,22,Bank Transfer,Weekly,52,0.9189860903121072,200.93080962543038,2.3996554557680767,0.8517972180624214,1.1029649595687332,Silver,3,3,3,9,Organic Loyalist
2074,38,Male,Belt,Accessories,25,Texas,S,Green,Winter,3.5,0,Next Day Air,0,0,2,PayPal,Every 3 Months,4,0.15791997123573503,2.0580740462704012,2.3996554557680767,0.4669686096317624,0.41778975741239893,Bronze,1,1,1,3,At-Risk / One-Timer
2075,36,Male,Scarf,Accessories,53,Florida,M,White,Summer,3.1,0,Free Shipping,0,0,44,Debit Card,Fortnightly,26,0.6872666639219928,71.27888971112728,2.3996554557680767,0.6094533327843985,0.8857142857142858,Platinum,5,2,3,10,Organic Loyalist
2076,46,Male,Sweater,Clothing,28,South Carolina,S,Turquoise,Fall,4.7,0,Express,0,0,49,Debit Card,Monthly,12,0.5364469397335212,21.676506518084295,0.4712640708417055,0.7174432341005506,0.4664697306836492,Platinum,5,2,1,8,Organic Loyalist
2077,59,Male,Gloves,Accessories,23,Florida,S,Indigo,Fall,4.6,0,Free Shipping,0,0,22,Debit Card,Bi-Weekly,26,0.6189860903121072,51.14644899646078,2.3996554557680767,0.7757972180624213,0.384366576819407,Silver,3,2,1,6,Occasional Buyer
2078,64,Male,Scarf,Accessories,34,Nebraska,L,Orange,Fall,3.3,0,Free Shipping,0,0,26,Bank Transfer,Annually,1,0.3468368367841282,1.2331256753135702,2.3996554557680767,0.46921352120297943,0.5681940700808625,Gold,3,1,1,5,At-Risk / One-Timer
2079,49,Male,Dress,Clothing,42,Hawaii,M,Blue,Spring,3.2,0,Next Day Air,0,0,40,Debit Card,Weekly,52,0.9777962110828611,191.2397355569784,0.4712640708417055,0.7795592422165722,0.6997045960254739,Platinum,4,3,2,9,Organic Loyalist
2080,32,Male,Jeans,Clothing,24,Montana,L,Violet,Summer,3.1,0,Next Day Air,0,0,16,PayPal,Quarterly,4,0.3343877210719573,4.3054102059651775,0.4712640708417055,0.45426215959900684,0.3998311977288422,Silver,2,1,1,4,At-Risk / One-Timer
2081,29,Male,Sunglasses,Accessories,47,South Dakota,S,Gray,Fall,3.5,0,Free Shipping,0,0,17,Debit Card,Bi-Weekly,26,0.5940488239193306,59.791742599814064,2.3996554557680767,0.6388097647838662,0.78544474393531,Silver,2,2,2,6,Occasional Buyer
2082,24,Male,Coat,Outerwear,78,Alabama,S,Cyan,Spring,4.3,0,Standard,0,0,48,Bank Transfer,Bi-Weekly,26,0.6959301008385788,79.06158739898343,3.3361111111111157,0.7551860201677157,1.364284171885122,Platinum,5,2,4,11,Champion
2083,41,Male,Jeans,Clothing,89,Arkansas,M,Yellow,Summer,2.9,0,Free Shipping,0,0,28,Venmo,Every 3 Months,4,0.38872202129983363,6.996700442061274,0.4712640708417055,0.44112901964458207,1.4827073582444563,Gold,3,1,5,9,Organic Loyalist
2084,41,Male,Scarf,Accessories,59,Mississippi,L,Orange,Fall,2.7,0,Store Pickup,0,0,26,Credit Card,Fortnightly,26,0.6352983752456667,67.62939164996641,2.3996554557680767,0.5510596750491334,0.9859838274932615,Gold,3,2,3,8,Organic Loyalist
2085,32,Male,Blouse,Clothing,94,Vermont,S,Brown,Summer,4.0,0,Standard,0,0,43,Bank Transfer,Quarterly,4,0.43113425855288035,7.853329348805178,0.4712640708417055,0.5816114670951914,1.5660055244379651,Platinum,5,1,5,11,Champion
2086,69,Male,Jeans,Clothing,49,New York,M,Teal,Fall,4.6,0,Free Shipping,0,0,38,Debit Card,Weekly,52,0.9727084553941623,197.8734084639749,0.4712640708417055,0.9465416910788325,0.8163220286963861,Gold,4,3,2,9,Organic Loyalist
2087,65,Male,Dress,Clothing,89,North Dakota,L,Beige,Summer,4.7,0,2-Day Shipping,0,0,36,Cash,Every 3 Months,4,0.413506648637333,7.44280486513652,0.4712640708417055,0.662085945112082,1.4827073582444563,Gold,4,1,5,10,Organic Loyalist
2088,54,Male,Hat,Accessories,91,Wisconsin,M,Blue,Summer,4.7,0,Standard,0,0,1,Credit Card,Weekly,52,0.6705165737555528,157.6605775643558,2.3996554557680767,0.8981033147511106,1.5207547169811322,Bronze,1,3,5,9,Organic Loyalist
2089,39,Male,Sandals,Footwear,89,California,L,Orange,Spring,4.0,0,Standard,0,0,49,Debit Card,Annually,1,0.40952386281044434,1.8427794381054423,-2.7198160345219193,0.5657509264082426,1.4770454104674036,Platinum,5,1,5,11,Champion
2090,37,Male,Jacket,Outerwear,57,Maryland,L,Gold,Spring,3.6,0,Free Shipping,0,0,41,Credit Card,Every 3 Months,4,0.42640159541057726,6.925517511082882,3.3361111111111157,0.5326649344667308,0.9969768948391275,Platinum,5,1,3,9,Organic Loyalist
2091,51,Male,Socks,Clothing,71,Massachusetts,S,Teal,Winter,3.4,0,Free Shipping,0,0,21,Debit Card,Monthly,12,0.45292537710501984,23.2441273764913,0.4712640708417055,0.5447389215748502,1.1828339599478248,Silver,3,2,4,9,Organic Loyalist
2092,26,Male,Jeans,Clothing,97,Washington,XL,Beige,Fall,3.0,0,Next Day Air,0,0,24,Bank Transfer,Quarterly,4,0.3736226736702761,6.8521912322886545,0.4712640708417055,0.4501091501186706,1.6159844241540704,Silver,3,1,5,9,Organic Loyalist
2093,42,Male,Sandals,Footwear,45,Minnesota,M,Silver,Fall,2.6,0,Next Day Air,0,0,27,Bank Transfer,Weekly,52,0.938998197930395,186.9445433348985,-2.7198160345219193,0.699799639586079,0.746820713157676,Gold,3,3,2,8,Organic Loyalist
2094,21,Male,Dress,Clothing,91,Washington,M,Maroon,Spring,4.2,0,Store Pickup,0,0,4,Debit Card,Annually,1,0.1752728752966765,0.7925468853830528,0.4712640708417055,0.5429007289054891,1.51602662472186,Bronze,1,1,5,7,Occasional Buyer
2095,53,Male,Socks,Clothing,25,South Carolina,M,Indigo,Spring,3.4,0,Standard,0,0,19,Venmo,Annually,1,0.3163060228077822,1.0305555578653791,0.4712640708417055,0.47510735840771023,0.4164908309675439,Silver,2,1,1,4,At-Risk / One-Timer
2096,36,Male,Hoodie,Clothing,63,New Mexico,M,Gray,Fall,4.0,0,Store Pickup,0,0,1,Bank Transfer,Fortnightly,26,0.3705165737555528,40.06431287810522,0.4712640708417055,0.6541033147511105,1.0495568940382107,Bronze,1,2,3,6,Occasional Buyer
2097,21,Male,Dress,Clothing,52,North Carolina,L,Blue,Summer,4.7,0,Free Shipping,0,0,27,Debit Card,Annually,1,0.3505366594688566,1.3917328644927751,0.4712640708417055,0.6379534857399252,0.8663009284124914,Gold,3,1,3,7,Occasional Buyer
2098,33,Male,Sneakers,Footwear,43,Iowa,S,Cyan,Winter,3.9,0,Next Day Air,0,0,5,Credit Card,Weekly,52,0.7822826988374417,153.9359161461809,-2.7198160345219193,0.8244565397674883,0.7136286814617793,Bronze,1,3,2,6,Occasional Buyer
2099,49,Male,T-shirt,Clothing,28,Louisiana,M,White,Summer,3.3,0,2-Day Shipping,0,0,20,Venmo,Quarterly,4,0.3558850216550244,4.7934805974944386,0.4712640708417055,0.4825616197156202,0.4664697306836492,Silver,2,1,1,4,At-Risk / One-Timer
2100,31,Male,T-shirt,Clothing,78,Oklahoma,L,Green,Summer,2.9,0,Express,0,0,50,PayPal,Annually,1,0.4115384615384616,1.798195846976813,0.4712640708417055,0.4341538461538461,1.299451392618737,Platinum,5,1,4,10,Organic Loyalist
2101,68,Male,Sweater,Clothing,31,Michigan,M,Silver,Spring,4.4,0,Free Shipping,0,0,36,Cash,Fortnightly,26,0.6673528024834868,60.13458275242691,0.4712640708417055,0.7614705604966974,0.5164486303997545,Gold,4,2,1,7,Occasional Buyer
2102,49,Male,Shirt,Clothing,23,Oregon,M,Blue,Winter,3.6,0,Next Day Air,0,0,12,Bank Transfer,Bi-Weekly,26,0.5609423303122735,46.350327957783804,0.4712640708417055,0.6441884660624547,0.38317156449014045,Bronze,2,2,1,5,At-Risk / One-Timer
2103,23,Male,Hat,Accessories,25,Idaho,M,Brown,Spring,4.5,0,Store Pickup,0,0,23,Cash,Monthly,12,0.4617773848100859,18.054183585436256,2.3996554557680767,0.6785093231158634,0.41778975741239893,Silver,3,2,1,6,Occasional Buyer
2104,30,Male,Pants,Clothing,86,Indiana,S,Red,Summer,3.7,0,Store Pickup,0,0,21,Venmo,Weekly,52,0.9144638386434814,212.36339702312583,0.4712640708417055,0.8268927677286964,1.432728458528351,Silver,3,3,5,11,Champion
2105,53,Male,Shoes,Footwear,88,New Mexico,M,Gold,Spring,2.8,0,Free Shipping,0,0,47,Venmo,Weekly,52,0.9938324201041002,231.9695220075051,-2.7198160345219193,0.7347664840208201,1.4604493946194552,Platinum,5,3,5,13,Champion
2106,65,Male,Gloves,Accessories,35,South Carolina,M,Silver,Spring,4.5,0,Free Shipping,0,0,38,Venmo,Bi-Weekly,26,0.6727084553941624,62.67725073907799,2.3996554557680767,0.7745416910788325,0.5849056603773585,Gold,4,2,1,7,Occasional Buyer
2107,60,Male,Jewelry,Accessories,34,Vermont,M,Gray,Fall,4.4,0,Standard,0,0,40,Credit Card,Every 3 Months,4,0.42395005723670726,6.029160056659412,2.3996554557680767,0.6281746268319568,0.5681940700808625,Platinum,4,1,1,6,Occasional Buyer
2108,46,Male,Pants,Clothing,75,Delaware,M,Black,Winter,3.3,0,Standard,0,0,35,PayPal,Quarterly,4,0.41071924382872965,7.114862090985082,0.4712640708417055,0.4935284641503613,1.2494724929026317,Gold,4,1,4,9,Organic Loyalist
2109,54,Male,Hoodie,Clothing,46,North Dakota,XL,Beige,Winter,4.2,0,Express,0,0,4,Credit Card,Quarterly,4,0.20988825991206111,3.232403122110078,0.4712640708417055,0.5613622673670275,0.7663431289802809,Bronze,1,1,2,4,At-Risk / One-Timer
2110,59,Male,Jewelry,Accessories,31,California,L,Peach,Fall,2.7,0,Free Shipping,0,0,28,Venmo,Every 3 Months,4,0.38872202129983363,5.388831461710854,2.3996554557680767,0.41712901964458216,0.5180592991913747,Gold,3,1,1,5,At-Risk / One-Timer
2111,52,Male,Socks,Clothing,93,Montana,L,Cyan,Spring,3.9,0,Store Pickup,0,0,36,Debit Card,Every 3 Months,4,0.413506648637333,7.514730396751803,0.4712640708417055,0.566085945112082,1.5493458911992635,Gold,4,1,5,10,Organic Loyalist
2112,41,Male,Sunglasses,Accessories,85,Missouri,XL,Pink,Spring,2.6,0,Free Shipping,0,0,15,Bank Transfer,Annually,1,0.2936047565606729,1.3078175535532026,2.3996554557680767,0.3745671051582884,1.4204851752021563,Silver,2,1,5,8,Organic Loyalist
2113,43,Male,Belt,Accessories,68,Tennessee,M,Lavender,Fall,4.5,0,2-Day Shipping,0,0,7,Cash,Fortnightly,26,0.5115497212666585,56.31485605824193,2.3996554557680767,0.7423099442533317,1.136388140161725,Bronze,1,2,3,6,Occasional Buyer
2114,63,Male,Dress,Clothing,40,Virginia,M,Brown,Spring,2.7,0,Store Pickup,0,0,29,PayPal,Every 3 Months,4,0.39217095874950286,5.825420471139205,0.4712640708417055,0.41781880713451597,0.6663853295480703,Gold,3,1,2,6,Occasional Buyer
2115,37,Male,Shirt,Clothing,51,Vermont,M,Magenta,Winter,2.9,0,Standard,0,0,12,Debit Card,Annually,1,0.27248079185073504,1.0766380172343102,0.4712640708417055,0.4063423122163008,0.8496412951737896,Bronze,2,1,2,5,At-Risk / One-Timer
2116,44,Male,Scarf,Accessories,85,Rhode Island,M,Violet,Winter,3.4,0,Store Pickup,0,0,16,Bank Transfer,Bi-Weekly,26,0.5882338749181111,68.1251472279615,2.3996554557680767,0.6256467749836222,1.4204851752021563,Silver,2,2,5,9,Organic Loyalist
2117,67,Male,Jacket,Outerwear,23,Kansas,M,Teal,Summer,2.9,0,Express,0,0,50,Debit Card,Bi-Weekly,26,0.7,57.840579712332605,3.3361111111111157,0.588,0.4022889224789462,Platinum,5,2,1,8,Organic Loyalist
2118,27,Male,Dress,Clothing,28,Colorado,L,Brown,Summer,3.8,0,Free Shipping,0,0,11,Debit Card,Annually,1,0.2643377341314561,0.8901033498489255,0.4712640708417055,0.512713700672445,0.4664697306836492,Bronze,2,1,1,4,At-Risk / One-Timer
2119,60,Male,Socks,Clothing,44,Georgia,M,Olive,Fall,4.2,0,2-Day Shipping,0,0,28,Debit Card,Quarterly,4,0.38872202129983363,5.918934149719104,0.4712640708417055,0.5971290196445821,0.7330238625028773,Gold,3,1,2,6,Occasional Buyer
2120,58,Male,Jewelry,Accessories,57,Nebraska,M,Indigo,Spring,3.5,0,Store Pickup,0,0,36,Venmo,Bi-Weekly,26,0.6673528024834868,70.45344858272861,2.3996554557680767,0.6534705604966974,0.9525606469002695,Gold,4,2,3,9,Organic Loyalist
2121,53,Male,Scarf,Accessories,98,Missouri,S,Red,Fall,3.1,0,Next Day Air,0,0,38,PayPal,Quarterly,4,0.4188623015480085,7.698889905265257,2.3996554557680767,0.4711570756942171,1.6377358490566039,Gold,4,1,5,10,Organic Loyalist
2122,43,Male,Backpack,Accessories,68,Alaska,M,Olive,Winter,3.5,0,2-Day Shipping,0,0,32,Bank Transfer,Monthly,12,0.4941749284313559,25.10867134656107,2.3996554557680767,0.5649888318401173,1.136388140161725,Gold,4,2,3,9,Organic Loyalist
2123,32,Male,Jacket,Outerwear,36,Virginia,L,Teal,Fall,4.0,0,Express,0,0,42,Debit Card,Weekly,52,0.9826415987921073,184.50838384096454,3.3361111111111157,0.8765283197584214,0.6296696177931332,Platinum,5,3,2,10,Organic Loyalist
2124,54,Male,Coat,Outerwear,71,Nebraska,L,Cyan,Spring,3.7,0,Express,0,0,22,Debit Card,Bi-Weekly,26,0.6189860903121072,68.82711785508002,3.3361111111111157,0.6677972180624214,1.2418484128697904,Silver,3,2,4,9,Organic Loyalist
2125,47,Male,Skirt,Clothing,60,Rhode Island,M,Teal,Fall,4.2,0,Next Day Air,0,0,22,Venmo,Quarterly,4,0.3651399364659534,6.0041768863351646,0.4712640708417055,0.592412602677806,0.9995779943221055,Silver,3,1,3,7,Occasional Buyer
2126,57,Male,Coat,Outerwear,87,New Hampshire,M,Beige,Fall,4.8,0,Store Pickup,0,0,31,PayPal,Quarterly,4,0.3987367149316104,7.141114292189605,3.3361111111111157,0.6711319583709374,1.5217015763334052,Gold,4,1,5,10,Organic Loyalist
2127,63,Male,Shoes,Footwear,38,Alabama,XL,Magenta,Winter,4.1,0,Express,0,0,28,Credit Card,Monthly,12,0.48102971360752594,21.147384113055118,-2.7198160345219193,0.6343597888753513,0.6306486022220374,Gold,3,2,2,7,Occasional Buyer
2128,70,Male,Boots,Footwear,45,North Carolina,M,Indigo,Spring,4.5,0,2-Day Shipping,0,0,40,Debit Card,Weekly,52,0.9777962110828611,194.66881465626562,-2.7198160345219193,0.9355592422165722,0.746820713157676,Platinum,4,3,2,9,Organic Loyalist
2129,62,Male,Coat,Outerwear,47,New Mexico,L,Cyan,Fall,2.7,0,2-Day Shipping,0,0,21,PayPal,Weekly,52,0.9144638386434814,184.0838135029585,3.3361111111111157,0.7068927677286962,0.8220686676743684,Silver,3,3,2,8,Organic Loyalist
2130,40,Male,Skirt,Clothing,57,Minnesota,L,Orange,Fall,2.8,0,Store Pickup,0,0,12,PayPal,Every 3 Months,4,0.30709617646611964,4.987786093189541,0.4712640708417055,0.4128038506778393,0.9495990946060002,Bronze,2,1,3,6,Occasional Buyer
2131,25,Male,Backpack,Accessories,68,Arizona,L,Violet,Summer,3.7,0,Free Shipping,0,0,33,Credit Card,Annually,1,0.37028891021212557,1.5678426833093915,2.3996554557680767,0.521903935888579,1.136388140161725,Gold,4,1,3,8,Organic Loyalist
2132,19,Male,Shorts,Clothing,52,Montana,M,Red,Fall,3.6,0,Express,0,0,9,Bank Transfer,Fortnightly,26,0.5342509875137679,55.14944176386186,0.4712640708417055,0.6388501975027536,0.8663009284124914,Bronze,1,2,3,6,Occasional Buyer
2133,25,Male,Skirt,Clothing,87,Vermont,M,Magenta,Fall,4.7,0,2-Day Shipping,0,0,15,Debit Card,Weekly,52,0.8820662950222113,205.3640105666938,0.4712640708417055,0.9404132590044423,1.449388091767053,Silver,2,3,5,10,Organic Loyalist
2134,21,Male,Hat,Accessories,34,Maine,M,Olive,Summer,3.8,0,Standard,0,0,13,Bank Transfer,Annually,1,0.2800200857133037,0.9955688689188938,2.3996554557680767,0.5158501709888146,0.5681940700808625,Bronze,2,1,1,4,At-Risk / One-Timer
2135,55,Male,Sandals,Footwear,41,Virginia,XL,Maroon,Winter,2.9,0,Standard,0,0,35,Credit Card,Fortnightly,26,0.6645653976748835,64.58207330254724,-2.7198160345219193,0.5809130795349766,0.6804366497658826,Gold,4,2,2,8,Organic Loyalist
2136,34,Male,Sunglasses,Accessories,94,California,S,Yellow,Winter,4.6,0,Next Day Air,0,0,1,Debit Card,Every 3 Months,4,0.116670419909399,2.125210916634975,2.3996554557680767,0.5907186993664951,1.57088948787062,Bronze,1,1,5,7,Occasional Buyer
2137,47,Male,Sunglasses,Accessories,93,New York,M,Red,Summer,2.8,0,Standard,0,0,25,Bank Transfer,Fortnightly,26,0.6314589040678263,74.59150254580155,2.3996554557680767,0.5622917808135652,1.554177897574124,Silver,3,2,5,10,Organic Loyalist
2138,27,Male,Socks,Clothing,51,Indiana,XL,Purple,Winter,4.6,0,2-Day Shipping,0,0,20,Credit Card,Every 3 Months,4,0.3558850216550244,5.624753825406522,0.4712640708417055,0.6385616197156203,0.8496412951737896,Silver,2,1,2,5,At-Risk / One-Timer
2139,67,Male,Sweater,Clothing,42,Mississippi,M,Teal,Fall,2.8,0,Next Day Air,0,0,36,Venmo,Quarterly,4,0.413506648637333,6.221125018779176,0.4712640708417055,0.434085945112082,0.6997045960254739,Gold,4,1,2,7,Occasional Buyer
2140,40,Male,Boots,Footwear,95,New York,M,Red,Winter,3.0,0,Free Shipping,0,0,33,Cash,Weekly,52,0.958750448673664,227.55568557657597,-2.7198160345219193,0.7517500897347329,1.5766215055550938,Gold,4,3,5,12,Champion
2141,53,Male,Handbag,Accessories,90,New Mexico,M,Brown,Fall,3.7,0,Standard,0,0,36,Cash,Fortnightly,26,0.6673528024834868,78.26870306536576,2.3996554557680767,0.6774705604966974,1.5040431266846361,Gold,4,2,5,11,Champion
2142,24,Male,Dress,Clothing,98,Kentucky,M,Peach,Winter,4.1,0,2-Day Shipping,0,0,32,PayPal,Annually,1,0.367251851508279,1.6875662728643737,0.4712640708417055,0.5692965241478096,1.6326440573927723,Gold,4,1,5,10,Organic Loyalist
2143,47,Male,Hat,Accessories,39,North Dakota,M,Maroon,Winter,4.3,0,Next Day Air,0,0,21,Venmo,Quarterly,4,0.36061768479732753,5.321100672955988,2.3996554557680767,0.6035081523440808,0.6517520215633423,Silver,3,1,2,6,Occasional Buyer
2144,53,Male,Sandals,Footwear,66,Arkansas,L,Red,Fall,3.8,0,Next Day Air,0,0,48,Venmo,Bi-Weekly,26,0.6959301008385788,76.08047612380754,-2.7198160345219193,0.6951860201677157,1.0953370459645915,Platinum,5,2,3,10,Organic Loyalist
2145,47,Male,Shoes,Footwear,23,Maryland,L,Orange,Winter,3.7,0,Free Shipping,0,0,25,PayPal,Quarterly,4,0.3776127502216725,4.800294588920834,-2.7198160345219193,0.5349071654289499,0.38170836450281215,Silver,3,1,1,5,At-Risk / One-Timer
2146,38,Male,Skirt,Clothing,73,Connecticut,S,White,Winter,4.8,0,Standard,0,0,32,PayPal,Annually,1,0.367251851508279,1.580675874491385,0.4712640708417055,0.6532965241478096,1.2161532264252284,Gold,4,1,4,9,Organic Loyalist
2147,48,Male,Sunglasses,Accessories,23,Utah,XL,White,Summer,4.6,0,Standard,0,0,45,PayPal,Every 3 Months,4,0.43565651022150625,5.538159364101908,2.3996554557680767,0.6545159174289166,0.384366576819407,Platinum,5,1,1,7,Occasional Buyer
2148,47,Male,Skirt,Clothing,43,Missouri,S,Charcoal,Fall,4.8,0,Standard,0,0,4,Cash,Fortnightly,26,0.46373441375821495,45.626332997309966,0.4712640708417055,0.7687468827516429,0.7163642292641755,Bronze,1,2,2,5,At-Risk / One-Timer
2149,19,Male,T-shirt,Clothing,45,Nebraska,XL,Turquoise,Winter,4.6,0,2-Day Shipping,0,0,19,PayPal,Bi-Weekly,26,0.6047675612693206,60.20139112856638,0.4712640708417055,0.772953512253864,0.7496834957415791,Silver,2,2,2,6,Occasional Buyer
2150,38,Male,Sandals,Footwear,21,Hawaii,L,Orange,Winter,4.0,0,Standard,0,0,1,Bank Transfer,Weekly,52,0.6705165737555528,107.77495014825637,-2.7198160345219193,0.8141033147511105,0.34851633280691546,Bronze,1,3,1,5,At-Risk / One-Timer
2151,57,Male,Shirt,Clothing,40,Illinois,M,Orange,Spring,2.6,0,2-Day Shipping,0,0,12,Cash,Weekly,52,0.8609423303122734,166.25291222233054,0.4712640708417055,0.6841884660624546,0.6663853295480703,Bronze,2,3,2,7,Occasional Buyer
2152,70,Male,Jeans,Clothing,58,Vermont,L,Brown,Fall,2.6,0,2-Day Shipping,0,0,18,Venmo,Monthly,12,0.43801083227152526,21.432066833081425,0.4712640708417055,0.44575601260815123,0.9662587278447019,Silver,2,2,3,7,Occasional Buyer
2153,38,Male,Shorts,Clothing,48,New Jersey,L,Magenta,Summer,4.5,0,Next Day Air,0,0,43,Bank Transfer,Bi-Weekly,26,0.6849804123990342,69.31133749235148,0.4712640708417055,0.7769960824798069,0.7996623954576844,Platinum,5,2,2,9,Organic Loyalist
2154,35,Male,Shirt,Clothing,94,Kentucky,M,Violet,Fall,4.2,0,Free Shipping,0,0,31,PayPal,Annually,1,0.3641213303162258,1.658163711865908,0.4712640708417055,0.580670419909399,1.5660055244379651,Gold,4,1,5,10,Organic Loyalist
2155,46,Male,Scarf,Accessories,74,Wyoming,M,Violet,Spring,3.4,0,Store Pickup,0,0,33,Cash,Every 3 Months,4,0.40490429482751017,6.9926779201503075,2.3996554557680767,0.5043654743501174,1.236657681940701,Gold,4,1,4,9,Organic Loyalist
2156,32,Male,Handbag,Accessories,51,Hawaii,L,Yellow,Fall,3.7,0,Store Pickup,0,0,46,PayPal,Monthly,12,0.5301521129026361,25.13712247199055,2.3996554557680767,0.5961842687343734,0.8522911051212938,Platinum,5,2,2,9,Organic Loyalist
2157,38,Male,Skirt,Clothing,83,Missouri,M,Maroon,Winter,3.6,0,Next Day Air,0,0,41,Debit Card,Bi-Weekly,26,0.6802477492567311,78.36538202433404,0.4712640708417055,0.6680495498513462,1.3827495588122458,Platinum,5,2,4,11,Champion
2158,41,Male,Handbag,Accessories,68,Mississippi,L,Turquoise,Winter,4.0,0,Next Day Air,0,0,41,Venmo,Fortnightly,26,0.6802477492567311,74.88627691650485,2.3996554557680767,0.7160495498513462,1.136388140161725,Platinum,5,2,3,10,Organic Loyalist
2159,19,Male,Gloves,Accessories,84,Massachusetts,XL,Olive,Spring,4.6,0,Standard,0,0,9,Bank Transfer,Fortnightly,26,0.5342509875137679,61.71076134494007,2.3996554557680767,0.7588501975027535,1.4037735849056605,Bronze,1,2,4,7,Occasional Buyer
2160,18,Male,Shirt,Clothing,58,Louisiana,M,Peach,Fall,3.0,0,Free Shipping,0,0,34,Cash,Annually,1,0.37323792571596587,1.5218916175925523,0.4712640708417055,0.438493738989347,0.9662587278447019,Gold,4,1,3,8,Organic Loyalist
2161,45,Male,Blouse,Clothing,92,West Virginia,L,Charcoal,Winter,3.3,0,Express,0,0,21,PayPal,Annually,1,0.32600230018194293,1.4776378605714702,0.4712640708417055,0.46504661388254237,1.5326862579605618,Silver,3,1,5,9,Organic Loyalist
2162,23,Male,Dress,Clothing,69,Washington,S,Peach,Summer,3.8,0,Express,0,0,5,Debit Card,Fortnightly,26,0.48228269883744174,53.27336953467348,0.4712640708417055,0.6524565397674883,1.1495146934704212,Bronze,1,2,4,7,Occasional Buyer
2163,60,Male,Shorts,Clothing,48,Oregon,S,Black,Summer,2.7,0,Free Shipping,0,0,32,PayPal,Weekly,52,0.9557133899698174,193.41216805355393,0.4712640708417055,0.7151426779939635,0.7996623954576844,Gold,4,3,2,9,Organic Loyalist
2164,52,Male,Shoes,Footwear,60,New York,L,Gray,Spring,4.5,0,Express,0,0,44,Bank Transfer,Monthly,12,0.5257282023835312,25.93442792204731,-2.7198160345219193,0.6912994866305525,0.9957609508769013,Platinum,5,2,3,10,Organic Loyalist
2165,42,Male,Sandals,Footwear,20,Iowa,S,Olive,Winter,4.8,0,Next Day Air,0,0,46,PayPal,Bi-Weekly,26,0.6916905744410977,54.752554320040865,-2.7198160345219193,0.8143381148882195,0.3319203169589671,Platinum,5,2,1,8,Organic Loyalist
2166,29,Male,Pants,Clothing,55,Idaho,M,Turquoise,Summer,4.2,0,Express,0,0,42,Credit Card,Every 3 Months,4,0.4287954449459535,6.904209877170899,0.4712640708417055,0.605143704373806,0.9162798281285967,Platinum,5,1,3,9,Organic Loyalist
2167,31,Male,Jacket,Outerwear,88,New Jersey,S,Purple,Spring,3.5,0,Express,0,0,50,Credit Card,Bi-Weekly,26,0.7,81.69318192912493,3.3361111111111157,0.66,1.5391923990498813,Platinum,5,2,5,12,Champion
2168,30,Male,Skirt,Clothing,48,Ohio,L,Green,Winter,4.9,0,Standard,0,0,33,Venmo,Fortnightly,26,0.658750448673664,66.65719755597884,0.4712640708417055,0.8197500897347328,0.7996623954576844,Gold,4,2,2,8,Organic Loyalist
2169,23,Male,Handbag,Accessories,74,Connecticut,M,Beige,Spring,4.1,0,Next Day Air,0,0,32,Cash,Quarterly,4,0.4018672361236636,6.940228060734429,2.3996554557680767,0.587758062609348,1.236657681940701,Gold,4,1,4,9,Organic Loyalist
2170,31,Male,Coat,Outerwear,42,Florida,M,Brown,Fall,2.9,0,Next Day Air,0,0,32,Bank Transfer,Bi-Weekly,26,0.6557133899698174,64.12300123362368,3.3361111111111157,0.5791426779939635,0.7346145540919887,Gold,4,2,2,8,Organic Loyalist
2171,40,Male,Sweater,Clothing,32,South Carolina,M,Turquoise,Fall,4.0,0,Next Day Air,0,0,37,Venmo,Every 3 Months,4,0.41621971371938576,5.821261505004984,0.4712640708417055,0.5786285581284926,0.5331082636384562,Gold,4,1,1,6,Occasional Buyer
2172,39,Male,Shorts,Clothing,98,Missouri,M,Yellow,Summer,4.6,0,Store Pickup,0,0,9,Cash,Fortnightly,26,0.5342509875137679,63.828630259641564,0.4712640708417055,0.7588501975027535,1.6326440573927723,Bronze,1,2,5,8,Organic Loyalist
2173,28,Male,Skirt,Clothing,89,Rhode Island,S,Lavender,Fall,2.8,0,Store Pickup,0,0,6,PayPal,Fortnightly,26,0.49796505041928935,58.25944668344362,0.4712640708417055,0.5355930100838578,1.4827073582444563,Bronze,1,2,5,8,Organic Loyalist
2174,23,Male,Gloves,Accessories,97,Delaware,S,Cyan,Summer,5.0,0,2-Day Shipping,0,0,36,Venmo,Quarterly,4,0.413506648637333,7.583658144864923,2.3996554557680767,0.698085945112082,1.6210242587601078,Gold,4,1,5,10,Organic Loyalist
2175,42,Male,Backpack,Accessories,49,Colorado,S,Olive,Spring,2.9,0,Store Pickup,0,0,1,Cash,Annually,1,0.08205503529401438,0.32100118578140274,2.3996554557680767,0.3682571609049567,0.8188679245283019,Bronze,1,1,2,4,At-Risk / One-Timer
2176,68,Male,Dress,Clothing,50,Nebraska,M,Silver,Spring,3.3,0,Free Shipping,0,0,48,Credit Card,Fortnightly,26,0.6959301008385788,71.14317103560026,0.4712640708417055,0.6351860201677157,0.8329816619350878,Platinum,5,2,2,9,Organic Loyalist
2177,24,Male,Belt,Accessories,91,Vermont,S,Red,Winter,3.4,0,2-Day Shipping,0,0,44,Debit Card,Quarterly,4,0.4334205100758389,7.839343646078788,2.3996554557680767,0.5100687173997831,1.5207547169811322,Platinum,5,1,5,11,Champion
2178,24,Male,Gloves,Accessories,93,Montana,XL,Green,Winter,3.0,0,Express,0,0,9,PayPal,Bi-Weekly,26,0.5342509875137679,63.108752823841364,2.3996554557680767,0.5668501975027536,1.554177897574124,Bronze,1,2,5,8,Organic Loyalist
2179,21,Male,Jewelry,Accessories,98,Florida,M,Gold,Summer,4.7,0,Standard,0,0,32,Venmo,Annually,1,0.367251851508279,1.6875662728643737,2.3996554557680767,0.6412965241478097,1.6377358490566039,Gold,4,1,5,10,Organic Loyalist
2180,49,Male,Socks,Clothing,82,Delaware,L,Lavender,Fall,2.9,0,Next Day Air,0,0,14,PayPal,Monthly,12,0.41396207730164236,21.95078924721998,0.4712640708417055,0.47694626161417464,1.3660899255735441,Silver,2,2,4,8,Organic Loyalist
2181,41,Male,Coat,Outerwear,37,Connecticut,M,Yellow,Summer,4.1,0,Store Pickup,0,0,43,Cash,Quarterly,4,0.43113425855288035,6.273152047583419,3.3361111111111157,0.5936114670951914,0.6471604405096091,Platinum,5,1,2,8,Organic Loyalist
2182,22,Male,Handbag,Accessories,63,Hawaii,M,Black,Fall,3.2,0,Free Shipping,0,0,32,Bank Transfer,Bi-Weekly,26,0.6557133899698174,70.90291845202532,2.3996554557680767,0.6151426779939635,1.0528301886792453,Gold,4,2,3,9,Organic Loyalist
2183,42,Male,Blouse,Clothing,99,New Mexico,M,Maroon,Winter,2.7,0,Store Pickup,0,0,26,Venmo,Bi-Weekly,26,0.6352983752456667,76.06708555908851,0.4712640708417055,0.5510596750491334,1.649303690631474,Gold,3,2,5,10,Organic Loyalist
2184,30,Male,Shorts,Clothing,37,Kansas,M,Maroon,Spring,4.7,0,Store Pickup,0,0,2,Cash,Monthly,12,0.25022766354342735,10.922696228234903,0.4712640708417055,0.6601993788625318,0.616406429831965,Bronze,1,2,2,5,At-Risk / One-Timer
2185,38,Male,Shoes,Footwear,34,Nevada,S,Gold,Spring,3.2,0,Free Shipping,0,0,16,PayPal,Every 3 Months,4,0.3343877210719573,4.755458943596184,-2.7198160345219193,0.46626215959900685,0.5642645388302441,Silver,2,1,1,4,At-Risk / One-Timer
2186,40,Male,Shorts,Clothing,32,North Carolina,M,Violet,Winter,2.5,0,Express,0,0,50,Debit Card,Every 3 Months,4,0.4461538461538462,6.239921186617104,0.4712640708417055,0.4046153846153846,0.5331082636384562,Platinum,5,1,1,7,Occasional Buyer
2187,55,Male,Sandals,Footwear,23,New Mexico,XL,Teal,Winter,4.3,0,Next Day Air,0,0,6,PayPal,Every 3 Months,4,0.2441188965731355,3.1032919772582694,-2.7198160345219193,0.5802083946992425,0.38170836450281215,Bronze,1,1,1,3,At-Risk / One-Timer
2188,37,Male,Blouse,Clothing,78,Idaho,M,Violet,Spring,4.4,0,Free Shipping,0,0,20,PayPal,Annually,1,0.3212696370396398,1.4037709256257136,0.4712640708417055,0.5961000812540818,1.299451392618737,Silver,2,1,4,7,Occasional Buyer
2189,41,Male,Coat,Outerwear,54,California,M,Brown,Winter,4.7,0,Next Day Air,0,0,9,Credit Card,Weekly,52,0.8342509875137678,173.84232668799785,3.3361111111111157,0.9308501975027536,0.9445044266896998,Bronze,1,3,3,7,Occasional Buyer
2190,38,Male,Blouse,Clothing,94,Wisconsin,XL,Brown,Fall,4.0,0,Express,0,0,47,Credit Card,Bi-Weekly,26,0.6938324201041003,82.15031303843887,0.4712640708417055,0.71876648402082,1.5660055244379651,Platinum,5,2,5,12,Champion
2191,42,Male,Belt,Accessories,75,Alaska,S,Maroon,Spring,4.6,0,Express,0,0,33,Credit Card,Annually,1,0.37028891021212557,1.6036225289939439,2.3996554557680767,0.6299039358885788,1.2533692722371967,Gold,4,1,4,9,Organic Loyalist
2192,26,Male,Blouse,Clothing,69,Pennsylvania,S,Maroon,Summer,3.8,0,Next Day Air,0,0,46,Cash,Bi-Weekly,26,0.6916905744410977,76.40474697656819,0.4712640708417055,0.6943381148882195,1.1495146934704212,Platinum,5,2,4,11,Champion
2193,41,Male,Scarf,Accessories,35,Virginia,L,Yellow,Winter,3.2,0,Next Day Air,0,0,9,Credit Card,Monthly,12,0.37271252597530635,16.027468745187903,2.3996554557680767,0.5046963513489074,0.5849056603773585,Bronze,1,2,1,4,At-Risk / One-Timer
2194,27,Male,Shirt,Clothing,78,California,L,Turquoise,Spring,5.0,0,Express,0,0,8,PayPal,Monthly,12,0.3619937886253162,18.980555787783466,0.4712640708417055,0.7185526038789093,1.299451392618737,Bronze,1,2,4,7,Occasional Buyer
2195,61,Male,Socks,Clothing,29,Kentucky,M,Silver,Summer,3.5,0,Standard,0,0,48,Bank Transfer,Quarterly,4,0.44208394699242487,6.014459051942026,0.4712640708417055,0.5238014047831003,0.48312936392235095,Platinum,5,1,1,7,Occasional Buyer
2196,58,Male,Jeans,Clothing,62,New York,M,Brown,Fall,3.7,0,Next Day Air,0,0,2,Cash,Monthly,12,0.25022766354342735,12.440723067967083,0.4712640708417055,0.5401993788625317,1.032897260799509,Bronze,1,2,3,6,Occasional Buyer
2197,25,Male,Dress,Clothing,58,Vermont,M,Gray,Spring,4.8,0,Next Day Air,0,0,31,PayPal,Weekly,52,0.9525828687777642,201.97800042495206,0.4712640708417055,0.9665165737555529,0.9662587278447019,Gold,4,3,3,10,Organic Loyalist
2198,33,Male,Boots,Footwear,88,Pennsylvania,M,Indigo,Summer,3.7,0,2-Day Shipping,0,0,40,Venmo,Monthly,12,0.5162577495443996,27.807519729132697,-2.7198160345219193,0.5934053960627261,1.4604493946194552,Platinum,4,2,5,11,Champion
2199,57,Male,Scarf,Accessories,80,New York,L,Turquoise,Summer,3.5,0,Free Shipping,0,0,35,Venmo,Monthly,12,0.5030269361364219,26.526315531385993,2.3996554557680767,0.5667592333811305,1.3369272237196765,Gold,4,2,4,10,Organic Loyalist
2200,39,Male,Scarf,Accessories,47,North Carolina,M,Maroon,Summer,4.9,0,Store Pickup,0,0,40,Debit Card,Monthly,12,0.5162577495443996,23.982450263103754,2.3996554557680767,0.7374053960627263,0.78544474393531,Platinum,4,2,2,8,Organic Loyalist
2201,60,Male,Gloves,Accessories,51,Wyoming,L,Charcoal,Summer,4.7,0,Next Day Air,0,0,27,Debit Card,Every 3 Months,4,0.3851520440842412,6.087318379546621,2.3996554557680767,0.6564150242014637,0.8522911051212938,Gold,3,1,2,6,Occasional Buyer
2202,39,Male,Pants,Clothing,25,Ohio,L,Peach,Spring,4.9,0,2-Day Shipping,0,0,10,Venmo,Annually,1,0.25548572642639006,0.8323971607837249,0.4712640708417055,0.6429432991314319,0.4164908309675439,Bronze,1,1,1,3,At-Risk / One-Timer
2203,42,Male,Dress,Clothing,36,Alabama,M,Red,Summer,4.3,0,Next Day Air,0,0,23,Credit Card,Weekly,52,0.9233158463485474,173.36892188762806,0.4712640708417055,0.9006631692697095,0.5997467965932632,Silver,3,3,2,8,Organic Loyalist
2204,53,Male,Dress,Clothing,79,Rhode Island,M,Indigo,Winter,3.1,0,Free Shipping,0,0,32,Cash,Quarterly,4,0.4018672361236636,7.043971729186686,0.4712640708417055,0.4677580626093481,1.3161110258574389,Gold,4,1,4,9,Organic Loyalist
2205,20,Male,Jeans,Clothing,41,Oregon,S,Lavender,Winter,3.4,0,2-Day Shipping,0,0,6,Debit Card,Monthly,12,0.3364265888808278,15.089417280510954,0.4712640708417055,0.5214391639300117,0.6830449627867721,Bronze,1,2,2,5,At-Risk / One-Timer
2206,46,Male,Sweater,Clothing,68,North Dakota,XL,Red,Fall,2.7,0,Express,0,0,27,PayPal,Weekly,52,0.938998197930395,206.7425556384339,0.4712640708417055,0.7117996395860791,1.1328550602317196,Gold,3,3,3,9,Organic Loyalist
2207,46,Male,Sandals,Footwear,51,Illinois,L,Green,Spring,2.6,0,Store Pickup,0,0,25,Bank Transfer,Fortnightly,26,0.6314589040678263,64.87124873424808,-2.7198160345219193,0.5382917808135653,0.8463968082453661,Silver,3,2,2,7,Occasional Buyer
2208,69,Male,Handbag,Accessories,38,New Mexico,M,Gray,Fall,2.9,0,Next Day Air,0,0,11,Credit Card,Annually,1,0.2643377341314561,0.9684175843888182,2.3996554557680767,0.40471370067244505,0.6350404312668464,Bronze,2,1,2,5,At-Risk / One-Timer
2209,28,Male,Scarf,Accessories,46,Colorado,XL,Violet,Summer,2.7,0,2-Day Shipping,0,0,23,PayPal,Monthly,12,0.4617773848100859,21.33493308780594,2.3996554557680767,0.46250932311586335,0.768733153638814,Silver,3,2,2,7,Occasional Buyer
2210,42,Male,Sandals,Footwear,20,Utah,XL,Beige,Summer,4.5,0,2-Day Shipping,0,0,44,Bank Transfer,Quarterly,4,0.4334205100758389,5.2782338715816906,-2.7198160345219193,0.6420687173997832,0.3319203169589671,Platinum,5,1,1,7,Occasional Buyer
2211,30,Male,Sunglasses,Accessories,25,Virginia,M,Orange,Summer,3.1,0,Store Pickup,0,0,35,PayPal,Fortnightly,26,0.6645653976748835,56.2956737577886,2.3996554557680767,0.6049130795349766,0.41778975741239893,Gold,4,2,1,7,Occasional Buyer
2212,50,Male,Sweater,Clothing,89,Maine,L,Purple,Winter,3.2,0,Free Shipping,0,0,45,Debit Card,Every 3 Months,4,0.43565651022150625,7.841485510548279,0.4712640708417055,0.48651591742891664,1.4827073582444563,Platinum,5,1,5,11,Champion
2213,59,Male,Pants,Clothing,77,Nebraska,M,Brown,Winter,3.3,0,Next Day Air,0,0,22,Bank Transfer,Quarterly,4,0.3651399364659534,6.363233536712383,0.4712640708417055,0.48441260267780606,1.2827917593800353,Silver,3,1,4,8,Organic Loyalist
2214,54,Male,Hat,Accessories,94,Hawaii,M,Maroon,Fall,2.9,0,Express,0,0,18,Debit Card,Quarterly,4,0.34570313996383295,6.297158161740185,2.3996554557680767,0.43252524337738196,1.57088948787062,Silver,2,1,5,8,Organic Loyalist
2215,50,Male,Belt,Accessories,100,Idaho,L,Gold,Fall,4.1,0,Standard,0,0,20,Debit Card,Weekly,52,0.9097311755011782,218.32298866901144,2.3996554557680767,0.8739462351002356,1.6711590296495957,Silver,2,3,5,10,Organic Loyalist
2216,25,Male,Sandals,Footwear,96,West Virginia,M,Indigo,Winter,2.7,0,Express,0,0,28,Credit Card,Fortnightly,26,0.6425681751459875,76.42865581720807,-2.7198160345219193,0.5525136350291976,1.5932175214030422,Gold,3,2,5,10,Organic Loyalist
2217,41,Male,Pants,Clothing,36,Vermont,XL,Silver,Winter,4.0,0,Store Pickup,0,0,15,Venmo,Bi-Weekly,26,0.5820662950222113,54.64663388709618,0.4712640708417055,0.6964132590044423,0.5997467965932632,Silver,2,2,2,6,Occasional Buyer
2218,35,Male,Jewelry,Accessories,27,Indiana,XL,Red,Fall,2.6,0,Store Pickup,0,0,42,Bank Transfer,Fortnightly,26,0.6826415987921073,59.142236772535064,2.3996554557680767,0.5485283197584215,0.45121293800539086,Platinum,5,2,1,8,Organic Loyalist
2219,67,Male,Sunglasses,Accessories,67,Idaho,M,Magenta,Winter,3.5,0,Store Pickup,0,0,20,Debit Card,Quarterly,4,0.3558850216550244,6.0066383641205645,2.3996554557680767,0.5065616197156202,1.1196765498652292,Silver,2,1,3,6,Occasional Buyer
2220,33,Male,Blouse,Clothing,91,Minnesota,S,Purple,Fall,2.8,0,Store Pickup,0,0,16,Bank Transfer,Fortnightly,26,0.5882338749181111,69.15659962218822,0.4712640708417055,0.5536467749836221,1.51602662472186,Silver,2,2,5,9,Organic Loyalist
2221,19,Male,Belt,Accessories,62,Wyoming,XL,Beige,Fall,4.5,0,Store Pickup,0,0,47,Cash,Annually,1,0.40537088164256185,1.6795061768012498,2.3996554557680767,0.6249203301746662,1.0361185983827494,Platinum,5,1,3,9,Organic Loyalist
2222,25,Male,Shorts,Clothing,88,Kansas,XL,White,Fall,3.0,0,Free Shipping,0,0,34,Credit Card,Annually,1,0.37323792571596587,1.6753293279320671,0.4712640708417055,0.438493738989347,1.4660477250057546,Gold,4,1,5,10,Organic Loyalist
2223,32,Male,Pants,Clothing,66,Georgia,M,Teal,Summer,4.4,0,Store Pickup,0,0,30,Credit Card,Weekly,52,0.9493529495208839,207.57034168247023,0.4712640708417055,0.9178705899041768,1.099535793754316,Gold,3,3,3,9,Organic Loyalist
2224,30,Male,Sandals,Footwear,65,Kansas,M,Gray,Fall,4.7,0,Next Day Air,0,0,5,PayPal,Quarterly,4,0.2284365449912879,3.828281015899529,-2.7198160345219193,0.625071924382873,1.0787410301166431,Bronze,1,1,3,5,At-Risk / One-Timer
2225,18,Male,Gloves,Accessories,25,Nebraska,L,Charcoal,Winter,4.3,0,Standard,0,0,38,Cash,Quarterly,4,0.4188623015480085,5.458775258325106,2.3996554557680767,0.6151570756942171,0.41778975741239893,Gold,4,1,1,6,Occasional Buyer
2226,38,Male,Belt,Accessories,64,Washington,S,Olive,Spring,4.8,0,Free Shipping,0,0,18,Credit Card,Annually,1,0.31108775534844835,1.2986007657469711,2.3996554557680767,0.6420637049158434,1.0695417789757413,Silver,2,1,3,6,Occasional Buyer
2227,22,Male,Shirt,Clothing,72,Missouri,L,Blue,Spring,4.8,0,Store Pickup,0,0,28,Cash,Annually,1,0.354106636684449,1.5192801625360974,0.4712640708417055,0.6506674811830436,1.1994935931865265,Gold,3,1,4,8,Organic Loyalist
2228,40,Male,Scarf,Accessories,74,Washington,S,Gray,Summer,4.4,0,Next Day Air,0,0,42,Credit Card,Fortnightly,26,0.6826415987921073,76.629721703349,2.3996554557680767,0.7645283197584215,1.236657681940701,Platinum,5,2,4,11,Champion
2229,54,Male,Gloves,Accessories,50,Kansas,M,Green,Fall,3.7,0,Free Shipping,0,0,5,Credit Card,Weekly,52,0.7822826988374417,159.9415567009425,2.3996554557680767,0.8004565397674883,0.8355795148247979,Bronze,1,3,2,6,Occasional Buyer
2230,70,Male,Pants,Clothing,97,Minnesota,M,Silver,Fall,3.9,0,Express,0,0,50,Venmo,Monthly,12,0.5384615384615385,29.625943708332933,0.4712640708417055,0.6218461538461539,1.6159844241540704,Platinum,5,2,5,12,Champion
2231,52,Male,Sneakers,Footwear,36,Colorado,S,Teal,Spring,3.8,0,Express,0,0,33,Venmo,Fortnightly,26,0.658750448673664,61.84603867203198,-2.7198160345219193,0.6877500897347327,0.5974565705261408,Gold,4,2,2,8,Organic Loyalist
2232,34,Male,Jacket,Outerwear,49,Utah,M,Beige,Fall,4.1,0,Store Pickup,0,0,1,Credit Card,Weekly,52,0.6705165737555528,136.3999656267342,3.3361111111111157,0.8261033147511105,0.8570503131073202,Bronze,1,3,2,6,Occasional Buyer
2233,65,Male,Shoes,Footwear,64,North Carolina,L,Lavender,Spring,4.0,0,Store Pickup,0,0,14,Cash,Fortnightly,26,0.5755005388401039,62.461415201957436,-2.7198160345219193,0.6951001077680208,1.0621450142686948,Silver,2,2,3,7,Occasional Buyer
2234,38,Male,Blouse,Clothing,31,Florida,XL,Gray,Summer,4.5,0,Express,0,0,48,Credit Card,Monthly,12,0.5343916393001171,22.224723485741006,0.4712640708417055,0.6930321740138696,0.5164486303997545,Platinum,5,2,1,8,Organic Loyalist
2235,35,Male,Boots,Footwear,66,New Hampshire,S,Yellow,Winter,4.0,0,Express,0,0,26,Cash,Weekly,52,0.9352983752456666,204.49739311683845,-2.7198160345219193,0.8670596750491333,1.0953370459645915,Gold,3,3,3,9,Organic Loyalist
2236,40,Male,Socks,Clothing,82,Illinois,M,Gray,Spring,4.5,0,2-Day Shipping,0,0,44,Credit Card,Annually,1,0.3988051254604543,1.7622562829820727,0.4712640708417055,0.6236071789382447,1.3660899255735441,Platinum,5,1,4,10,Organic Loyalist
2237,23,Male,T-shirt,Clothing,88,Louisiana,M,Yellow,Winter,2.7,0,Standard,0,0,18,Debit Card,Fortnightly,26,0.5995492938099868,69.9701279067109,0.4712640708417055,0.5439098587619974,1.4660477250057546,Silver,2,2,5,9,Organic Loyalist
2238,45,Male,Sandals,Footwear,34,Alabama,S,Black,Summer,3.8,0,Next Day Air,0,0,31,Venmo,Every 3 Months,4,0.3987367149316104,5.670591225907032,-2.7198160345219193,0.5511319583709374,0.5642645388302441,Gold,4,1,1,6,Occasional Buyer
2239,40,Male,Sneakers,Footwear,84,Florida,L,Beige,Winter,3.8,0,Standard,0,0,18,Debit Card,Weekly,52,0.8995492938099867,207.81195762183555,-2.7198160345219193,0.8359098587619973,1.3940653312276619,Silver,2,3,4,9,Organic Loyalist
2240,42,Male,Jewelry,Accessories,96,Alabama,L,Indigo,Summer,3.8,0,2-Day Shipping,0,0,41,Credit Card,Every 3 Months,4,0.42640159541057726,7.802656239104502,2.3996554557680767,0.5566649344667308,1.604312668463612,Platinum,5,1,5,11,Champion
2241,57,Male,Sandals,Footwear,71,California,L,Green,Winter,4.3,0,Next Day Air,0,0,18,Debit Card,Every 3 Months,4,0.34570313996383295,5.913827623683159,-2.7198160345219193,0.6005252433773819,1.1783171252043332,Silver,2,1,4,7,Occasional Buyer
2242,18,Male,Jacket,Outerwear,77,Maryland,M,Purple,Summer,3.5,0,Free Shipping,0,0,3,Bank Transfer,Bi-Weekly,26,0.44103314751110567,49.9577781722325,3.3361111111111157,0.6082066295022212,1.3467933491686461,Bronze,1,2,4,7,Occasional Buyer
2243,18,Male,Skirt,Clothing,66,Nevada,M,Orange,Spring,3.8,0,Next Day Air,0,0,5,Credit Card,Bi-Weekly,26,0.48228269883744174,52.724113110805426,0.4712640708417055,0.6524565397674883,1.099535793754316,Bronze,1,2,3,6,Occasional Buyer
2244,56,Male,Shirt,Clothing,21,Massachusetts,M,Teal,Winter,3.7,0,2-Day Shipping,0,0,13,Debit Card,Annually,1,0.2800200857133037,0.8655539727328563,0.4712640708417055,0.5038501709888146,0.34985229801273693,Bronze,2,1,1,4,At-Risk / One-Timer
2245,35,Male,Shorts,Clothing,37,South Carolina,M,Gold,Summer,4.8,0,2-Day Shipping,0,0,22,PayPal,Annually,1,0.3305245518505688,1.2023115352613951,0.4712640708417055,0.6459510642162676,0.616406429831965,Silver,3,1,2,6,Occasional Buyer
2246,49,Male,Socks,Clothing,90,Delaware,L,Gray,Fall,4.9,0,Free Shipping,0,0,45,PayPal,Fortnightly,26,0.68950266406766,80.86649082143576,0.4712640708417055,0.825900532813532,1.4993669914831582,Platinum,5,2,5,12,Champion
2247,49,Male,Jacket,Outerwear,96,Hawaii,M,Cyan,Fall,4.3,0,Store Pickup,0,0,39,PayPal,Every 3 Months,4,0.42143798117871967,7.711827837026363,3.3361111111111157,0.6156722116203592,1.6791189807816886,Platinum,4,1,5,10,Organic Loyalist
2248,34,Male,Jewelry,Accessories,37,Florida,L,Teal,Summer,4.4,0,Next Day Air,0,0,18,Venmo,Annually,1,0.31108775534844835,1.1316085133158635,2.3996554557680767,0.5940637049158435,0.6183288409703505,Silver,2,1,2,5,At-Risk / One-Timer
2249,63,Male,T-shirt,Clothing,66,Rhode Island,M,Violet,Winter,3.4,0,Free Shipping,0,0,19,PayPal,Fortnightly,26,0.6047675612693206,66.11440423422084,0.4712640708417055,0.6289535122538641,1.099535793754316,Silver,2,2,3,7,Occasional Buyer
2250,42,Male,Gloves,Accessories,45,Wyoming,XL,Indigo,Spring,4.3,0,Next Day Air,0,0,29,Debit Card,Weekly,52,0.9460171125956567,188.34193451168247,2.3996554557680767,0.9052034225191313,0.7520215633423181,Gold,3,3,2,8,Organic Loyalist
2251,41,Male,Shoes,Footwear,89,Colorado,L,Pink,Summer,4.6,0,Store Pickup,0,0,19,Credit Card,Weekly,52,0.9047675612693207,211.70665472324262,-2.7198160345219193,0.9329535122538641,1.4770454104674036,Silver,2,3,5,10,Organic Loyalist
2252,26,Male,Shoes,Footwear,94,Virginia,L,Gold,Fall,3.8,0,Free Shipping,0,0,22,Debit Card,Monthly,12,0.4574476287736457,24.99792222947721,-2.7198160345219193,0.5936433719085753,1.5600254897071453,Silver,3,2,5,10,Organic Loyalist
2253,48,Male,Shoes,Footwear,96,Nebraska,S,Maroon,Summer,3.9,0,Express,0,0,21,Bank Transfer,Annually,1,0.32600230018194293,1.4913663016596896,-2.7198160345219193,0.5370466138825424,1.5932175214030422,Silver,3,1,5,9,Organic Loyalist
2254,62,Male,Hoodie,Clothing,31,Oklahoma,M,Brown,Spring,2.6,0,Store Pickup,0,0,22,PayPal,Monthly,12,0.4574476287736457,19.0247120482971,0.4712640708417055,0.4496433719085753,0.5164486303997545,Silver,3,2,1,6,Occasional Buyer
2255,24,Male,Belt,Accessories,79,North Dakota,M,Gold,Winter,4.2,0,Store Pickup,0,0,44,PayPal,Every 3 Months,4,0.4334205100758389,7.597040876665062,2.3996554557680767,0.6060687173997832,1.3202156334231807,Platinum,5,1,4,10,Organic Loyalist
2256,48,Male,Coat,Outerwear,39,Michigan,L,Teal,Spring,4.6,0,Store Pickup,0,0,42,Bank Transfer,Quarterly,4,0.4287954449459535,6.327098827515085,3.3361111111111157,0.6531437043738061,0.682142085942561,Platinum,5,1,2,8,Organic Loyalist
2257,31,Male,Blouse,Clothing,22,California,M,Turquoise,Fall,5.0,0,Standard,0,0,33,Credit Card,Quarterly,4,0.40490429482751017,5.078300297746117,0.4712640708417055,0.6963654743501174,0.36651193125143866,Gold,4,1,1,6,Occasional Buyer
2258,41,Male,Skirt,Clothing,32,Tennessee,L,Olive,Fall,4.2,0,Standard,0,0,6,Bank Transfer,Annually,1,0.2095035119577509,0.7325306137140593,0.4712640708417055,0.549746856237704,0.5331082636384562,Bronze,1,1,1,3,At-Risk / One-Timer
2259,24,Male,T-shirt,Clothing,71,Ohio,L,Cyan,Winter,4.3,0,Store Pickup,0,0,44,Credit Card,Every 3 Months,4,0.4334205100758389,7.414379242911989,0.4712640708417055,0.6180687173997832,1.1828339599478248,Platinum,5,1,4,10,Organic Loyalist
2260,60,Male,Jeans,Clothing,96,Florida,XL,Beige,Spring,3.3,0,Free Shipping,0,0,24,Cash,Annually,1,0.33900728905489147,1.5508603670320817,0.4712640708417055,0.4676476116571321,1.5993247909153687,Silver,3,1,5,9,Organic Loyalist
2261,38,Male,Scarf,Accessories,82,Missouri,M,Blue,Fall,4.9,0,Express,0,0,16,PayPal,Quarterly,4,0.3343877210719573,5.910424162485309,2.3996554557680767,0.6702621595990068,1.3703504043126684,Silver,2,1,4,7,Occasional Buyer
2262,58,Male,Backpack,Accessories,76,South Carolina,L,Gold,Spring,4.4,0,Standard,0,0,12,Bank Transfer,Fortnightly,26,0.5609423303122735,63.35223272970004,2.3996554557680767,0.7401884660624547,1.2700808625336928,Bronze,2,2,4,8,Organic Loyalist
2263,53,Male,Backpack,Accessories,22,Arizona,M,Green,Winter,3.1,0,2-Day Shipping,0,0,50,PayPal,Monthly,12,0.5384615384615385,20.260116472157584,2.3996554557680767,0.5258461538461539,0.36765498652291106,Platinum,5,2,1,8,Organic Loyalist
2264,44,Male,Scarf,Accessories,40,Indiana,XL,Green,Winter,3.5,0,Store Pickup,0,0,42,Cash,Quarterly,4,0.4287954449459535,6.369451146725352,2.3996554557680767,0.5211437043738061,0.6684636118598383,Platinum,5,1,2,8,Organic Loyalist
2265,51,Male,Hat,Accessories,92,North Dakota,M,Turquoise,Summer,3.9,0,2-Day Shipping,0,0,50,PayPal,Monthly,12,0.5384615384615385,29.287565955759508,2.3996554557680767,0.6218461538461539,1.537466307277628,Platinum,5,2,5,12,Champion
2266,36,Male,Coat,Outerwear,94,Montana,XL,Yellow,Fall,3.9,0,Store Pickup,0,0,10,PayPal,Quarterly,4,0.2901011110417747,5.284338983203122,3.3361111111111157,0.5414048375929703,1.6441373353487367,Bronze,1,1,5,7,Occasional Buyer
2267,20,Male,Dress,Clothing,44,Missouri,M,Yellow,Fall,4.3,0,Store Pickup,0,0,32,Debit Card,Weekly,52,0.9557133899698174,189.18007225360554,0.4712640708417055,0.9071426779939634,0.7330238625028773,Gold,4,3,2,9,Organic Loyalist
2268,32,Male,Gloves,Accessories,49,Kentucky,S,Blue,Spring,3.8,0,Express,0,0,37,Venmo,Weekly,52,0.9700658675655396,197.3358395162442,2.3996554557680767,0.8500131735131078,0.8188679245283019,Gold,4,3,2,9,Organic Loyalist
2269,66,Male,Sweater,Clothing,26,Georgia,L,Charcoal,Spring,2.7,0,2-Day Shipping,0,0,15,Bank Transfer,Monthly,12,0.42052783348374984,16.63189364132007,0.4712640708417055,0.4542594128505961,0.4331504642062457,Silver,2,2,1,5,At-Risk / One-Timer
2270,49,Male,Skirt,Clothing,38,Kentucky,M,Yellow,Fall,4.4,0,Store Pickup,0,0,27,Credit Card,Annually,1,0.3505366594688566,1.2842126611925115,0.4712640708417055,0.6019534857399251,0.6330660630706668,Gold,3,1,2,6,Occasional Buyer
2271,27,Male,Blouse,Clothing,72,Georgia,L,Purple,Spring,3.5,0,Express,0,0,7,Venmo,Weekly,52,0.8115497212666585,181.05990050563378,0.4712640708417055,0.7823099442533317,1.1994935931865265,Bronze,1,3,4,8,Organic Loyalist
2272,29,Male,Dress,Clothing,99,Alaska,M,Green,Summer,3.4,0,Free Shipping,0,0,49,PayPal,Quarterly,4,0.44413924742582894,8.181347282690464,0.4712640708417055,0.5122124648697811,1.649303690631474,Platinum,5,1,5,11,Champion
2273,29,Male,Jacket,Outerwear,38,Maine,L,Charcoal,Spring,4.0,0,Standard,0,0,44,PayPal,Monthly,12,0.5257282023835312,23.112452142491872,3.3361111111111157,0.6312994866305525,0.664651263226085,Platinum,5,2,2,9,Organic Loyalist
2274,55,Male,Coat,Outerwear,96,New Mexico,L,Silver,Winter,4.8,0,Express,0,0,13,PayPal,Bi-Weekly,26,0.5684816241748422,67.6166173069422,3.3361111111111157,0.7896963248349684,1.6791189807816886,Bronze,2,2,5,9,Organic Loyalist
2275,57,Male,Dress,Clothing,27,New York,L,Turquoise,Spring,4.5,0,Next Day Air,0,0,38,PayPal,Fortnightly,26,0.6727084553941624,58.28165587653299,0.4712640708417055,0.7745416910788325,0.44981009744494743,Gold,4,2,1,7,Occasional Buyer
2276,29,Male,Shorts,Clothing,24,Oklahoma,M,Gray,Winter,4.4,0,Standard,0,0,10,Debit Card,Weekly,52,0.8439472648879285,141.2611953173924,0.4712640708417055,0.8967894529775857,0.3998311977288422,Bronze,1,3,1,5,At-Risk / One-Timer
2277,31,Male,Jeans,Clothing,82,Wyoming,L,Red,Summer,4.1,0,2-Day Shipping,0,0,25,Debit Card,Weekly,52,0.9314589040678263,214.0303583490086,0.4712640708417055,0.8782917808135652,1.3660899255735441,Silver,3,3,4,10,Organic Loyalist
2278,25,Male,Hat,Accessories,56,Alabama,M,Beige,Summer,4.6,0,Next Day Air,0,0,18,Credit Card,Quarterly,4,0.34570313996383295,5.590782073300639,2.3996554557680767,0.6365252433773819,0.9358490566037736,Silver,2,1,3,6,Occasional Buyer
2279,61,Male,Gloves,Accessories,25,Maryland,M,Maroon,Fall,3.8,0,Store Pickup,0,0,6,Cash,Every 3 Months,4,0.2441188965731355,3.1814517271622282,2.3996554557680767,0.5202083946992424,0.41778975741239893,Bronze,1,1,1,3,At-Risk / One-Timer
2280,53,Male,Sneakers,Footwear,67,West Virginia,L,Indigo,Spring,2.9,0,Free Shipping,0,0,35,Bank Transfer,Quarterly,4,0.41071924382872965,6.932132055997716,-2.7198160345219193,0.4455284641503613,1.1119330618125398,Gold,4,1,3,8,Organic Loyalist
2281,22,Male,Shoes,Footwear,21,Kentucky,M,Red,Summer,2.8,0,Standard,0,0,31,Credit Card,Fortnightly,26,0.6525828687777642,52.44619514488713,-2.7198160345219193,0.5665165737555528,0.34851633280691546,Gold,4,2,1,7,Occasional Buyer
2282,28,Male,Hoodie,Clothing,27,Kansas,XL,Maroon,Summer,3.0,0,Store Pickup,0,0,41,Bank Transfer,Annually,1,0.39178621079519266,1.305511778636194,0.4712640708417055,0.4422033960051924,0.44981009744494743,Platinum,5,1,1,7,Occasional Buyer
2283,18,Male,Sneakers,Footwear,97,Idaho,S,Red,Fall,4.2,0,2-Day Shipping,0,0,8,Credit Card,Annually,1,0.2350707117022393,1.077791568342713,-2.7198160345219193,0.5548602961866017,1.6098135372509905,Bronze,1,1,5,7,Occasional Buyer
2284,44,Male,Handbag,Accessories,45,Ohio,S,Black,Winter,4.1,0,Free Shipping,0,0,34,Credit Card,Fortnightly,26,0.6616994641775042,65.86865897520079,2.3996554557680767,0.7243398928355008,0.7520215633423181,Gold,4,2,2,8,Organic Loyalist
2285,32,Male,Blouse,Clothing,63,Iowa,XL,Black,Fall,4.1,0,Express,0,0,20,Venmo,Annually,1,0.3212696370396398,1.3361228586812597,0.4712640708417055,0.5601000812540817,1.0495568940382107,Silver,2,1,3,6,Occasional Buyer
2286,34,Male,Belt,Accessories,100,Michigan,L,Pink,Summer,4.6,0,2-Day Shipping,0,0,38,PayPal,Every 3 Months,4,0.4188623015480085,7.732400006422258,2.3996554557680767,0.6511570756942171,1.6711590296495957,Gold,4,1,5,10,Organic Loyalist
2287,67,Male,Socks,Clothing,38,South Dakota,L,Blue,Spring,2.5,0,Store Pickup,0,0,35,Venmo,Quarterly,4,0.41071924382872965,6.018781076073218,0.4712640708417055,0.3975284641503613,0.6330660630706668,Gold,4,1,2,7,Occasional Buyer
2288,66,Male,Blouse,Clothing,45,Nebraska,L,Green,Summer,3.0,0,Store Pickup,0,0,6,Debit Card,Annually,1,0.2095035119577509,0.8021138185912933,0.4712640708417055,0.405746856237704,0.7496834957415791,Bronze,1,1,2,4,At-Risk / One-Timer
2289,28,Male,Jewelry,Accessories,91,California,M,Orange,Fall,3.8,0,Next Day Air,0,0,50,PayPal,Weekly,52,1.0,235.1330060065501,2.3996554557680767,0.8559999999999999,1.5207547169811322,Platinum,5,3,5,13,Champion
2290,70,Male,Shorts,Clothing,82,Nevada,M,Orange,Fall,4.1,0,Free Shipping,0,0,47,Venmo,Weekly,52,0.9938324201041002,228.36252687563984,0.4712640708417055,0.89076648402082,1.3660899255735441,Platinum,5,3,4,12,Champion
2291,37,Male,Boots,Footwear,48,Kansas,L,Magenta,Winter,3.3,0,Standard,0,0,23,PayPal,Quarterly,4,0.3694696925023936,5.751638595270028,-2.7198160345219193,0.48527855388509405,0.7966087607015211,Silver,3,1,2,6,Occasional Buyer
2292,28,Male,Coat,Outerwear,30,Ohio,M,Indigo,Spring,5.0,0,2-Day Shipping,0,0,13,Credit Card,Quarterly,4,0.3146354703286883,4.321816716743527,3.3361111111111157,0.6783117094503531,0.5247246814942776,Bronze,2,1,1,4,At-Risk / One-Timer
2293,43,Male,T-shirt,Clothing,34,Vermont,S,Beige,Spring,3.8,0,Next Day Air,0,0,31,Debit Card,Monthly,12,0.4910444072393027,20.950005376601677,0.4712640708417055,0.6003627276017067,0.5664275301158598,Gold,4,2,1,7,Occasional Buyer
2294,37,Male,Sweater,Clothing,68,Georgia,L,Green,Fall,3.3,0,Express,0,0,16,Debit Card,Every 3 Months,4,0.3343877210719573,5.663332899392914,0.4712640708417055,0.4782621595990068,1.1328550602317196,Silver,2,1,3,6,Occasional Buyer
2295,54,Male,Sunglasses,Accessories,95,Maryland,M,Red,Winter,5.0,0,Express,0,0,40,Debit Card,Annually,1,0.38933467262132265,1.7770590088548561,2.3996554557680767,0.6817130883704183,1.587601078167116,Platinum,4,1,5,10,Organic Loyalist
2296,50,Male,Hat,Accessories,22,Connecticut,L,Beige,Spring,2.9,0,2-Day Shipping,0,0,45,PayPal,Quarterly,4,0.43565651022150625,5.463993871725646,2.3996554557680767,0.4505159174289166,0.36765498652291106,Platinum,5,1,1,7,Occasional Buyer
2297,46,Male,Gloves,Accessories,88,Washington,M,Green,Fall,2.5,0,Next Day Air,0,0,50,Venmo,Every 3 Months,4,0.4461538461538462,8.010489521368127,2.3996554557680767,0.4046153846153846,1.4706199460916443,Platinum,5,1,5,11,Champion
2298,60,Male,Socks,Clothing,83,California,M,Orange,Summer,4.7,0,Standard,0,0,1,Bank Transfer,Quarterly,4,0.116670419909399,2.0677810258506737,0.4712640708417055,0.6027186993664951,1.3827495588122458,Bronze,1,1,4,6,Occasional Buyer
2299,40,Male,Handbag,Accessories,87,Montana,L,Cyan,Spring,2.9,0,2-Day Shipping,0,0,10,Cash,Every 3 Months,4,0.2901011110417747,5.195521537553473,2.3996554557680767,0.4214048375929703,1.4539083557951482,Bronze,1,1,5,7,Occasional Buyer
2300,64,Male,Coat,Outerwear,57,Idaho,M,Violet,Summer,3.7,0,Store Pickup,0,0,48,Credit Card,Every 3 Months,4,0.44208394699242487,7.18022669056066,3.3361111111111157,0.5478014047831004,0.9969768948391275,Platinum,5,1,3,9,Organic Loyalist
2301,18,Male,Coat,Outerwear,88,Pennsylvania,XL,Lavender,Summer,4.4,0,2-Day Shipping,0,0,38,Credit Card,Monthly,12,0.5111699938557008,27.53347470643744,3.3361111111111157,0.6763878449249864,1.5391923990498813,Gold,4,2,5,11,Champion
2302,37,Male,Pants,Clothing,20,Maine,L,Turquoise,Winter,2.9,0,Next Day Air,0,0,21,Debit Card,Annually,1,0.32600230018194293,0.992521317653372,0.4712640708417055,0.4170466138825424,0.33319266477403514,Silver,3,1,1,5,At-Risk / One-Timer
2303,36,Male,Belt,Accessories,39,Montana,L,Pink,Summer,3.6,0,Store Pickup,0,0,38,Venmo,Monthly,12,0.5111699938557008,22.627733854726102,2.3996554557680767,0.5803878449249863,0.6517520215633423,Gold,4,2,2,8,Organic Loyalist
2304,51,Male,Sunglasses,Accessories,71,New Jersey,S,Beige,Spring,4.8,0,2-Day Shipping,0,0,31,Credit Card,Fortnightly,26,0.6525828687777642,72.56285516355626,2.3996554557680767,0.8065165737555527,1.186522911051213,Gold,4,2,4,10,Organic Loyalist
2305,26,Male,Hoodie,Clothing,73,Louisiana,L,Silver,Winter,4.7,0,Free Shipping,0,0,9,Debit Card,Fortnightly,26,0.5342509875137679,59.7857266855645,0.4712640708417055,0.7708501975027536,1.2161532264252284,Bronze,1,2,4,7,Occasional Buyer
2306,68,Male,Handbag,Accessories,63,Maine,M,Gold,Summer,2.6,0,Free Shipping,0,0,47,Cash,Weekly,52,0.9938324201041002,214.92810766259794,2.3996554557680767,0.7107664840208201,1.0528301886792453,Platinum,5,3,3,11,Champion
2307,27,Male,Gloves,Accessories,78,Florida,L,Silver,Winter,3.4,0,Standard,0,0,8,Cash,Bi-Weekly,26,0.5235322501637778,59.47621852055901,2.3996554557680767,0.6127064500327556,1.3035040431266847,Bronze,1,2,4,7,Occasional Buyer
2308,28,Male,Skirt,Clothing,96,Missouri,L,Green,Fall,3.5,0,Next Day Air,0,0,30,Debit Card,Annually,1,0.3608914110593454,1.6509739002207646,0.4712640708417055,0.49602443605802293,1.5993247909153687,Gold,3,1,5,9,Organic Loyalist
2309,49,Male,Sunglasses,Accessories,81,North Dakota,M,Teal,Winter,3.4,0,2-Day Shipping,0,0,22,Bank Transfer,Quarterly,4,0.3651399364659534,6.436276743877453,2.3996554557680767,0.49641260267780607,1.3536388140161726,Silver,3,1,4,8,Organic Loyalist
2310,70,Male,Dress,Clothing,95,Connecticut,S,Gold,Fall,5.0,0,2-Day Shipping,0,0,3,Bank Transfer,Quarterly,4,0.18718699366495184,3.417546464003697,0.4712640708417055,0.6528220141176058,1.582665157676667,Bronze,1,1,5,7,Occasional Buyer
2311,30,Male,Gloves,Accessories,68,Virginia,M,Cyan,Spring,4.6,0,Standard,0,0,15,PayPal,Monthly,12,0.42052783348374984,21.36671562141286,2.3996554557680767,0.682259412850596,1.136388140161725,Silver,2,2,3,7,Occasional Buyer
2312,27,Male,Sneakers,Footwear,28,Montana,L,Gold,Spring,4.8,0,2-Day Shipping,0,0,10,Bank Transfer,Every 3 Months,4,0.2901011110417747,3.907425045941644,-2.7198160345219193,0.6494048375929703,0.46468844374255397,Bronze,1,1,1,3,At-Risk / One-Timer
2313,19,Male,T-shirt,Clothing,30,Vermont,L,Violet,Summer,3.7,0,Free Shipping,0,0,19,Cash,Every 3 Months,4,0.3509214074231668,4.820238491484295,0.4712640708417055,0.5295688968692488,0.49978899716105274,Silver,2,1,1,4,At-Risk / One-Timer
2314,64,Male,Dress,Clothing,31,Georgia,M,Black,Summer,4.7,0,Next Day Air,0,0,36,Bank Transfer,Fortnightly,26,0.6673528024834868,60.13458275242691,0.4712640708417055,0.7974705604966974,0.5164486303997545,Gold,4,2,1,7,Occasional Buyer
2315,42,Male,Handbag,Accessories,95,Virginia,XL,Brown,Winter,4.4,0,Express,0,0,12,Bank Transfer,Every 3 Months,4,0.30709617646611964,5.606775510639283,2.3996554557680767,0.6048038506778393,1.587601078167116,Bronze,2,1,5,8,Organic Loyalist
2316,69,Male,Socks,Clothing,79,Vermont,M,Indigo,Winter,3.5,0,2-Day Shipping,0,0,49,Debit Card,Quarterly,4,0.44413924742582894,7.784920046895982,0.4712640708417055,0.5242124648697811,1.3161110258574389,Platinum,5,1,4,10,Organic Loyalist
2317,28,Male,Sneakers,Footwear,39,Montana,L,Yellow,Winter,3.8,0,Standard,0,0,7,Debit Card,Annually,1,0.22308818280512005,0.8229454140054213,-2.7198160345219193,0.5044637904071778,0.6472446180699859,Bronze,1,1,2,4,At-Risk / One-Timer
2318,47,Male,Jacket,Outerwear,34,New Jersey,M,Purple,Summer,4.7,0,Next Day Air,0,0,28,Bank Transfer,Monthly,12,0.48102971360752594,20.5227367175199,3.3361111111111157,0.7063597888753514,0.5946879723601813,Gold,3,2,1,6,Occasional Buyer
2319,69,Male,Hoodie,Clothing,28,Wyoming,L,White,Spring,3.1,0,Store Pickup,0,0,30,Credit Card,Annually,1,0.3608914110593454,1.2152281435380683,0.4712640708417055,0.4480244360580229,0.4664697306836492,Gold,3,1,1,5,At-Risk / One-Timer
2320,56,Male,Sandals,Footwear,38,Maine,XL,Turquoise,Winter,5.0,0,Free Shipping,0,0,29,PayPal,Monthly,12,0.4844786510571952,21.29900885258122,-2.7198160345219193,0.7430495763652851,0.6306486022220374,Gold,3,2,2,7,Occasional Buyer
2321,28,Male,Shoes,Footwear,55,New Mexico,M,Olive,Spring,3.7,0,Free Shipping,0,0,9,Debit Card,Every 3 Months,4,0.28040483366761404,4.514912285176955,-2.7198160345219193,0.5154655821181382,0.9127808716371595,Bronze,1,1,3,5,At-Risk / One-Timer
2322,50,Male,Sandals,Footwear,31,Colorado,M,Beige,Winter,3.0,0,Next Day Air,0,0,27,Debit Card,Fortnightly,26,0.638998197930395,57.579573906184095,-2.7198160345219193,0.587799639586079,0.514476491286399,Gold,3,2,1,6,Occasional Buyer
2323,39,Male,Coat,Outerwear,84,Connecticut,S,Lavender,Spring,4.5,0,Store Pickup,0,0,21,Venmo,Fortnightly,26,0.6144638386434813,70.97606216525045,3.3361111111111157,0.7628927677286963,1.4692291081839775,Silver,3,2,4,9,Organic Loyalist
2324,35,Male,Gloves,Accessories,93,Maryland,L,White,Winter,4.7,0,Express,0,0,36,Credit Card,Monthly,12,0.5058143409450253,27.576763872154494,2.3996554557680767,0.7113167143428514,1.554177897574124,Gold,4,2,5,11,Champion
2325,59,Male,Coat,Outerwear,28,Oregon,L,Brown,Winter,3.5,0,Free Shipping,0,0,19,Debit Card,Annually,1,0.3163060228077822,1.0650959516002516,3.3361111111111157,0.48710735840771024,0.4897430360613258,Silver,2,1,1,4,At-Risk / One-Timer
2326,44,Male,Boots,Footwear,55,New York,M,Charcoal,Summer,4.4,0,2-Day Shipping,0,0,47,Cash,Weekly,52,0.9938324201041002,208.02730065381917,-2.7198160345219193,0.9267664840208201,0.9127808716371595,Platinum,5,3,3,11,Champion
2327,66,Male,Skirt,Clothing,63,Oklahoma,L,Maroon,Winter,2.6,0,Standard,0,0,38,Bank Transfer,Annually,1,0.3842469169326239,1.5980380026641985,0.4712640708417055,0.39269553723267864,1.0495568940382107,Gold,4,1,3,8,Organic Loyalist
2328,20,Male,Skirt,Clothing,94,Alabama,M,Red,Winter,4.2,0,2-Day Shipping,0,0,22,Venmo,Bi-Weekly,26,0.6189860903121072,73.28844777525623,0.4712640708417055,0.7277972180624215,1.5660055244379651,Silver,3,2,5,10,Organic Loyalist
2329,45,Male,Pants,Clothing,36,North Dakota,M,Maroon,Fall,2.6,0,Express,0,0,29,Venmo,Bi-Weekly,26,0.6460171125956566,60.650583857405294,0.4712640708417055,0.5412034225191313,0.5997467965932632,Gold,3,2,2,7,Occasional Buyer
2330,49,Male,Hat,Accessories,97,Nebraska,S,Teal,Spring,4.8,0,Free Shipping,0,0,42,Bank Transfer,Annually,1,0.3941800603305689,1.8073027573560625,2.3996554557680767,0.6586821659122676,1.6210242587601078,Platinum,5,1,5,11,Champion
2331,60,Male,Backpack,Accessories,63,Arizona,L,Orange,Summer,2.9,0,Store Pickup,0,0,47,PayPal,Every 3 Months,4,0.43998626625794646,7.319405758603031,2.3996554557680767,0.45138186863620466,1.0528301886792453,Platinum,5,1,3,9,Organic Loyalist
2332,61,Male,Scarf,Accessories,77,Illinois,S,Olive,Spring,4.3,0,2-Day Shipping,0,0,10,Credit Card,Bi-Weekly,26,0.5439472648879285,61.6153161049634,2.3996554557680767,0.7247894529775857,1.2867924528301888,Bronze,1,2,4,7,Occasional Buyer
2333,36,Male,Scarf,Accessories,53,South Carolina,XL,Olive,Fall,2.6,0,Store Pickup,0,0,10,Venmo,Monthly,12,0.38240880334946703,18.305071389921107,2.3996554557680767,0.4346356068237396,0.8857142857142858,Bronze,1,2,3,6,Occasional Buyer
2334,33,Male,Shirt,Clothing,77,Kansas,M,Beige,Spring,3.8,0,Next Day Air,0,0,1,PayPal,Every 3 Months,4,0.116670419909399,2.0331961929314386,0.4712640708417055,0.49471869936649515,1.2827917593800353,Bronze,1,1,4,6,Occasional Buyer
2335,49,Male,Boots,Footwear,79,Kansas,L,Green,Summer,4.2,0,Standard,0,0,7,Credit Card,Monthly,12,0.350011259728197,18.405103950776603,-2.7198160345219193,0.6201560980994856,1.3110852519879201,Bronze,1,2,4,7,Occasional Buyer
2336,31,Male,Coat,Outerwear,37,Idaho,M,Black,Summer,3.9,0,Store Pickup,0,0,10,Venmo,Fortnightly,26,0.5439472648879285,51.445031101811125,3.3361111111111157,0.6767894529775856,0.6471604405096091,Bronze,1,2,2,5,At-Risk / One-Timer
2337,19,Male,Belt,Accessories,94,California,M,Green,Winter,3.1,0,Free Shipping,0,0,11,Credit Card,Weekly,52,0.8527992725929945,201.9442308330194,2.3996554557680767,0.742559854518599,1.57088948787062,Bronze,2,3,5,10,Organic Loyalist
2338,39,Male,Boots,Footwear,76,North Dakota,S,Violet,Fall,3.6,0,Store Pickup,0,0,5,Cash,Annually,1,0.1938211603759033,0.8419214073108212,-2.7198160345219193,0.4746103859213345,1.261297204444075,Bronze,1,1,4,6,Occasional Buyer
2339,66,Male,Sneakers,Footwear,68,Georgia,S,Silver,Fall,4.0,0,Express,0,0,21,PayPal,Quarterly,4,0.36061768479732753,6.107574739492676,-2.7198160345219193,0.5675081523440809,1.1285290776604882,Silver,3,1,3,7,Occasional Buyer
2340,25,Male,Shirt,Clothing,65,Illinois,L,Maroon,Spring,3.4,0,Next Day Air,0,0,24,Bank Transfer,Quarterly,4,0.3736226736702761,6.261400025885055,0.4712640708417055,0.4981091501186706,1.0828761605156143,Silver,3,1,3,7,Occasional Buyer
2341,63,Male,Blouse,Clothing,24,Delaware,M,Cyan,Summer,2.6,0,Standard,0,0,37,Credit Card,Fortnightly,26,0.6700658675655395,56.078329376577365,0.4712640708417055,0.546013173513108,0.3998311977288422,Gold,4,2,1,7,Occasional Buyer
2342,56,Male,Jacket,Outerwear,31,Connecticut,L,Teal,Summer,4.5,0,Express,0,0,22,Venmo,Every 3 Months,4,0.3651399364659534,5.061914349424263,3.3361111111111157,0.6284126026778061,0.5422155042107536,Silver,3,1,1,5,At-Risk / One-Timer
2343,20,Male,Skirt,Clothing,89,Tennessee,M,Olive,Fall,4.9,0,Standard,0,0,16,Debit Card,Fortnightly,26,0.5882338749181111,68.82045244808135,0.4712640708417055,0.8056467749836222,1.4827073582444563,Silver,2,2,5,9,Organic Loyalist
2344,58,Male,Socks,Clothing,49,Maryland,M,Red,Summer,4.4,0,2-Day Shipping,0,0,44,PayPal,Monthly,12,0.5257282023835312,24.6799298679211,0.4712640708417055,0.6792994866305525,0.8163220286963861,Platinum,5,2,2,9,Organic Loyalist
2345,34,Male,Sandals,Footwear,92,Rhode Island,XL,Lavender,Fall,3.5,0,Express,0,0,14,Venmo,Bi-Weekly,26,0.5755005388401039,67.8213497170581,-2.7198160345219193,0.6351001077680208,1.5268334580112486,Silver,2,2,5,9,Organic Loyalist
2346,28,Male,T-shirt,Clothing,32,New York,S,Orange,Winter,3.3,0,Express,0,0,23,Bank Transfer,Every 3 Months,4,0.3694696925023936,5.167414294269258,0.4712640708417055,0.48527855388509405,0.5331082636384562,Silver,3,1,1,5,At-Risk / One-Timer
2347,22,Male,Jacket,Outerwear,67,New Mexico,L,Brown,Winter,3.1,0,Standard,0,0,46,Debit Card,Fortnightly,26,0.6916905744410977,75.88343641974939,3.3361111111111157,0.6103381148882195,1.1718851220038868,Platinum,5,2,3,10,Organic Loyalist
2348,37,Male,Belt,Accessories,64,California,S,Gray,Fall,4.2,0,Express,0,0,46,Cash,Every 3 Months,4,0.43784442059494383,7.310928702105458,2.3996554557680767,0.6069534995036041,1.0695417789757413,Platinum,5,1,3,9,Organic Loyalist
2349,54,Male,Shoes,Footwear,84,Maine,M,Orange,Spring,4.9,0,Next Day Air,0,0,16,PayPal,Every 3 Months,4,0.3343877210719573,5.942272116701059,-2.7198160345219193,0.6702621595990068,1.3940653312276619,Silver,2,1,4,7,Occasional Buyer
2350,65,Male,Blouse,Clothing,34,New York,M,Orange,Fall,3.9,0,Standard,0,0,40,Credit Card,Every 3 Months,4,0.42395005723670726,6.029160056659412,0.4712640708417055,0.5681746268319569,0.5664275301158598,Platinum,4,1,1,6,Occasional Buyer
2351,57,Male,Shoes,Footwear,26,Hawaii,M,Turquoise,Winter,4.2,0,Free Shipping,0,0,21,Cash,Annually,1,0.32600230018194293,1.0744503993418573,-2.7198160345219193,0.5730466138825424,0.43149641204665723,Silver,3,1,1,5,At-Risk / One-Timer
2352,38,Male,Sweater,Clothing,50,New Hampshire,S,Cyan,Fall,4.9,0,Store Pickup,0,0,25,PayPal,Bi-Weekly,26,0.6314589040678263,64.55244393067315,0.4712640708417055,0.8142917808135653,0.8329816619350878,Silver,3,2,2,7,Occasional Buyer
2353,70,Male,Boots,Footwear,46,Nebraska,M,Yellow,Fall,2.8,0,Store Pickup,0,0,25,Bank Transfer,Quarterly,4,0.3776127502216725,5.815459298564447,-2.7198160345219193,0.42690716542894985,0.7634167290056243,Silver,3,1,2,6,Occasional Buyer
2354,56,Male,Handbag,Accessories,71,Montana,M,White,Fall,4.1,0,Standard,0,0,25,Debit Card,Every 3 Months,4,0.3776127502216725,6.459694619925997,2.3996554557680767,0.5829071654289498,1.186522911051213,Silver,3,1,4,8,Organic Loyalist
2355,56,Male,Blouse,Clothing,78,Wisconsin,M,Blue,Summer,4.8,0,Next Day Air,0,0,27,Venmo,Monthly,12,0.4774597363919335,25.034825037806446,0.4712640708417055,0.7176457934322328,1.299451392618737,Gold,3,2,4,9,Organic Loyalist
2356,22,Male,Skirt,Clothing,35,Tennessee,S,Purple,Winter,4.1,0,Next Day Air,0,0,12,Cash,Monthly,12,0.39940386877381195,17.17525593412313,0.4712640708417055,0.6180346199086085,0.5830871633545616,Bronze,2,2,1,5,At-Risk / One-Timer
2357,57,Male,Backpack,Accessories,58,Montana,M,Gray,Summer,3.0,0,Free Shipping,0,0,27,Debit Card,Quarterly,4,0.3851520440842412,6.28188752540128,2.3996554557680767,0.4524150242014636,0.9692722371967656,Gold,3,1,3,7,Occasional Buyer
2358,53,Male,Shirt,Clothing,67,Michigan,L,Cyan,Fall,4.2,0,2-Day Shipping,0,0,40,Credit Card,Bi-Weekly,26,0.677796211082861,74.35912471528589,0.4712640708417055,0.7395592422165722,1.1161954269930177,Platinum,4,2,3,9,Organic Loyalist
2359,53,Male,Sweater,Clothing,93,Texas,L,Pink,Spring,3.8,0,Standard,0,0,38,Credit Card,Quarterly,4,0.4188623015480085,7.612059636450688,0.4712640708417055,0.555157075694217,1.5493458911992635,Gold,4,1,5,10,Organic Loyalist
2360,19,Male,Scarf,Accessories,81,Pennsylvania,S,Gold,Spring,3.3,0,2-Day Shipping,0,0,44,Bank Transfer,Every 3 Months,4,0.4334205100758389,7.639850015641159,2.3996554557680767,0.49806871739978315,1.3536388140161726,Platinum,5,1,4,10,Organic Loyalist
2361,49,Male,Handbag,Accessories,80,New York,L,Silver,Fall,4.7,0,2-Day Shipping,0,0,27,Venmo,Every 3 Months,4,0.3851520440842412,6.770124298185423,2.3996554557680767,0.6564150242014637,1.3369272237196765,Gold,3,1,4,8,Organic Loyalist
2362,44,Male,Scarf,Accessories,64,Alabama,M,Gray,Spring,4.3,0,2-Day Shipping,0,0,30,Credit Card,Every 3 Months,4,0.39550679567473,6.603994132087231,2.3996554557680767,0.6104859745195613,1.0695417789757413,Gold,3,1,3,7,Occasional Buyer
2363,27,Male,Jeans,Clothing,41,Virginia,M,Brown,Fall,2.7,0,Standard,0,0,24,Credit Card,Monthly,12,0.4659303659779684,20.89792527781804,0.4712640708417055,0.46333991934943985,0.6830449627867721,Silver,3,2,2,7,Occasional Buyer
2364,60,Male,Socks,Clothing,79,Pennsylvania,XL,Pink,Winter,4.2,0,Express,0,0,38,Cash,Bi-Weekly,26,0.6727084553941624,76.64348559159619,0.4712640708417055,0.7385416910788325,1.3161110258574389,Gold,4,2,4,10,Organic Loyalist
2365,62,Male,Sunglasses,Accessories,60,Mississippi,L,Maroon,Winter,4.2,0,Free Shipping,0,0,4,PayPal,Quarterly,4,0.20988825991206111,3.451296648277228,2.3996554557680767,0.5613622673670275,1.0026954177897573,Bronze,1,1,3,5,At-Risk / One-Timer
2366,52,Male,Sneakers,Footwear,91,Wyoming,S,Peach,Winter,2.5,0,Next Day Air,0,0,32,Venmo,Monthly,12,0.4941749284313559,26.814654557339185,-2.7198160345219193,0.44498883184011734,1.5102374421633002,Gold,4,2,5,11,Champion
2367,30,Male,Shoes,Footwear,66,New Mexico,L,Brown,Winter,3.6,0,Express,0,0,32,Credit Card,Fortnightly,26,0.6557133899698174,71.68390453228996,-2.7198160345219193,0.6631426779939635,1.0953370459645915,Gold,4,2,3,9,Organic Loyalist
2368,66,Male,Socks,Clothing,85,North Dakota,L,Green,Winter,3.4,0,Standard,0,0,28,Bank Transfer,Bi-Weekly,26,0.6425681751459875,74.41776715412207,0.4712640708417055,0.6365136350291976,1.4160688252896494,Gold,3,2,5,10,Organic Loyalist
2369,29,Male,Sunglasses,Accessories,38,New Jersey,M,Lavender,Summer,3.3,0,Standard,0,0,6,Debit Card,Every 3 Months,4,0.2441188965731355,3.577378506323317,2.3996554557680767,0.46020839469924246,0.6350404312668464,Bronze,1,1,2,4,At-Risk / One-Timer
2370,24,Male,Sweater,Clothing,23,Vermont,M,Cyan,Winter,4.6,0,Standard,0,0,24,PayPal,Monthly,12,0.4659303659779684,17.769021411260432,0.4712640708417055,0.6913399193494397,0.38317156449014045,Silver,3,2,1,6,Occasional Buyer
2371,51,Male,Shoes,Footwear,71,Alaska,M,Black,Spring,3.9,0,Store Pickup,0,0,38,Venmo,Weekly,52,0.9727084553941623,216.31736333296197,-2.7198160345219193,0.8625416910788324,1.1783171252043332,Gold,4,3,4,11,Champion
2372,67,Male,Socks,Clothing,25,Indiana,M,Charcoal,Winter,3.7,0,Next Day Air,0,0,28,Debit Card,Annually,1,0.354106636684449,1.1537136070720342,0.4712640708417055,0.5186674811830436,0.4164908309675439,Gold,3,1,1,5,At-Risk / One-Timer
2373,50,Male,Boots,Footwear,39,Alabama,XL,Silver,Spring,3.1,0,Express,0,0,9,PayPal,Fortnightly,26,0.5342509875137679,51.240474770670104,-2.7198160345219193,0.5788501975027536,0.6472446180699859,Bronze,1,2,2,5,At-Risk / One-Timer
2374,37,Male,Hoodie,Clothing,20,Michigan,M,Gray,Spring,4.9,0,Express,0,0,21,Debit Card,Every 3 Months,4,0.36061768479732753,4.391634531221347,0.4712640708417055,0.6755081523440809,0.33319266477403514,Silver,3,1,1,5,At-Risk / One-Timer
2375,69,Male,Gloves,Accessories,73,Washington,L,Peach,Winter,4.7,0,Standard,0,0,31,Debit Card,Monthly,12,0.4910444072393027,25.361845108941793,2.3996554557680767,0.7083627276017068,1.2199460916442049,Gold,4,2,4,10,Organic Loyalist
2376,60,Male,Backpack,Accessories,63,Virginia,L,Peach,Fall,2.9,0,Next Day Air,0,0,18,Credit Card,Quarterly,4,0.34570313996383295,5.750955762639623,2.3996554557680767,0.43252524337738196,1.0528301886792453,Silver,2,1,3,6,Occasional Buyer
2377,21,Male,Gloves,Accessories,94,Tennessee,XL,Cyan,Spring,4.1,0,Express,0,0,5,Cash,Weekly,52,0.7822826988374417,185.245793456606,2.3996554557680767,0.8484565397674884,1.57088948787062,Bronze,1,3,5,9,Organic Loyalist
2378,44,Male,Blouse,Clothing,94,South Dakota,L,Magenta,Fall,4.0,0,Next Day Air,0,0,22,Cash,Annually,1,0.3305245518505688,1.5051681187789299,0.4712640708417055,0.5499510642162676,1.5660055244379651,Silver,3,1,5,9,Organic Loyalist
2379,26,Male,Scarf,Accessories,71,New Hampshire,L,Teal,Summer,2.7,0,Store Pickup,0,0,37,PayPal,Bi-Weekly,26,0.6700658675655395,74.50684782649269,2.3996554557680767,0.558013173513108,1.186522911051213,Gold,4,2,4,10,Organic Loyalist
2380,40,Male,Hat,Accessories,77,South Dakota,M,Peach,Spring,4.0,0,2-Day Shipping,0,0,22,Debit Card,Monthly,12,0.4574476287736457,23.91559346431639,2.3996554557680767,0.6176433719085753,1.2867924528301888,Silver,3,2,4,9,Organic Loyalist
2381,41,Male,Scarf,Accessories,66,Pennsylvania,M,Black,Fall,2.5,0,Next Day Air,0,0,36,PayPal,Fortnightly,26,0.6673528024834868,72.95634848143705,2.3996554557680767,0.5334705604966974,1.1029649595687332,Gold,4,2,3,9,Organic Loyalist
2382,62,Male,Sandals,Footwear,23,Wisconsin,M,Teal,Summer,4.5,0,Free Shipping,0,0,23,PayPal,Annually,1,0.334854307887009,1.0641850157888193,-2.7198160345219193,0.6108170154235557,0.38170836450281215,Silver,3,1,1,5,At-Risk / One-Timer
2383,39,Male,Sweater,Clothing,60,California,M,Turquoise,Spring,3.9,0,Express,0,0,44,Debit Card,Weekly,52,0.9872666639219927,211.04349373569778,0.4712640708417055,0.8654533327843985,0.9995779943221055,Platinum,5,3,3,11,Champion
2384,53,Male,Backpack,Accessories,72,Rhode Island,L,Gold,Spring,4.9,0,2-Day Shipping,0,0,25,Bank Transfer,Annually,1,0.3429973656062879,1.4716162855545243,2.3996554557680767,0.6604456269674115,1.203234501347709,Silver,3,1,4,8,Organic Loyalist
2385,24,Male,Blouse,Clothing,35,Alabama,L,Green,Winter,3.3,0,2-Day Shipping,0,0,40,PayPal,Quarterly,4,0.42395005723670726,6.076932236269169,0.4712640708417055,0.4961746268319568,0.5830871633545616,Platinum,4,1,1,6,Occasional Buyer
2386,41,Male,Scarf,Accessories,31,Oklahoma,M,Brown,Fall,3.8,0,Express,0,0,12,PayPal,Weekly,52,0.8609423303122734,155.15753470897198,2.3996554557680767,0.8281884660624546,0.5180592991913747,Bronze,2,3,1,6,Occasional Buyer
2387,19,Male,Socks,Clothing,33,Illinois,L,Blue,Summer,2.9,0,Standard,0,0,14,Venmo,Monthly,12,0.41396207730164236,17.517354337015387,0.4712640708417055,0.47694626161417464,0.549767896877158,Silver,2,2,1,5,At-Risk / One-Timer
2388,36,Male,Hat,Accessories,95,Tennessee,M,Gold,Summer,4.0,0,2-Day Shipping,0,0,14,Debit Card,Monthly,12,0.41396207730164236,22.67360470641624,2.3996554557680767,0.6089462616141746,1.587601078167116,Silver,2,2,5,9,Organic Loyalist
2389,21,Male,Dress,Clothing,68,Alabama,M,Peach,Fall,4.1,0,Store Pickup,0,0,10,Debit Card,Annually,1,0.25548572642639006,1.0817537760937341,0.4712640708417055,0.5469432991314318,1.1328550602317196,Bronze,1,1,3,5,At-Risk / One-Timer
2390,25,Male,Coat,Outerwear,87,Kansas,M,Violet,Spring,3.1,0,Store Pickup,0,0,17,Bank Transfer,Every 3 Months,4,0.3402026700731767,6.09280775640967,3.3361111111111157,0.4554251493992507,1.5217015763334052,Silver,2,1,5,8,Organic Loyalist
2391,65,Male,Shirt,Clothing,64,Arizona,XL,Yellow,Winter,4.6,0,Express,0,0,24,Debit Card,Fortnightly,26,0.62746882751643,68.10174503186408,0.4712640708417055,0.7774937655032859,1.0662165272769124,Silver,3,2,3,8,Organic Loyalist
2392,42,Male,Shirt,Clothing,74,Michigan,M,Black,Winter,4.6,0,Next Day Air,0,0,31,Bank Transfer,Quarterly,4,0.3987367149316104,6.886164108590976,0.4712640708417055,0.6471319583709374,1.23281285966393,Gold,4,1,4,9,Organic Loyalist
2393,40,Male,Jeans,Clothing,62,Missouri,L,Silver,Spring,2.6,0,2-Day Shipping,0,0,36,Cash,Annually,1,0.3788912640219484,1.5697975534957171,0.4712640708417055,0.39162440665054354,1.032897260799509,Gold,4,1,3,8,Organic Loyalist
2394,58,Male,Socks,Clothing,97,Louisiana,M,Brown,Winter,5.0,0,2-Day Shipping,0,0,38,PayPal,Every 3 Months,4,0.4188623015480085,7.681880122554903,0.4712640708417055,0.6991570756942171,1.6159844241540704,Gold,4,1,5,10,Organic Loyalist
2395,40,Male,Sandals,Footwear,47,Connecticut,L,Peach,Fall,2.9,0,2-Day Shipping,0,0,23,Debit Card,Fortnightly,26,0.6233158463485474,62.73750429698452,-2.7198160345219193,0.5726631692697095,0.7800127448535726,Silver,3,2,2,7,Occasional Buyer
2396,62,Male,Blouse,Clothing,83,Connecticut,M,Cyan,Winter,3.5,0,2-Day Shipping,0,0,47,PayPal,Bi-Weekly,26,0.6938324201041003,79.93035290706332,0.4712640708417055,0.65876648402082,1.3827495588122458,Platinum,5,2,4,11,Champion
2397,38,Male,Shirt,Clothing,82,Oregon,M,Olive,Spring,3.7,0,2-Day Shipping,0,0,20,Venmo,Weekly,52,0.9097311755011782,209.03776714512327,0.4712640708417055,0.8259462351002357,1.3660899255735441,Silver,2,3,4,9,Organic Loyalist
2398,37,Male,Sunglasses,Accessories,26,West Virginia,L,Black,Fall,2.9,0,Store Pickup,0,0,41,Venmo,Monthly,12,0.5187092877182695,20.51497431840863,2.3996554557680767,0.4978957036975,0.43450134770889487,Platinum,5,2,1,8,Organic Loyalist
2399,65,Male,Jacket,Outerwear,81,Florida,M,Orange,Winter,4.3,0,Free Shipping,0,0,44,Bank Transfer,Fortnightly,26,0.6872666639219928,78.7433721336116,3.3361111111111157,0.7534533327843985,1.4167566400345497,Platinum,5,2,4,11,Champion
2400,55,Male,Dress,Clothing,44,New Hampshire,L,Beige,Spring,3.2,0,Store Pickup,0,0,31,Cash,Monthly,12,0.4910444072393027,22.430883910192257,0.4712640708417055,0.5283627276017067,0.7330238625028773,Gold,4,2,2,8,Organic Loyalist
2401,43,Male,Sunglasses,Accessories,88,Oregon,M,Peach,Winter,4.2,0,Next Day Air,0,0,11,Credit Card,Bi-Weekly,26,0.5527992725929946,64.51418792318205,2.3996554557680767,0.7145598545185989,1.4706199460916443,Bronze,2,2,5,9,Organic Loyalist
2402,43,Male,Boots,Footwear,76,Oregon,M,Pink,Winter,4.2,0,Standard,0,0,25,PayPal,Bi-Weekly,26,0.6314589040678263,71.31629989035785,-2.7198160345219193,0.7302917808135653,1.261297204444075,Silver,3,2,4,9,Organic Loyalist
2403,45,Male,Scarf,Accessories,89,Utah,M,Brown,Winter,3.8,0,Free Shipping,0,0,31,Cash,Weekly,52,0.9525828687777642,222.89496344529073,2.3996554557680767,0.8465165737555528,1.4873315363881403,Gold,4,3,5,12,Champion
2404,64,Male,Shorts,Clothing,22,Missouri,M,Magenta,Fall,4.4,0,Standard,0,0,40,Debit Card,Weekly,52,0.9777962110828611,159.42546693880294,0.4712640708417055,0.9235592422165722,0.36651193125143866,Platinum,4,3,1,8,Organic Loyalist
2405,28,Male,Shorts,Clothing,33,West Virginia,L,Cyan,Winter,3.1,0,2-Day Shipping,0,0,23,Credit Card,Bi-Weekly,26,0.6233158463485474,57.14894626821199,0.4712640708417055,0.5966631692697095,0.549767896877158,Silver,3,2,1,6,Occasional Buyer
2406,69,Male,Jeans,Clothing,97,California,XL,Silver,Fall,5.0,0,Standard,0,0,5,Debit Card,Quarterly,4,0.2284365449912879,4.189496518899689,0.4712640708417055,0.661071924382873,1.6159844241540704,Bronze,1,1,5,7,Occasional Buyer
2407,54,Male,Scarf,Accessories,57,California,M,Indigo,Winter,4.7,0,Standard,0,0,26,PayPal,Weekly,52,0.9352983752456666,197.48173902816782,2.3996554557680767,0.9510596750491334,0.9525606469002695,Gold,3,3,3,9,Organic Loyalist
2408,52,Male,Shorts,Clothing,38,Illinois,M,Beige,Summer,3.0,0,Express,0,0,11,Credit Card,Bi-Weekly,26,0.5527992725929946,52.655569540081615,0.4712640708417055,0.5705598545185989,0.6330660630706668,Bronze,2,2,2,6,Occasional Buyer
2409,23,Male,Sneakers,Footwear,55,Hawaii,XL,Black,Fall,4.2,0,Next Day Air,0,0,44,Debit Card,Every 3 Months,4,0.4334205100758389,6.978679932132277,-2.7198160345219193,0.6060687173997832,0.9127808716371595,Platinum,5,1,3,9,Organic Loyalist
2410,26,Male,Jewelry,Accessories,37,Washington,L,Yellow,Spring,3.0,0,Store Pickup,0,0,47,Cash,Every 3 Months,4,0.43998626625794646,6.401951810438378,2.3996554557680767,0.4633818686362047,0.6183288409703505,Platinum,5,1,2,8,Organic Loyalist
2411,48,Male,Shoes,Footwear,43,Wisconsin,M,Maroon,Summer,3.7,0,Free Shipping,0,0,46,PayPal,Monthly,12,0.5301521129026361,24.07435356055223,-2.7198160345219193,0.5961842687343734,0.7136286814617793,Platinum,5,2,2,9,Organic Loyalist
2412,49,Male,Hoodie,Clothing,96,Virginia,M,Cyan,Summer,2.7,0,Free Shipping,0,0,35,Cash,Every 3 Months,4,0.41071924382872965,7.515687335303589,0.4712640708417055,0.4215284641503613,1.5993247909153687,Gold,4,1,5,10,Organic Loyalist
2413,53,Male,Jacket,Outerwear,51,Oregon,M,Pink,Winter,4.3,0,2-Day Shipping,0,0,8,Bank Transfer,Bi-Weekly,26,0.5235322501637778,53.78369138829512,3.3361111111111157,0.7207064500327556,0.8920319585402721,Bronze,1,2,2,5,At-Risk / One-Timer
2414,69,Male,Shorts,Clothing,95,Pennsylvania,XL,Violet,Fall,2.7,0,2-Day Shipping,0,0,30,Bank Transfer,Weekly,52,0.9493529495208839,225.32522574693573,0.4712640708417055,0.7138705899041768,1.582665157676667,Gold,3,3,5,11,Champion
2415,26,Male,Socks,Clothing,26,Virginia,M,Lavender,Summer,3.7,0,Next Day Air,0,0,14,Credit Card,Bi-Weekly,26,0.5755005388401039,49.315653200178836,0.4712640708417055,0.6591001077680209,0.4331504642062457,Silver,2,2,1,5,At-Risk / One-Timer
2416,21,Male,Coat,Outerwear,34,Hawaii,XL,Lavender,Fall,4.3,0,Standard,0,0,30,Bank Transfer,Weekly,52,0.9493529495208839,175.51456877491324,3.3361111111111157,0.9058705899041768,0.5946879723601813,Gold,3,3,1,7,Occasional Buyer
2417,59,Male,Sandals,Footwear,83,Nebraska,S,Black,Summer,4.0,0,Next Day Air,0,0,26,Credit Card,Every 3 Months,4,0.3814522213995128,6.760579642132241,-2.7198160345219193,0.5716750596645179,1.3774693153797135,Gold,3,1,4,8,Organic Loyalist
2418,21,Male,Backpack,Accessories,24,Alaska,M,Olive,Fall,3.3,0,Standard,0,0,32,Venmo,Fortnightly,26,0.6557133899698174,54.87715945442172,2.3996554557680767,0.6271426779939635,0.401078167115903,Gold,4,2,1,7,Occasional Buyer
2419,22,Male,Pants,Clothing,69,Michigan,S,Indigo,Fall,4.0,0,Next Day Air,0,0,47,Cash,Every 3 Months,4,0.43998626625794646,7.4771182350557925,0.4712640708417055,0.5833818686362047,1.1495146934704212,Platinum,5,1,4,10,Organic Loyalist
2420,26,Male,Sweater,Clothing,40,North Carolina,M,Blue,Fall,2.7,0,Next Day Air,0,0,11,Credit Card,Every 3 Months,4,0.2989531187468407,4.4407358041296146,0.4712640708417055,0.39917523913398356,0.6663853295480703,Bronze,2,1,2,5,At-Risk / One-Timer
2421,41,Male,Jacket,Outerwear,87,North Carolina,S,Green,Winter,4.2,0,Free Shipping,0,0,28,PayPal,Annually,1,0.354106636684449,1.5854546806783427,3.3361111111111157,0.5786674811830437,1.5217015763334052,Gold,3,1,5,9,Organic Loyalist
2422,37,Male,Sneakers,Footwear,46,Minnesota,L,Pink,Spring,4.6,0,Standard,0,0,2,Debit Card,Every 3 Months,4,0.15791997123573503,2.4320607940615466,-2.7198160345219193,0.5989686096317623,0.7634167290056243,Bronze,1,1,2,4,At-Risk / One-Timer
2423,30,Male,Jewelry,Accessories,82,Georgia,M,Peach,Winter,4.8,0,Store Pickup,0,0,45,Credit Card,Weekly,52,0.9895026640676601,227.36763678226478,2.3996554557680767,0.9739005328135321,1.3703504043126684,Platinum,5,3,4,12,Champion
2424,49,Male,Backpack,Accessories,81,West Virginia,M,Purple,Summer,2.8,0,Free Shipping,0,0,7,Credit Card,Every 3 Months,4,0.2577035674205047,4.542509082562397,2.3996554557680767,0.4029253288687163,1.3536388140161726,Bronze,1,1,4,6,Occasional Buyer
2425,49,Male,Jewelry,Accessories,57,Delaware,M,Peach,Winter,4.5,0,Next Day Air,0,0,28,Bank Transfer,Bi-Weekly,26,0.6425681751459875,67.8368978448484,2.3996554557680767,0.7685136350291976,0.9525606469002695,Gold,3,2,3,8,Organic Loyalist
2426,58,Male,Shoes,Footwear,49,North Dakota,S,Olive,Summer,3.0,0,2-Day Shipping,0,0,34,Bank Transfer,Quarterly,4,0.40785331033135047,6.382126131425072,-2.7198160345219193,0.4569552774508855,0.8132047765494694,Gold,4,1,2,7,Occasional Buyer
2427,70,Male,Jacket,Outerwear,42,Florida,M,Olive,Fall,4.6,0,Free Shipping,0,0,26,Debit Card,Every 3 Months,4,0.3814522213995128,5.738872557037656,3.3361111111111157,0.643675059664518,0.7346145540919887,Gold,3,1,2,6,Occasional Buyer
2428,27,Male,Jacket,Outerwear,26,Oregon,M,Purple,Spring,3.3,0,Standard,0,0,45,Cash,Quarterly,4,0.43565651022150625,5.743411149211329,3.3361111111111157,0.4985159174289166,0.454761390628374,Platinum,5,1,1,7,Occasional Buyer
2429,65,Male,T-shirt,Clothing,38,Idaho,M,Violet,Spring,4.4,0,Next Day Air,0,0,34,Debit Card,Annually,1,0.37323792571596587,1.3673801495339986,0.4712640708417055,0.606493738989347,0.6330660630706668,Gold,4,1,2,7,Occasional Buyer
2430,57,Male,Sneakers,Footwear,57,Virginia,XL,Maroon,Summer,4.4,0,Standard,0,0,47,Credit Card,Fortnightly,26,0.6938324201041003,73.24894201825722,-2.7198160345219193,0.76676648402082,0.9459729033330563,Platinum,5,2,3,10,Organic Loyalist
2431,20,Male,Jacket,Outerwear,100,North Dakota,XL,White,Summer,4.3,0,Express,0,0,42,Cash,Quarterly,4,0.4287954449459535,7.915770621992587,3.3361111111111157,0.6171437043738061,1.7490822716475922,Platinum,5,1,5,11,Champion
2432,34,Male,Hoodie,Clothing,73,Alabama,S,Olive,Fall,3.4,0,Express,0,0,27,Bank Transfer,Every 3 Months,4,0.3851520440842412,6.630877874076865,0.4712640708417055,0.5004150242014636,1.2161532264252284,Gold,3,1,4,8,Organic Loyalist
2433,59,Male,Jacket,Outerwear,66,Hawaii,M,Peach,Winter,2.8,0,Store Pickup,0,0,43,Venmo,Monthly,12,0.5234419508605727,26.410950089556703,3.3361111111111157,0.4868422363259607,1.1543942992874108,Platinum,5,2,3,10,Organic Loyalist
2434,54,Male,T-shirt,Clothing,73,Oregon,M,Blue,Spring,3.4,0,Standard,0,0,16,Cash,Bi-Weekly,26,0.5882338749181111,65.82671907955702,0.4712640708417055,0.6256467749836222,1.2161532264252284,Silver,2,2,4,8,Organic Loyalist
2435,36,Male,Gloves,Accessories,45,Utah,M,Brown,Spring,5.0,0,Store Pickup,0,0,40,Credit Card,Monthly,12,0.5162577495443996,23.71878949396785,2.3996554557680767,0.749405396062726,0.7520215633423181,Platinum,4,2,2,8,Organic Loyalist
2436,21,Male,Sneakers,Footwear,27,Hawaii,S,Black,Fall,4.5,0,Free Shipping,0,0,29,Cash,Bi-Weekly,26,0.6460171125956566,55.969189542281846,-2.7198160345219193,0.7692034225191313,0.44809242789460557,Gold,3,2,1,6,Occasional Buyer
2437,52,Male,T-shirt,Clothing,24,Connecticut,M,Yellow,Fall,2.7,0,Store Pickup,0,0,38,Credit Card,Quarterly,4,0.4188623015480085,5.393062945606156,0.4712640708417055,0.4231570756942171,0.3998311977288422,Gold,4,1,1,6,Occasional Buyer
2438,43,Male,Sneakers,Footwear,59,Wyoming,XL,Magenta,Winter,3.4,0,Store Pickup,0,0,34,Credit Card,Weekly,52,0.9616994641775043,204.75150652564776,-2.7198160345219193,0.8003398928355009,0.979164935028953,Gold,4,3,3,10,Organic Loyalist
2439,32,Male,Jeans,Clothing,20,Delaware,S,Cyan,Winter,3.4,0,Express,0,0,30,Venmo,Weekly,52,0.9493529495208839,150.29697051903264,0.4712640708417055,0.7978705899041768,0.33319266477403514,Gold,3,3,1,7,Occasional Buyer
2440,55,Male,Handbag,Accessories,44,Arkansas,M,Maroon,Summer,2.8,0,Standard,0,0,45,Bank Transfer,Annually,1,0.40104112560612165,1.5266282097000905,2.3996554557680767,0.42005437896737813,0.7353099730458221,Platinum,5,1,2,8,Organic Loyalist
2441,31,Male,Socks,Clothing,90,Indiana,M,Red,Spring,4.7,0,Standard,0,0,47,Bank Transfer,Annually,1,0.40537088164256185,1.828571095122467,0.4712640708417055,0.6489203301746662,1.4993669914831582,Platinum,5,1,5,11,Champion
2442,45,Male,Jewelry,Accessories,36,California,M,Black,Fall,4.7,0,Free Shipping,0,0,5,Credit Card,Monthly,12,0.3207442372989802,13.89817334208357,2.3996554557680767,0.6743026936136423,0.6016172506738545,Bronze,1,2,2,5,At-Risk / One-Timer
2443,53,Male,Blouse,Clothing,95,Wyoming,L,Violet,Winter,4.7,0,Free Shipping,0,0,50,Debit Card,Bi-Weekly,26,0.7,83.07113708471461,0.4712640708417055,0.804,1.582665157676667,Platinum,5,2,5,12,Champion
2444,24,Male,Backpack,Accessories,30,South Dakota,M,Green,Spring,3.4,0,2-Day Shipping,0,0,24,Bank Transfer,Bi-Weekly,26,0.62746882751643,56.02271804752266,2.3996554557680767,0.633493765503286,0.5013477088948787,Silver,3,2,1,6,Occasional Buyer
2445,47,Male,Scarf,Accessories,65,West Virginia,S,Gold,Fall,3.7,0,Express,0,0,15,Debit Card,Bi-Weekly,26,0.5820662950222113,63.40507714095256,2.3996554557680767,0.6604132590044423,1.0862533692722371,Silver,2,2,3,7,Occasional Buyer
2446,63,Male,Scarf,Accessories,96,Tennessee,M,Brown,Summer,4.1,0,Store Pickup,0,0,50,Cash,Weekly,52,1.0,237.8849708821759,2.3996554557680767,0.8919999999999999,1.604312668463612,Platinum,5,3,5,13,Champion
2447,38,Male,Shirt,Clothing,65,Alaska,L,Peach,Spring,2.9,0,2-Day Shipping,0,0,7,Credit Card,Monthly,12,0.350011259728197,17.5971160089946,0.4712640708417055,0.46415609809948555,1.0828761605156143,Bronze,1,2,3,6,Occasional Buyer
2448,59,Male,Pants,Clothing,47,South Dakota,L,Peach,Fall,3.2,0,Store Pickup,0,0,10,Venmo,Fortnightly,26,0.5439472648879285,54.74895924458302,0.4712640708417055,0.5927894529775857,0.7830027622189826,Bronze,1,2,2,5,At-Risk / One-Timer
2449,54,Male,Hat,Accessories,25,Tennessee,S,Violet,Fall,3.0,0,Free Shipping,0,0,38,PayPal,Bi-Weekly,26,0.6727084553941624,56.98547633005498,2.3996554557680767,0.5945416910788325,0.41778975741239893,Gold,4,2,1,7,Occasional Buyer
2450,26,Male,Coat,Outerwear,56,Alabama,S,Violet,Fall,4.1,0,Express,0,0,31,Venmo,Fortnightly,26,0.6525828687777642,68.59907586945523,3.3361111111111157,0.7225165737555528,0.9794860721226516,Gold,4,2,3,9,Organic Loyalist
2451,68,Male,T-shirt,Clothing,76,North Carolina,M,Magenta,Fall,4.5,0,Standard,0,0,7,Venmo,Quarterly,4,0.2577035674205047,4.477656613568899,0.4712640708417055,0.6069253288687163,1.2661321261413336,Bronze,1,1,4,6,Occasional Buyer
2452,41,Male,Socks,Clothing,60,Oklahoma,M,Purple,Fall,3.4,0,Store Pickup,0,0,27,Venmo,Monthly,12,0.4774597363919335,23.553321018344143,0.4712640708417055,0.5496457934322329,0.9995779943221055,Gold,3,2,3,8,Organic Loyalist
2453,68,Male,Shirt,Clothing,67,New York,L,Purple,Winter,4.1,0,Express,0,0,45,Bank Transfer,Every 3 Months,4,0.43565651022150625,7.353024006759116,0.4712640708417055,0.5945159174289165,1.1161954269930177,Platinum,5,1,3,9,Organic Loyalist
2454,21,Male,Sweater,Clothing,95,Iowa,XL,Cyan,Spring,4.6,0,Store Pickup,0,0,13,Cash,Annually,1,0.2800200857133037,1.2781091718001862,0.4712640708417055,0.6118501709888146,1.582665157676667,Bronze,2,1,5,8,Organic Loyalist
2455,32,Male,Gloves,Accessories,72,Alaska,M,Magenta,Winter,4.6,0,Express,0,0,33,Venmo,Annually,1,0.37028891021212557,1.588709550772163,2.3996554557680767,0.6299039358885788,1.203234501347709,Gold,4,1,4,9,Organic Loyalist
2456,20,Male,Belt,Accessories,98,Alaska,L,Lavender,Spring,3.4,0,Express,0,0,25,Cash,Every 3 Months,4,0.3776127502216725,6.940703376830088,2.3996554557680767,0.49890716542894986,1.6377358490566039,Silver,3,1,5,9,Organic Loyalist
2457,59,Male,Jeans,Clothing,83,Nebraska,M,Green,Winter,3.3,0,2-Day Shipping,0,0,5,PayPal,Monthly,12,0.3207442372989802,17.05390745707809,0.4712640708417055,0.5063026936136421,1.3827495588122458,Bronze,1,2,4,7,Occasional Buyer
2458,53,Male,Handbag,Accessories,37,Delaware,M,Maroon,Fall,3.6,0,2-Day Shipping,0,0,23,Cash,Quarterly,4,0.3694696925023936,5.375911359540282,2.3996554557680767,0.5212785538850941,0.6183288409703505,Silver,3,1,2,6,Occasional Buyer
2459,66,Male,T-shirt,Clothing,85,Texas,L,Turquoise,Fall,4.6,0,Free Shipping,0,0,17,Bank Transfer,Weekly,52,0.8940488239193305,207.0850060002723,0.4712640708417055,0.9308097647838661,1.4160688252896494,Silver,2,3,5,10,Organic Loyalist
2460,47,Male,Socks,Clothing,36,Missouri,L,Violet,Fall,4.3,0,2-Day Shipping,0,0,14,Cash,Weekly,52,0.8755005388401038,164.39075006782488,0.4712640708417055,0.8911001077680207,0.5997467965932632,Silver,2,3,2,7,Occasional Buyer
2461,58,Male,Jeans,Clothing,36,Maine,S,Lavender,Winter,4.0,0,Store Pickup,0,0,28,Credit Card,Annually,1,0.354106636684449,1.2786499973900773,0.4712640708417055,0.5546674811830437,0.5997467965932632,Gold,3,1,2,6,Occasional Buyer
2462,28,Male,Scarf,Accessories,86,Pennsylvania,L,Red,Summer,4.8,0,Next Day Air,0,0,19,Credit Card,Weekly,52,0.9047675612693207,210.11165746313432,2.3996554557680767,0.9569535122538642,1.4371967654986524,Silver,2,3,5,10,Organic Loyalist
2463,68,Male,Pants,Clothing,99,Missouri,XL,Orange,Spring,4.3,0,Standard,0,0,31,Bank Transfer,Bi-Weekly,26,0.6525828687777642,78.13663445073041,0.4712640708417055,0.7465165737555528,1.649303690631474,Gold,4,2,5,11,Champion
2464,60,Male,Blouse,Clothing,21,Mississippi,XL,Indigo,Summer,3.3,0,Standard,0,0,25,Cash,Bi-Weekly,26,0.6314589040678263,50.74852328064395,0.4712640708417055,0.6222917808135653,0.34985229801273693,Silver,3,2,1,6,Occasional Buyer
2465,47,Male,Jacket,Outerwear,84,Hawaii,L,Teal,Winter,2.8,0,Express,0,0,4,Cash,Bi-Weekly,26,0.46373441375821495,53.565467174979084,3.3361111111111157,0.5287468827516429,1.4692291081839775,Bronze,1,2,4,7,Occasional Buyer
2466,18,Male,Sandals,Footwear,63,Texas,M,Brown,Spring,4.4,0,Free Shipping,0,0,20,Bank Transfer,Weekly,52,0.9097311755011782,196.74021100223143,-2.7198160345219193,0.9099462351002356,1.0455489984207464,Silver,2,3,3,8,Organic Loyalist
2467,32,Male,Shorts,Clothing,84,South Dakota,S,Pink,Summer,3.7,0,Express,0,0,37,Cash,Annually,1,0.38160432910400116,1.695334952176035,0.4712640708417055,0.5241670196669541,1.3994091920509477,Gold,4,1,4,9,Organic Loyalist
2468,27,Male,Shorts,Clothing,72,New Jersey,M,Lavender,Spring,3.6,0,Express,0,0,28,Credit Card,Annually,1,0.354106636684449,1.5192801625360974,0.4712640708417055,0.5066674811830436,1.1994935931865265,Gold,3,1,4,8,Organic Loyalist
2469,65,Male,Skirt,Clothing,21,Connecticut,L,Cyan,Winter,3.7,0,2-Day Shipping,0,0,6,Venmo,Weekly,52,0.7979650504192893,128.26028005139608,0.4712640708417055,0.8035930100838579,0.34985229801273693,Bronze,1,3,1,5,At-Risk / One-Timer
2470,68,Male,Sandals,Footwear,92,Maryland,M,Yellow,Fall,5.0,0,Standard,0,0,27,PayPal,Annually,1,0.3505366594688566,1.5888422850401749,-2.7198160345219193,0.6739534857399251,1.5268334580112486,Gold,3,1,5,9,Organic Loyalist
2471,55,Male,Blouse,Clothing,72,Arizona,XL,Pink,Fall,2.7,0,Next Day Air,0,0,29,Credit Card,Fortnightly,26,0.6460171125956566,72.06446571686591,0.4712640708417055,0.5532034225191313,1.1994935931865265,Gold,3,2,4,9,Organic Loyalist
2472,30,Male,Sandals,Footwear,83,Oklahoma,M,Gray,Spring,4.3,0,Store Pickup,0,0,1,Cash,Annually,1,0.08205503529401438,0.36357082881039987,-2.7198160345219193,0.5362571609049567,1.3774693153797135,Bronze,1,1,4,6,Occasional Buyer
2473,24,Male,Shirt,Clothing,73,Utah,M,Peach,Summer,4.1,0,Standard,0,0,31,Credit Card,Annually,1,0.3641213303162258,1.5672019075051329,0.4712640708417055,0.5686704199093989,1.2161532264252284,Gold,4,1,4,9,Organic Loyalist
2474,57,Male,Socks,Clothing,98,Arkansas,M,Red,Winter,2.6,0,Next Day Air,0,0,28,Cash,Quarterly,4,0.38872202129983363,7.144897105037225,0.4712640708417055,0.40512901964458214,1.6326440573927723,Gold,3,1,5,9,Organic Loyalist
2475,23,Male,T-shirt,Clothing,76,North Carolina,M,Olive,Fall,3.2,0,Store Pickup,0,0,19,Bank Transfer,Quarterly,4,0.3509214074231668,6.0973372488371105,0.4712640708417055,0.46956889686924874,1.2661321261413336,Silver,2,1,4,7,Occasional Buyer
2476,69,Male,Dress,Clothing,43,California,S,Lavender,Summer,3.5,0,Next Day Air,0,0,36,Venmo,Monthly,12,0.5058143409450253,22.96916862829634,0.4712640708417055,0.5673167143428512,0.7163642292641755,Gold,4,2,2,8,Organic Loyalist
2477,60,Male,Hat,Accessories,60,Colorado,M,Turquoise,Summer,3.7,0,Next Day Air,0,0,28,Cash,Monthly,12,0.48102971360752594,23.72942973071942,2.3996554557680767,0.5863597888753513,1.0026954177897573,Gold,3,2,3,8,Organic Loyalist
2478,25,Male,Gloves,Accessories,40,California,L,Turquoise,Spring,3.8,0,2-Day Shipping,0,0,29,PayPal,Weekly,52,0.9460171125956567,182.68134164589372,2.3996554557680767,0.8452034225191313,0.6684636118598383,Gold,3,3,2,8,Organic Loyalist
2479,18,Male,Socks,Clothing,93,Vermont,S,Maroon,Winter,4.8,0,2-Day Shipping,0,0,9,Bank Transfer,Every 3 Months,4,0.28040483366761404,5.095847270901436,0.4712640708417055,0.6474655821181382,1.5493458911992635,Bronze,1,1,5,7,Occasional Buyer
2480,37,Male,Dress,Clothing,98,Kansas,S,Olive,Fall,4.2,0,Standard,0,0,26,Credit Card,Every 3 Months,4,0.3814522213995128,7.011274697723342,0.4712640708417055,0.595675059664518,1.6326440573927723,Gold,3,1,5,9,Organic Loyalist
2481,61,Male,Socks,Clothing,91,Ohio,XL,Maroon,Summer,2.9,0,Next Day Air,0,0,7,Credit Card,Fortnightly,26,0.5115497212666585,60.141111841621125,0.4712640708417055,0.5503099442533317,1.51602662472186,Bronze,1,2,5,8,Organic Loyalist
2482,41,Male,Belt,Accessories,92,New Jersey,XL,Cyan,Fall,2.9,0,Free Shipping,0,0,35,Debit Card,Weekly,52,0.9645653976748835,227.343408895946,2.3996554557680767,0.7409130795349768,1.537466307277628,Gold,4,3,5,12,Champion
2483,69,Male,Handbag,Accessories,87,Arizona,S,Peach,Winter,4.8,0,Next Day Air,0,0,46,Credit Card,Every 3 Months,4,0.43784442059494383,7.841507773374488,2.3996554557680767,0.6789534995036042,1.4539083557951482,Platinum,5,1,5,11,Champion
2484,32,Male,Skirt,Clothing,96,Arizona,S,Teal,Fall,2.9,0,Standard,0,0,8,Debit Card,Monthly,12,0.3619937886253162,19.872203507691207,0.4712640708417055,0.4665526038789094,1.5993247909153687,Bronze,1,2,5,8,Organic Loyalist
2485,60,Male,Hoodie,Clothing,97,New Hampshire,M,Green,Summer,4.8,0,2-Day Shipping,0,0,50,Cash,Every 3 Months,4,0.4461538461538462,8.182403500396713,0.4712640708417055,0.6806153846153846,1.6159844241540704,Platinum,5,1,5,11,Champion
2486,43,Male,Blouse,Clothing,55,Louisiana,M,Beige,Spring,4.6,0,2-Day Shipping,0,0,37,Bank Transfer,Annually,1,0.38160432910400116,1.5360916313506436,0.4712640708417055,0.632167019666954,0.9162798281285967,Gold,4,1,3,8,Organic Loyalist
2487,61,Male,Jeans,Clothing,58,Texas,L,Magenta,Spring,4.4,0,Store Pickup,0,0,6,Credit Card,Fortnightly,26,0.49796505041928935,52.792249609867355,0.4712640708417055,0.7275930100838579,0.9662587278447019,Bronze,1,2,3,6,Occasional Buyer
2488,57,Male,Boots,Footwear,21,Montana,L,Violet,Spring,3.0,0,Next Day Air,0,0,16,PayPal,Bi-Weekly,26,0.5882338749181111,47.27465287675901,-2.7198160345219193,0.5776467749836222,0.34851633280691546,Silver,2,2,1,5,At-Risk / One-Timer
2489,56,Male,Handbag,Accessories,82,New Hampshire,XL,Charcoal,Summer,4.4,0,Express,0,0,30,PayPal,Monthly,12,0.48781448798242233,25.8668936228188,2.3996554557680767,0.6717167437503307,1.3703504043126684,Gold,3,2,4,9,Organic Loyalist
2490,66,Male,Coat,Outerwear,34,South Dakota,M,Green,Winter,3.9,0,Express,0,0,50,Venmo,Quarterly,4,0.4461538461538462,6.344928848196492,3.3361111111111157,0.5726153846153846,0.5946879723601813,Platinum,5,1,1,7,Occasional Buyer
2491,52,Male,Blouse,Clothing,78,Montana,M,Gray,Spring,4.0,0,Free Shipping,0,0,5,Cash,Every 3 Months,4,0.2284365449912879,3.992566283748676,0.4712640708417055,0.541071924382873,1.299451392618737,Bronze,1,1,4,6,Occasional Buyer
2492,63,Male,Handbag,Accessories,47,North Carolina,M,Magenta,Spring,2.5,0,Express,0,0,15,Bank Transfer,Monthly,12,0.42052783348374984,19.535373289166373,2.3996554557680767,0.4302594128505961,0.78544474393531,Silver,2,2,2,6,Occasional Buyer
2493,50,Male,Sunglasses,Accessories,96,South Dakota,S,Silver,Summer,4.1,0,Next Day Air,0,0,34,Bank Transfer,Bi-Weekly,26,0.6616994641775042,78.7041788843085,2.3996554557680767,0.7243398928355008,1.604312668463612,Gold,4,2,5,11,Champion
2494,21,Male,Socks,Clothing,23,Maine,S,Beige,Fall,4.8,0,2-Day Shipping,0,0,6,Venmo,Every 3 Months,4,0.2441188965731355,3.1032919772582694,0.4712640708417055,0.6402083946992425,0.38317156449014045,Bronze,1,1,1,3,At-Risk / One-Timer
2495,42,Male,Shoes,Footwear,27,Oklahoma,S,Peach,Winter,2.6,0,Store Pickup,0,0,26,Debit Card,Annually,1,0.3468368367841282,1.155731271826973,-2.7198160345219193,0.38521352120297947,0.44809242789460557,Gold,3,1,1,5,At-Risk / One-Timer
2496,40,Male,Backpack,Accessories,37,Nebraska,XL,Orange,Spring,3.1,0,Free Shipping,0,0,34,Credit Card,Every 3 Months,4,0.40785331033135047,5.934406227439644,2.3996554557680767,0.4689552774508855,0.6183288409703505,Gold,4,1,2,7,Occasional Buyer
2497,67,Male,Scarf,Accessories,79,Illinois,S,Yellow,Summer,3.2,0,Store Pickup,0,0,37,Credit Card,Weekly,52,0.9700658675655396,221.04443239113144,2.3996554557680767,0.778013173513108,1.3202156334231807,Gold,4,3,4,11,Champion
2498,35,Male,Backpack,Accessories,40,Colorado,M,Violet,Summer,4.2,0,Standard,0,0,28,Bank Transfer,Annually,1,0.354106636684449,1.3150005146259809,2.3996554557680767,0.5786674811830437,0.6684636118598383,Gold,3,1,2,6,Occasional Buyer
2499,18,Male,Coat,Outerwear,39,Massachusetts,S,Green,Fall,2.6,0,Next Day Air,0,0,38,Cash,Fortnightly,26,0.6727084553941624,64.52005039251843,3.3361111111111157,0.5465416910788325,0.682142085942561,Gold,4,2,2,8,Organic Loyalist
2500,52,Male,Hoodie,Clothing,73,Louisiana,L,Pink,Summer,3.1,0,Next Day Air,0,0,2,Cash,Quarterly,4,0.15791997123573503,2.718791342862135,0.4712640708417055,0.4189686096317624,1.2161532264252284,Bronze,1,1,4,6,Occasional Buyer
2501,59,Male,Gloves,Accessories,84,Massachusetts,M,Violet,Fall,2.9,0,Store Pickup,0,0,32,Cash,Bi-Weekly,26,0.6557133899698174,75.74075381202029,2.3996554557680767,0.5791426779939635,1.4037735849056605,Gold,4,2,4,10,Organic Loyalist
2502,49,Male,Shorts,Clothing,94,West Virginia,M,Violet,Fall,4.6,0,Free Shipping,0,0,30,Venmo,Bi-Weekly,26,0.6493529495208838,76.88390817421094,0.4712640708417055,0.7818705899041767,1.5660055244379651,Gold,3,2,5,10,Organic Loyalist
2503,46,Male,Skirt,Clothing,47,Idaho,L,Pink,Spring,4.1,0,Standard,0,0,17,PayPal,Every 3 Months,4,0.3402026700731767,5.267971681203382,0.4712640708417055,0.5754251493992507,0.7830027622189826,Silver,2,1,2,5,At-Risk / One-Timer
2504,69,Male,Boots,Footwear,77,Ohio,M,Violet,Summer,2.5,0,Store Pickup,0,0,5,Debit Card,Bi-Weekly,26,0.48228269883744174,54.630297565603776,-2.7198160345219193,0.4964565397674884,1.2778932202920232,Bronze,1,2,4,7,Occasional Buyer
2505,56,Male,Shorts,Clothing,94,Rhode Island,M,Turquoise,Winter,4.0,0,Store Pickup,0,0,31,Cash,Bi-Weekly,26,0.6525828687777642,77.26633319551766,0.4712640708417055,0.7105165737555528,1.5660055244379651,Gold,4,2,5,11,Champion
2506,27,Male,Handbag,Accessories,75,Illinois,M,Cyan,Summer,3.5,0,Express,0,0,43,PayPal,Quarterly,4,0.43113425855288035,7.4685100306183445,2.3996554557680767,0.5216114670951915,1.2533692722371967,Platinum,5,1,4,10,Organic Loyalist
2507,57,Male,Dress,Clothing,82,New York,XL,Orange,Spring,4.4,0,Free Shipping,0,0,19,Venmo,Annually,1,0.3163060228077822,1.397705898073665,0.4712640708417055,0.5951073584077103,1.3660899255735441,Silver,2,1,4,7,Occasional Buyer
2508,58,Male,Shoes,Footwear,36,Louisiana,M,Cyan,Fall,2.9,0,Store Pickup,0,0,32,Credit Card,Every 3 Months,4,0.4018672361236636,5.804438405695052,-2.7198160345219193,0.4437580626093481,0.5974565705261408,Gold,4,1,2,7,Occasional Buyer
2509,23,Male,Sneakers,Footwear,90,California,XL,Indigo,Spring,3.1,0,2-Day Shipping,0,0,5,Debit Card,Bi-Weekly,26,0.48228269883744174,56.5632469188664,-2.7198160345219193,0.5684565397674883,1.493641426315352,Bronze,1,2,5,8,Organic Loyalist
2510,19,Male,Socks,Clothing,48,Washington,M,Black,Spring,4.4,0,Free Shipping,0,0,9,Bank Transfer,Quarterly,4,0.28040483366761404,4.365140893423817,0.4712640708417055,0.5994655821181382,0.7996623954576844,Bronze,1,1,2,4,At-Risk / One-Timer
2511,40,Male,Jacket,Outerwear,42,South Dakota,L,Purple,Winter,4.4,0,Standard,0,0,48,Credit Card,Weekly,52,0.9959301008385787,194.7864053458317,3.3361111111111157,0.9271860201677158,0.7346145540919887,Platinum,5,3,2,10,Organic Loyalist
2512,54,Male,Backpack,Accessories,33,Idaho,M,Cyan,Summer,2.7,0,Store Pickup,0,0,1,PayPal,Quarterly,4,0.116670419909399,1.6456878526355845,2.3996554557680767,0.3627186993664952,0.5514824797843666,Bronze,1,1,1,3,At-Risk / One-Timer
2513,50,Male,Socks,Clothing,63,North Dakota,M,Green,Summer,4.9,0,Free Shipping,0,0,20,Credit Card,Monthly,12,0.4481927139627167,22.36777315421523,0.4712640708417055,0.7237923889463896,1.0495568940382107,Silver,2,2,3,7,Occasional Buyer
2514,69,Male,Handbag,Accessories,53,Washington,L,Teal,Winter,3.5,0,2-Day Shipping,0,0,42,Cash,Annually,1,0.3941800603305689,1.5723779721323825,2.3996554557680767,0.5026821659122676,0.8857142857142858,Platinum,5,1,3,9,Organic Loyalist
2515,42,Male,Hat,Accessories,37,Alaska,L,Teal,Spring,4.8,0,Free Shipping,0,0,45,PayPal,Bi-Weekly,26,0.68950266406766,65.21125904558178,2.3996554557680767,0.8139005328135319,0.6183288409703505,Platinum,5,2,2,9,Organic Loyalist
2516,37,Male,Blouse,Clothing,92,Kansas,M,Magenta,Summer,4.2,0,2-Day Shipping,0,0,41,Cash,Monthly,12,0.5187092877182695,28.21321745526858,0.4712640708417055,0.6538957036975002,1.5326862579605618,Platinum,5,2,5,12,Champion
2517,46,Male,Shorts,Clothing,73,Utah,XL,Brown,Spring,4.6,0,Standard,0,0,36,Debit Card,Quarterly,4,0.413506648637333,7.119038128831146,0.4712640708417055,0.650085945112082,1.2161532264252284,Gold,4,1,4,9,Organic Loyalist
2518,64,Male,Shirt,Clothing,38,Wyoming,L,Orange,Spring,2.9,0,Standard,0,0,10,Venmo,Annually,1,0.25548572642639006,0.935987708469294,0.4712640708417055,0.40294329913143184,0.6330660630706668,Bronze,1,1,2,4,At-Risk / One-Timer
2519,20,Male,Boots,Footwear,51,Maine,XL,Blue,Fall,4.0,0,Store Pickup,0,0,31,Venmo,Annually,1,0.3641213303162258,1.4387321192135003,-2.7198160345219193,0.556670419909399,0.8463968082453661,Gold,4,1,2,7,Occasional Buyer
2520,40,Male,Jacket,Outerwear,90,Michigan,L,Magenta,Spring,4.9,0,Standard,0,0,21,Credit Card,Quarterly,4,0.36061768479732753,6.506782846744487,3.3361111111111157,0.6755081523440809,1.574174044482833,Silver,3,1,5,9,Organic Loyalist
2521,64,Male,Jacket,Outerwear,56,Illinois,L,Magenta,Summer,3.1,0,Next Day Air,0,0,16,Cash,Every 3 Months,4,0.3343877210719573,5.407786798513132,3.3361111111111157,0.45426215959900684,0.9794860721226516,Silver,2,1,3,6,Occasional Buyer
2522,29,Male,Handbag,Accessories,33,Minnesota,M,Magenta,Fall,4.4,0,Standard,0,0,18,PayPal,Every 3 Months,4,0.34570313996383295,4.876295624017265,2.3996554557680767,0.6125252433773819,0.5514824797843666,Silver,2,1,1,4,At-Risk / One-Timer
2523,20,Male,Belt,Accessories,53,Massachusetts,S,Olive,Winter,2.5,0,2-Day Shipping,0,0,20,Debit Card,Weekly,52,0.9097311755011782,188.70296357829093,2.3996554557680767,0.6819462351002357,0.8857142857142858,Silver,2,3,3,8,Organic Loyalist
2524,43,Male,Handbag,Accessories,24,New Jersey,S,Cyan,Spring,3.4,0,Express,0,0,21,Bank Transfer,Annually,1,0.32600230018194293,1.0493609229070824,2.3996554557680767,0.4770466138825424,0.401078167115903,Silver,3,1,1,5,At-Risk / One-Timer
2525,60,Male,Coat,Outerwear,59,Kansas,M,Purple,Spring,3.7,0,Express,0,0,23,Credit Card,Quarterly,4,0.3694696925023936,6.050944905612187,3.3361111111111157,0.5332785538850942,1.0319585402720794,Silver,3,1,3,7,Occasional Buyer
2526,39,Male,Sweater,Clothing,72,Kentucky,M,Purple,Winter,4.2,0,Standard,0,0,20,PayPal,Weekly,52,0.9097311755011782,202.9645649634748,0.4712640708417055,0.8859462351002356,1.1994935931865265,Silver,2,3,4,9,Organic Loyalist
2527,47,Male,Shorts,Clothing,28,Rhode Island,S,Peach,Spring,3.4,0,Express,0,0,30,PayPal,Bi-Weekly,26,0.6493529495208838,56.85065045688833,0.4712640708417055,0.6378705899041768,0.4664697306836492,Gold,3,2,1,6,Occasional Buyer
2528,19,Male,Pants,Clothing,36,Illinois,M,Gold,Fall,3.6,0,Express,0,0,33,Bank Transfer,Every 3 Months,4,0.40490429482751017,5.848304684396939,0.4712640708417055,0.5283654743501174,0.5997467965932632,Gold,4,1,2,7,Occasional Buyer
2529,52,Male,Jewelry,Accessories,47,Alabama,S,Peach,Fall,4.7,0,2-Day Shipping,0,0,31,Debit Card,Monthly,12,0.4910444072393027,22.81117926846546,2.3996554557680767,0.7083627276017068,0.78544474393531,Gold,4,2,2,8,Organic Loyalist
2530,34,Male,Gloves,Accessories,62,Tennessee,M,Magenta,Spring,4.7,0,Next Day Air,0,0,48,Bank Transfer,Monthly,12,0.5343916393001171,26.568678699331358,2.3996554557680767,0.7170321740138696,1.0361185983827494,Platinum,5,2,3,10,Organic Loyalist
2531,25,Male,Skirt,Clothing,98,Massachusetts,S,Cyan,Spring,3.6,0,Free Shipping,0,0,28,Debit Card,Weekly,52,0.9425681751459875,225.2231140493601,0.4712640708417055,0.8205136350291975,1.6326440573927723,Gold,3,3,5,11,Champion
2532,43,Male,Sandals,Footwear,28,Texas,M,Violet,Summer,4.6,0,Free Shipping,0,0,7,Cash,Every 3 Months,4,0.2577035674205047,3.471056591790815,-2.7198160345219193,0.6189253288687163,0.46468844374255397,Bronze,1,1,1,3,At-Risk / One-Timer
2533,55,Male,Socks,Clothing,86,Nebraska,S,Charcoal,Summer,2.6,0,Next Day Air,0,0,4,Debit Card,Weekly,52,0.7637344137582149,177.35992138273298,0.4712640708417055,0.664746882751643,1.432728458528351,Bronze,1,3,5,9,Organic Loyalist
2534,66,Male,Jewelry,Accessories,46,Pennsylvania,S,Blue,Summer,3.1,0,Standard,0,0,49,Cash,Bi-Weekly,26,0.6979854012719828,69.87101728713489,2.3996554557680767,0.6115970802543965,0.768733153638814,Platinum,5,2,2,9,Organic Loyalist
2535,41,Male,Sunglasses,Accessories,42,Virginia,XL,Red,Fall,3.2,0,Free Shipping,0,0,22,Cash,Weekly,52,0.9189860903121072,179.73751063853896,2.3996554557680767,0.7677972180624215,0.7018867924528303,Silver,3,3,2,8,Organic Loyalist
2536,47,Male,Coat,Outerwear,80,Vermont,S,Purple,Winter,3.9,0,Express,0,0,39,Bank Transfer,Fortnightly,26,0.6752841350248735,77.15504670441788,3.3361111111111157,0.7030568270049746,1.3992658173180739,Platinum,4,2,4,10,Organic Loyalist
2537,51,Male,Belt,Accessories,39,Oklahoma,L,Gray,Spring,4.9,0,Express,0,0,45,PayPal,Every 3 Months,4,0.43565651022150625,6.42833739842837,2.3996554557680767,0.6905159174289166,0.6517520215633423,Platinum,5,1,2,8,Organic Loyalist
2538,44,Male,Coat,Outerwear,49,Maine,M,Purple,Summer,4.1,0,2-Day Shipping,0,0,30,PayPal,Fortnightly,26,0.6493529495208838,66.04737560637629,3.3361111111111157,0.7218705899041767,0.8570503131073202,Gold,3,2,2,7,Occasional Buyer
2539,18,Male,Scarf,Accessories,32,New Jersey,M,Silver,Summer,4.2,0,Next Day Air,0,0,33,Credit Card,Bi-Weekly,26,0.658750448673664,59.88647404757947,2.3996554557680767,0.7357500897347328,0.5347708894878707,Gold,4,2,1,7,Occasional Buyer
2540,33,Male,Sandals,Footwear,73,Massachusetts,M,Purple,Fall,4.1,0,Next Day Air,0,0,24,Cash,Bi-Weekly,26,0.62746882751643,70.21733361726757,-2.7198160345219193,0.717493765503286,1.2115091569002299,Silver,3,2,4,9,Organic Loyalist
2541,24,Male,Belt,Accessories,42,New Jersey,M,Charcoal,Summer,3.9,0,Free Shipping,0,0,11,Debit Card,Quarterly,4,0.2989531187468407,4.497690019270275,2.3996554557680767,0.5431752391339835,0.7018867924528303,Bronze,2,1,2,5,At-Risk / One-Timer
2542,33,Male,Scarf,Accessories,58,Washington,M,Silver,Spring,2.7,0,Next Day Air,0,0,13,Venmo,Every 3 Months,4,0.3146354703286883,5.131751645784455,2.3996554557680767,0.40231170945035305,0.9692722371967656,Bronze,2,1,3,6,Occasional Buyer
2543,61,Male,Jewelry,Accessories,22,Arkansas,M,White,Winter,3.7,0,Express,0,0,27,PayPal,Annually,1,0.3505366594688566,1.0991056682357259,2.3996554557680767,0.5179534857399252,0.36765498652291106,Gold,3,1,1,5,At-Risk / One-Timer
2544,27,Male,Scarf,Accessories,56,West Virginia,L,Peach,Spring,2.7,0,Next Day Air,0,0,30,PayPal,Bi-Weekly,26,0.6493529495208838,68.25954891164537,2.3996554557680767,0.5538705899041768,0.9358490566037736,Gold,3,2,3,8,Organic Loyalist
2545,46,Male,Pants,Clothing,70,Delaware,M,Red,Spring,2.5,0,Next Day Air,0,0,39,Venmo,Quarterly,4,0.42143798117871967,7.18582080716578,0.4712640708417055,0.3996722116203593,1.1661743267091231,Platinum,4,1,4,9,Organic Loyalist
2546,38,Male,Shoes,Footwear,50,Texas,L,Olive,Spring,3.9,0,Free Shipping,0,0,10,Debit Card,Annually,1,0.25548572642639006,1.0045253279584752,-2.7198160345219193,0.5229432991314318,0.8298007923974178,Bronze,1,1,2,4,At-Risk / One-Timer
2547,63,Male,Boots,Footwear,21,Texas,L,Gray,Summer,3.0,0,Express,0,0,4,Credit Card,Quarterly,4,0.20988825991206111,2.595094087398741,-2.7198160345219193,0.4173622673670276,0.34851633280691546,Bronze,1,1,1,3,At-Risk / One-Timer
2548,47,Male,Jacket,Outerwear,97,Mississippi,M,Beige,Summer,3.2,0,2-Day Shipping,0,0,16,Cash,Weekly,52,0.8882338749181111,211.77121835756037,3.3361111111111157,0.7616467749836223,1.6966098034981645,Silver,2,3,5,10,Organic Loyalist
2549,42,Male,Backpack,Accessories,63,Texas,L,Pink,Winter,3.8,0,Standard,0,0,34,Credit Card,Monthly,12,0.5001610026390428,24.961333593980726,2.3996554557680767,0.6021860466816548,1.0528301886792453,Gold,4,2,3,9,Organic Loyalist
2550,41,Male,Jacket,Outerwear,60,Virginia,M,Red,Fall,2.7,0,Standard,0,0,11,Debit Card,Every 3 Months,4,0.2989531187468407,4.9158342498779515,3.3361111111111157,0.39917523913398356,1.0494493629885553,Bronze,2,1,3,6,Occasional Buyer
2551,53,Male,Boots,Footwear,52,New Hampshire,XL,Peach,Fall,3.0,0,Store Pickup,0,0,30,Debit Card,Fortnightly,26,0.6493529495208838,67.0311398776236,-2.7198160345219193,0.5898705899041767,0.8629928240933145,Gold,3,2,3,8,Organic Loyalist
2552,29,Male,Shoes,Footwear,32,Minnesota,M,Maroon,Winter,4.1,0,Next Day Air,0,0,40,Debit Card,Annually,1,0.38933467262132265,1.3613116267615313,-2.7198160345219193,0.5737130883704183,0.5310725071343474,Platinum,4,1,1,6,Occasional Buyer
2553,61,Male,Belt,Accessories,48,Maryland,XL,Purple,Spring,3.2,0,2-Day Shipping,0,0,13,Credit Card,Annually,1,0.2800200857133037,1.0897878534577128,2.3996554557680767,0.4438501709888146,0.802156334231806,Bronze,2,1,2,5,At-Risk / One-Timer
2554,69,Male,Jewelry,Accessories,25,Vermont,M,Maroon,Summer,4.5,0,Store Pickup,0,0,28,Venmo,Every 3 Months,4,0.38872202129983363,5.065975487398803,2.3996554557680767,0.6331290196445821,0.41778975741239893,Gold,3,1,1,5,At-Risk / One-Timer
2555,51,Male,Jewelry,Accessories,68,Kansas,M,Gray,Summer,4.3,0,Store Pickup,0,0,49,Debit Card,Bi-Weekly,26,0.6979854012719828,76.83895771863041,2.3996554557680767,0.7555970802543965,1.136388140161725,Platinum,5,2,3,10,Organic Loyalist
2556,24,Male,Pants,Clothing,74,Idaho,M,Gray,Fall,3.5,0,Standard,0,0,23,Credit Card,Weekly,52,0.9233158463485474,207.29306996577773,0.4712640708417055,0.8046631692697095,1.23281285966393,Silver,3,3,4,10,Organic Loyalist
2557,24,Male,T-shirt,Clothing,88,Montana,XL,Magenta,Fall,3.1,0,Standard,0,0,4,Bank Transfer,Quarterly,4,0.20988825991206111,3.768448308084279,0.4712640708417055,0.4293622673670276,1.4660477250057546,Bronze,1,1,5,7,Occasional Buyer
2558,70,Male,Shorts,Clothing,23,Oklahoma,L,Cyan,Spring,3.9,0,Standard,0,0,17,PayPal,Fortnightly,26,0.5940488239193306,49.08589764703354,0.4712640708417055,0.686809764783866,0.38317156449014045,Silver,2,2,1,5,At-Risk / One-Timer
2559,49,Male,Hoodie,Clothing,32,California,M,Silver,Fall,2.7,0,Express,0,0,24,PayPal,Fortnightly,26,0.62746882751643,57.0426869998883,0.4712640708417055,0.5494937655032861,0.5331082636384562,Silver,3,2,1,6,Occasional Buyer
2560,48,Male,Belt,Accessories,71,Mississippi,S,Green,Winter,4.0,0,Free Shipping,0,0,21,Debit Card,Every 3 Months,4,0.36061768479732753,6.168965737962967,2.3996554557680767,0.5675081523440809,1.186522911051213,Silver,3,1,4,8,Organic Loyalist
2561,58,Male,Boots,Footwear,62,California,M,Violet,Spring,2.7,0,Next Day Air,0,0,17,Debit Card,Bi-Weekly,26,0.5940488239193306,63.99183210035791,-2.7198160345219193,0.5428097647838661,1.028952982572798,Silver,2,2,3,7,Occasional Buyer
2562,32,Male,Hoodie,Clothing,20,New York,L,Magenta,Spring,2.7,0,Free Shipping,0,0,22,Debit Card,Quarterly,4,0.3651399364659534,4.446706917918001,0.4712640708417055,0.4124126026778061,0.33319266477403514,Silver,3,1,1,5,At-Risk / One-Timer
2563,57,Male,Shorts,Clothing,62,Arizona,XL,Yellow,Spring,4.7,0,Standard,0,0,27,Cash,Fortnightly,26,0.638998197930395,68.83384622262277,0.4712640708417055,0.791799639586079,1.032897260799509,Gold,3,2,3,8,Organic Loyalist
2564,69,Male,Backpack,Accessories,81,Massachusetts,XL,Gray,Winter,4.5,0,Standard,0,0,1,Venmo,Every 3 Months,4,0.116670419909399,2.0565351400046046,2.3996554557680767,0.5787186993664951,1.3536388140161726,Bronze,1,1,4,6,Occasional Buyer
2565,42,Male,Scarf,Accessories,90,Kentucky,L,Indigo,Winter,3.0,0,2-Day Shipping,0,0,27,Bank Transfer,Weekly,52,0.938998197930395,220.25582528229867,2.3996554557680767,0.7477996395860791,1.5040431266846361,Gold,3,3,5,11,Champion
2566,30,Male,Socks,Clothing,43,Vermont,S,Indigo,Fall,3.6,0,Store Pickup,0,0,8,Venmo,Quarterly,4,0.2696860963176239,4.0821733203881365,0.4712640708417055,0.5013218346481402,0.7163642292641755,Bronze,1,1,2,4,At-Risk / One-Timer
2567,35,Male,Handbag,Accessories,38,Missouri,S,Yellow,Fall,3.3,0,Standard,0,0,43,PayPal,Quarterly,4,0.43113425855288035,6.3179477358675,2.3996554557680767,0.49761146709519144,0.6350404312668464,Platinum,5,1,2,8,Organic Loyalist
2568,19,Male,Sunglasses,Accessories,25,Michigan,XL,Gold,Spring,4.3,0,Store Pickup,0,0,24,Cash,Fortnightly,26,0.62746882751643,53.153204380839654,2.3996554557680767,0.741493765503286,0.41778975741239893,Silver,3,2,1,6,Occasional Buyer
2569,52,Male,T-shirt,Clothing,98,Texas,XL,Green,Winter,4.3,0,Express,0,0,29,PayPal,Fortnightly,26,0.6460171125956566,77.18167749798829,0.4712640708417055,0.7452034225191313,1.6326440573927723,Gold,3,2,5,10,Organic Loyalist
2570,42,Male,Dress,Clothing,75,New York,M,Charcoal,Spring,4.8,0,Free Shipping,0,0,10,Bank Transfer,Bi-Weekly,26,0.5439472648879285,61.24795444060052,0.4712640708417055,0.7847894529775856,1.2494724929026317,Bronze,1,2,4,7,Occasional Buyer
2571,36,Male,Sneakers,Footwear,27,New Mexico,XL,Olive,Spring,4.0,0,Store Pickup,0,0,12,PayPal,Fortnightly,26,0.5609423303122735,48.59853863838341,-2.7198160345219193,0.6921884660624547,0.44809242789460557,Bronze,2,2,1,5,At-Risk / One-Timer
2572,45,Male,Sunglasses,Accessories,27,Mississippi,L,Black,Winter,3.5,0,Standard,0,0,48,Cash,Fortnightly,26,0.6959301008385788,60.293516940305906,2.3996554557680767,0.6591860201677158,0.45121293800539086,Platinum,5,2,1,8,Organic Loyalist
2573,54,Male,Blouse,Clothing,42,Washington,M,Silver,Fall,3.9,0,Next Day Air,0,0,40,Bank Transfer,Quarterly,4,0.42395005723670726,6.378244017307983,0.4712640708417055,0.5681746268319569,0.6997045960254739,Platinum,4,1,2,7,Occasional Buyer
2574,54,Male,T-shirt,Clothing,90,New Mexico,M,Red,Summer,4.4,0,Store Pickup,0,0,1,Bank Transfer,Annually,1,0.08205503529401438,0.3701387360135804,0.4712640708417055,0.5482571609049567,1.4993669914831582,Bronze,1,1,5,7,Occasional Buyer
2575,27,Male,Hat,Accessories,63,Florida,M,Brown,Summer,4.6,0,2-Day Shipping,0,0,26,Credit Card,Fortnightly,26,0.6352983752456667,68.69542330807228,2.3996554557680767,0.7790596750491332,1.0528301886792453,Gold,3,2,3,8,Organic Loyalist
2576,53,Male,Shorts,Clothing,96,Minnesota,M,Silver,Fall,4.0,0,Express,0,0,9,PayPal,Annually,1,0.24578944905222938,1.1244156909795315,0.4712640708417055,0.5330040436565997,1.5993247909153687,Bronze,1,1,5,7,Occasional Buyer
2577,20,Male,Hoodie,Clothing,40,New Hampshire,M,Silver,Winter,4.2,0,Free Shipping,0,0,19,Debit Card,Quarterly,4,0.3509214074231668,5.212687744860936,0.4712640708417055,0.5895688968692487,0.6663853295480703,Silver,2,1,2,5,At-Risk / One-Timer
2578,52,Male,Socks,Clothing,39,Minnesota,L,Black,Fall,4.5,0,Next Day Air,0,0,37,Bank Transfer,Monthly,12,0.5085274060270781,22.51075559936573,0.4712640708417055,0.6878593273592619,0.6497256963093685,Gold,4,2,2,8,Organic Loyalist
2579,54,Male,Sunglasses,Accessories,48,Vermont,M,Purple,Fall,3.9,0,Free Shipping,0,0,3,Cash,Quarterly,4,0.18718699366495184,2.9139925659502595,2.3996554557680767,0.5208220141176058,0.802156334231806,Bronze,1,1,2,4,At-Risk / One-Timer
2580,65,Male,Blouse,Clothing,20,Minnesota,M,Purple,Summer,3.7,0,Express,0,0,40,Venmo,Weekly,52,0.9777962110828611,154.7999702164614,0.4712640708417055,0.8395592422165723,0.33319266477403514,Platinum,4,3,1,8,Organic Loyalist
2581,43,Male,Jeans,Clothing,29,Massachusetts,S,Turquoise,Summer,3.6,0,Store Pickup,0,0,13,Bank Transfer,Quarterly,4,0.3146354703286883,4.280549351439902,0.4712640708417055,0.5103117094503531,0.48312936392235095,Bronze,2,1,1,4,At-Risk / One-Timer
2582,57,Male,Dress,Clothing,81,Wyoming,M,Gold,Winter,4.7,0,Express,0,0,48,Credit Card,Monthly,12,0.5343916393001171,28.25896706977107,0.4712640708417055,0.7170321740138696,1.3494302923348425,Platinum,5,2,4,11,Champion
2583,19,Male,Dress,Clothing,98,South Dakota,S,Indigo,Fall,3.6,0,2-Day Shipping,0,0,4,Venmo,Every 3 Months,4,0.20988825991206111,3.8578468377284802,0.4712640708417055,0.4893622673670276,1.6326440573927723,Bronze,1,1,5,7,Occasional Buyer
2584,69,Male,Jeans,Clothing,93,Oklahoma,M,Lavender,Fall,2.5,0,Next Day Air,0,0,9,Cash,Weekly,52,0.8342509875137678,197.09290425109478,0.4712640708417055,0.6668501975027535,1.5493458911992635,Bronze,1,3,5,9,Organic Loyalist
2585,26,Male,Socks,Clothing,30,Florida,L,Blue,Summer,2.9,0,Store Pickup,0,0,26,Bank Transfer,Bi-Weekly,26,0.6352983752456667,56.72176878221938,0.4712640708417055,0.5750596750491332,0.49978899716105274,Gold,3,2,1,6,Occasional Buyer
2586,57,Male,Sunglasses,Accessories,37,Wisconsin,L,Maroon,Fall,4.4,0,Free Shipping,0,0,19,Debit Card,Weekly,52,0.9047675612693207,171.1408378494191,2.3996554557680767,0.9089535122538641,0.6183288409703505,Silver,2,3,2,7,Occasional Buyer
2587,20,Male,Coat,Outerwear,28,Maine,L,Yellow,Winter,4.6,0,Express,0,0,1,Credit Card,Every 3 Months,4,0.116670419909399,1.5714552737747607,3.3361111111111157,0.5907186993664951,0.4897430360613258,Bronze,1,1,1,3,At-Risk / One-Timer
2588,55,Male,Scarf,Accessories,29,Connecticut,M,Purple,Winter,3.7,0,Express,0,0,29,PayPal,Every 3 Months,4,0.39217095874950286,5.335403352250985,2.3996554557680767,0.537818807134516,0.4846361185983828,Gold,3,1,1,5,At-Risk / One-Timer
2589,44,Male,Backpack,Accessories,49,Delaware,M,Peach,Summer,3.2,0,Free Shipping,0,0,38,Venmo,Bi-Weekly,26,0.6727084553941624,68.42292478964792,2.3996554557680767,0.6185416910788325,0.8188679245283019,Gold,4,2,2,8,Organic Loyalist
2590,52,Male,Pants,Clothing,53,North Dakota,M,Silver,Winter,4.9,0,2-Day Shipping,0,0,31,PayPal,Annually,1,0.3641213303162258,1.4524741776451853,0.4712640708417055,0.6646704199093991,0.8829605616511932,Gold,4,1,3,8,Organic Loyalist
2591,57,Male,Gloves,Accessories,66,California,M,Turquoise,Summer,5.0,0,Free Shipping,0,0,35,Venmo,Annually,1,0.37610385921334505,1.5814011209588108,2.3996554557680767,0.6790669256888229,1.1029649595687332,Gold,4,1,3,8,Organic Loyalist
2592,40,Male,Jacket,Outerwear,61,New Mexico,S,Olive,Spring,3.3,0,Express,0,0,40,Cash,Quarterly,4,0.42395005723670726,6.998795435053797,3.3361111111111157,0.4961746268319568,1.0669401857050314,Platinum,4,1,3,8,Organic Loyalist
2593,23,Male,Shorts,Clothing,23,Iowa,XL,Peach,Summer,4.4,0,Store Pickup,0,0,13,Venmo,Quarterly,4,0.3146354703286883,3.9997138465656614,0.4712640708417055,0.6063117094503531,0.38317156449014045,Bronze,2,1,1,4,At-Risk / One-Timer
2594,36,Male,Pants,Clothing,36,Colorado,S,Indigo,Fall,4.7,0,Store Pickup,0,0,9,Bank Transfer,Every 3 Months,4,0.28040483366761404,4.050075346729647,0.4712640708417055,0.6354655821181382,0.5997467965932632,Bronze,1,1,2,4,At-Risk / One-Timer
2595,59,Male,Skirt,Clothing,81,Montana,L,Indigo,Fall,3.6,0,Free Shipping,0,0,25,Cash,Every 3 Months,4,0.3776127502216725,6.656133497656933,0.4712640708417055,0.5229071654289499,1.3494302923348425,Silver,3,1,4,8,Organic Loyalist
2596,29,Male,Blouse,Clothing,56,Iowa,XL,Maroon,Summer,3.2,0,Free Shipping,0,0,3,Bank Transfer,Bi-Weekly,26,0.44103314751110567,46.36111028124779,0.4712640708417055,0.5722066295022211,0.9329394613672984,Bronze,1,2,3,6,Occasional Buyer
2597,63,Male,Shirt,Clothing,78,Louisiana,L,Black,Spring,3.0,0,Next Day Air,0,0,35,Credit Card,Monthly,12,0.5030269361364219,26.37539959001225,0.4712640708417055,0.5067592333811305,1.299451392618737,Gold,4,2,4,10,Organic Loyalist
2598,60,Male,Jewelry,Accessories,25,Alabama,XL,Teal,Summer,4.4,0,Store Pickup,0,0,13,Venmo,Bi-Weekly,26,0.5684816241748422,48.15636830297495,2.3996554557680767,0.7416963248349684,0.41778975741239893,Bronze,2,2,1,5,At-Risk / One-Timer
2599,64,Male,Backpack,Accessories,86,Nevada,XL,Olive,Fall,3.3,0,Express,0,0,31,Debit Card,Annually,1,0.3641213303162258,1.62613240523454,2.3996554557680767,0.47267041990939895,1.4371967654986524,Gold,4,1,5,10,Organic Loyalist
2600,63,Male,Jewelry,Accessories,99,Vermont,M,Gold,Winter,3.4,0,Express,0,0,48,Credit Card,Monthly,12,0.5343916393001171,29.53157333935442,2.3996554557680767,0.5610321740138695,1.6544474393531,Platinum,5,2,5,12,Champion
2601,21,Male,Belt,Accessories,83,New York,M,Gray,Fall,3.9,0,Express,0,0,6,Bank Transfer,Bi-Weekly,26,0.49796505041928935,57.36618967650076,2.3996554557680767,0.6675930100838579,1.3870619946091645,Bronze,1,2,4,7,Occasional Buyer
2602,61,Male,Dress,Clothing,33,Mississippi,L,Orange,Winter,2.9,0,Store Pickup,0,0,43,Cash,Monthly,12,0.5234419508605727,22.150140389313552,0.4712640708417055,0.4988422363259607,0.549767896877158,Platinum,5,2,1,8,Organic Loyalist
2603,65,Male,Coat,Outerwear,44,South Carolina,M,Black,Fall,2.9,0,Free Shipping,0,0,1,Venmo,Quarterly,4,0.116670419909399,1.7764996445394459,3.3361111111111157,0.38671869936649517,0.7695961995249406,Bronze,1,1,2,4,At-Risk / One-Timer
2604,69,Male,Dress,Clothing,58,Washington,M,Teal,Spring,2.7,0,2-Day Shipping,0,0,8,Cash,Annually,1,0.2350707117022393,0.9585096289314472,0.4712640708417055,0.3748602961866017,0.9662587278447019,Bronze,1,1,3,5,At-Risk / One-Timer
2605,47,Male,Sweater,Clothing,54,Colorado,M,Beige,Spring,3.4,0,Store Pickup,0,0,6,Debit Card,Weekly,52,0.7979650504192893,166.28101501444786,0.4712640708417055,0.7675930100838578,0.8996201948898949,Bronze,1,3,3,7,Occasional Buyer
2606,41,Male,Hoodie,Clothing,93,Nevada,M,White,Spring,3.7,0,2-Day Shipping,0,0,32,Venmo,Fortnightly,26,0.6557133899698174,77.45657980617564,0.4712640708417055,0.6751426779939635,1.5493458911992635,Gold,4,2,5,11,Champion
2607,68,Male,Shoes,Footwear,98,Nevada,L,Turquoise,Spring,4.7,0,Standard,0,0,46,Bank Transfer,Bi-Weekly,26,0.6916905744410977,82.63842830789741,-2.7198160345219193,0.8023381148882196,1.6264095530989389,Platinum,5,2,5,12,Champion
2608,41,Male,Shoes,Footwear,36,Oklahoma,XL,Teal,Spring,3.1,0,Express,0,0,38,PayPal,Every 3 Months,4,0.4188623015480085,6.0499095503643625,-2.7198160345219193,0.4711570756942171,0.5974565705261408,Gold,4,1,2,7,Occasional Buyer
2609,42,Male,Jacket,Outerwear,68,Mississippi,L,Orange,Fall,4.2,0,2-Day Shipping,0,0,48,Credit Card,Fortnightly,26,0.6959301008385788,76.61269633434698,3.3361111111111157,0.7431860201677157,1.1893759447203627,Platinum,5,2,3,10,Organic Loyalist
2610,66,Male,Backpack,Accessories,95,Arkansas,M,Black,Summer,3.0,0,Store Pickup,0,0,18,Debit Card,Bi-Weekly,26,0.5995492938099868,71.15034510733322,2.3996554557680767,0.5799098587619973,1.587601078167116,Silver,2,2,5,9,Organic Loyalist
2611,66,Male,Jeans,Clothing,93,West Virginia,M,Violet,Spring,3.1,0,Express,0,0,25,Cash,Quarterly,4,0.3776127502216725,6.862424151203004,0.4712640708417055,0.4629071654289499,1.5493458911992635,Silver,3,1,5,9,Organic Loyalist
2612,33,Male,Jacket,Outerwear,99,Michigan,L,Maroon,Fall,4.2,0,2-Day Shipping,0,0,4,Cash,Fortnightly,26,0.46373441375821495,55.52497330785594,3.3361111111111157,0.696746882751643,1.7315914489311164,Bronze,1,2,5,8,Organic Loyalist
2613,55,Male,Sunglasses,Accessories,22,Louisiana,M,Turquoise,Winter,3.8,0,Next Day Air,0,0,27,Venmo,Quarterly,4,0.3851520440842412,4.830568025917708,2.3996554557680767,0.5484150242014636,0.36765498652291106,Gold,3,1,1,5,At-Risk / One-Timer
2614,58,Male,Gloves,Accessories,88,South Dakota,M,Gold,Fall,2.9,0,Express,0,0,14,Bank Transfer,Monthly,12,0.41396207730164236,22.297502830392233,2.3996554557680767,0.47694626161417464,1.4706199460916443,Silver,2,2,5,9,Organic Loyalist
2615,18,Male,Jacket,Outerwear,65,North Dakota,M,Turquoise,Spring,4.2,0,Express,0,0,36,Bank Transfer,Fortnightly,26,0.6673528024834868,72.6954236717687,3.3361111111111157,0.7374705604966973,1.136903476570935,Gold,4,2,3,9,Organic Loyalist
2616,49,Male,T-shirt,Clothing,62,Arizona,M,Maroon,Fall,3.1,0,2-Day Shipping,0,0,6,Debit Card,Quarterly,4,0.2441188965731355,4.045669911042163,0.4712640708417055,0.4362083946992425,1.032897260799509,Bronze,1,1,3,5,At-Risk / One-Timer
2617,61,Male,Sandals,Footwear,55,Georgia,XL,Purple,Spring,3.6,0,Express,0,0,46,Cash,Annually,1,0.4032290359795592,1.6231386817338231,-2.7198160345219193,0.5164919610420657,0.9127808716371595,Platinum,5,1,3,9,Organic Loyalist
2618,31,Male,Shorts,Clothing,97,Idaho,S,Maroon,Spring,4.8,0,Standard,0,0,29,Bank Transfer,Annually,1,0.35755557413411826,1.6393806792223171,0.4712640708417055,0.6513572686729774,1.6159844241540704,Gold,3,1,5,9,Organic Loyalist
2619,70,Male,Handbag,Accessories,77,Louisiana,L,Brown,Fall,4.1,0,Express,0,0,12,Venmo,Monthly,12,0.39940386877381195,20.881036326010058,2.3996554557680767,0.6180346199086085,1.2867924528301888,Bronze,2,2,4,8,Organic Loyalist
2620,68,Male,Pants,Clothing,40,Connecticut,L,Indigo,Winter,3.9,0,Free Shipping,0,0,47,Credit Card,Weekly,52,0.9938324201041002,191.91475234275381,0.4712640708417055,0.86676648402082,0.6663853295480703,Platinum,5,3,2,10,Organic Loyalist
2621,27,Male,Blouse,Clothing,23,Ohio,S,Lavender,Winter,3.0,0,Standard,0,0,28,Debit Card,Annually,1,0.354106636684449,1.1253699530666417,0.4712640708417055,0.43466748118304366,0.38317156449014045,Gold,3,1,1,5,At-Risk / One-Timer
2622,48,Male,Shoes,Footwear,46,Maine,M,Beige,Winter,3.0,0,Express,0,0,21,Bank Transfer,Annually,1,0.32600230018194293,1.2551569741974702,-2.7198160345219193,0.4290466138825424,0.7634167290056243,Silver,3,1,2,6,Occasional Buyer
2623,63,Male,Backpack,Accessories,75,New Hampshire,M,Yellow,Spring,4.9,0,2-Day Shipping,0,0,15,Credit Card,Annually,1,0.2936047565606729,1.2715239081039582,2.3996554557680767,0.6505671051582885,1.2533692722371967,Silver,2,1,4,7,Occasional Buyer
2624,49,Male,Shoes,Footwear,76,Massachusetts,M,Gold,Fall,4.8,0,Next Day Air,0,0,38,Cash,Annually,1,0.3842469169326239,1.669093841102494,-2.7198160345219193,0.6566955372326786,1.261297204444075,Gold,4,1,4,9,Organic Loyalist
2625,19,Male,Dress,Clothing,59,South Dakota,M,Indigo,Summer,3.3,0,Standard,0,0,19,Credit Card,Annually,1,0.3163060228077822,1.2950658444811427,0.4712640708417055,0.4631073584077102,0.9829183610834037,Silver,2,1,3,6,Occasional Buyer
2626,30,Male,Skirt,Clothing,51,Colorado,L,Cyan,Summer,2.7,0,Standard,0,0,31,Credit Card,Weekly,52,0.9525828687777642,195.72212798769368,0.4712640708417055,0.7145165737555529,0.8496412951737896,Gold,4,3,2,9,Organic Loyalist
2627,50,Male,Jacket,Outerwear,46,Rhode Island,XL,Silver,Fall,4.2,0,Express,0,0,30,Credit Card,Every 3 Months,4,0.39550679567473,6.091038163308368,3.3361111111111157,0.5984859745195613,0.8045778449578924,Gold,3,1,2,6,Occasional Buyer
2628,66,Male,Shirt,Clothing,26,Missouri,L,Silver,Fall,3.6,0,Next Day Air,0,0,40,Bank Transfer,Quarterly,4,0.42395005723670726,5.589080911941541,0.4712640708417055,0.5321746268319568,0.4331504642062457,Platinum,4,1,1,6,Occasional Buyer
2629,25,Male,Hoodie,Clothing,51,Wyoming,M,Silver,Summer,3.8,0,Next Day Air,0,0,42,Credit Card,Bi-Weekly,26,0.6826415987921073,70.12936656101212,0.4712640708417055,0.6925283197584214,0.8496412951737896,Platinum,5,2,2,9,Organic Loyalist
2630,61,Male,Scarf,Accessories,44,New Hampshire,M,Peach,Winter,3.8,0,Free Shipping,0,0,25,Venmo,Annually,1,0.3429973656062879,1.3056752057434926,2.3996554557680767,0.5284456269674114,0.7353099730458221,Silver,3,1,2,6,Occasional Buyer
2631,29,Male,Skirt,Clothing,82,Maine,S,Pink,Spring,4.2,0,Free Shipping,0,0,20,Cash,Quarterly,4,0.3558850216550244,6.290396741583174,0.4712640708417055,0.5905616197156203,1.3660899255735441,Silver,2,1,4,7,Occasional Buyer
2632,53,Male,Skirt,Clothing,44,Connecticut,S,Violet,Summer,2.7,0,Express,0,0,3,Cash,Weekly,52,0.7410331475111056,146.684880487962,0.4712640708417055,0.6722066295022211,0.7330238625028773,Bronze,1,3,2,6,Occasional Buyer
2633,24,Male,Scarf,Accessories,27,Alaska,M,Black,Fall,5.0,0,Next Day Air,0,0,14,Cash,Annually,1,0.28703900037856545,0.9564726516576378,2.3996554557680767,0.6612539539218669,0.45121293800539086,Silver,2,1,1,4,At-Risk / One-Timer
2634,51,Male,Sunglasses,Accessories,90,Alaska,M,Purple,Fall,4.7,0,Next Day Air,0,0,32,Credit Card,Fortnightly,26,0.6557133899698174,76.90360544608927,2.3996554557680767,0.7951426779939635,1.5040431266846361,Gold,4,2,5,11,Champion
2635,26,Male,Sandals,Footwear,58,North Carolina,S,Black,Summer,3.2,0,Store Pickup,0,0,20,PayPal,Every 3 Months,4,0.3558850216550244,5.80453800609424,-2.7198160345219193,0.47056161971562027,0.9625689191810046,Silver,2,1,3,6,Occasional Buyer
2636,59,Male,Hoodie,Clothing,80,Colorado,XL,Peach,Spring,2.9,0,2-Day Shipping,0,0,34,PayPal,Fortnightly,26,0.6616994641775042,75.60292092605303,0.4712640708417055,0.5803398928355008,1.3327706590961406,Gold,4,2,4,10,Organic Loyalist
2637,41,Male,Jacket,Outerwear,40,Utah,S,Magenta,Winter,4.2,0,Store Pickup,0,0,6,Venmo,Annually,1,0.2095035119577509,0.7780063898827557,3.3361111111111157,0.549746856237704,0.6996329086590369,Bronze,1,1,2,4,At-Risk / One-Timer
2638,20,Male,Pants,Clothing,23,Alabama,M,Magenta,Spring,3.7,0,Store Pickup,0,0,2,PayPal,Annually,1,0.12330458662035042,0.3918686138082747,0.4712640708417055,0.47250707117022395,0.38317156449014045,Bronze,1,1,1,3,At-Risk / One-Timer
2639,22,Male,Shirt,Clothing,34,Hawaii,S,Black,Spring,4.2,0,Store Pickup,0,0,35,Credit Card,Annually,1,0.37610385921334505,1.3371801267728536,0.4712640708417055,0.5830669256888228,0.5664275301158598,Gold,4,1,1,6,Occasional Buyer
2640,18,Male,Blouse,Clothing,35,New Hampshire,XL,Pink,Winter,2.6,0,Free Shipping,0,0,33,Debit Card,Quarterly,4,0.40490429482751017,5.803928835106396,0.4712640708417055,0.40836547435011744,0.5830871633545616,Gold,4,1,1,6,Occasional Buyer
2641,30,Male,Skirt,Clothing,75,Indiana,L,Olive,Summer,4.0,0,Store Pickup,0,0,45,Venmo,Bi-Weekly,26,0.68950266406766,77.6373565628456,0.4712640708417055,0.7179005328135319,1.2494724929026317,Platinum,5,2,4,11,Champion
2642,25,Male,Sunglasses,Accessories,60,Vermont,XL,Olive,Winter,2.7,0,Next Day Air,0,0,20,Bank Transfer,Every 3 Months,4,0.3558850216550244,5.851993736689571,2.3996554557680767,0.4105616197156203,1.0026954177897573,Silver,2,1,3,6,Occasional Buyer
2643,39,Male,Belt,Accessories,87,Iowa,L,Peach,Summer,4.0,0,Store Pickup,0,0,48,Bank Transfer,Annually,1,0.40746856237704027,1.824373995073232,2.3996554557680767,0.5653398663215619,1.4539083557951482,Platinum,5,1,5,11,Champion
2644,49,Male,Gloves,Accessories,41,Maryland,S,Silver,Spring,2.9,0,Next Day Air,0,0,37,Cash,Monthly,12,0.5085274060270781,22.808489226862328,2.3996554557680767,0.49585932735926175,0.6851752021563342,Gold,4,2,2,8,Organic Loyalist
2645,25,Male,Pants,Clothing,83,New Mexico,M,Turquoise,Spring,3.3,0,Standard,0,0,4,Bank Transfer,Every 3 Months,4,0.20988825991206111,3.719905711593408,0.4712640708417055,0.45336226736702756,1.3827495588122458,Bronze,1,1,4,6,Occasional Buyer
2646,23,Male,Scarf,Accessories,81,Louisiana,L,Olive,Spring,4.0,0,Store Pickup,0,0,24,Bank Transfer,Bi-Weekly,26,0.62746882751643,71.89205294114963,2.3996554557680767,0.705493765503286,1.3536388140161726,Silver,3,2,4,9,Organic Loyalist
2647,33,Male,T-shirt,Clothing,56,New Mexico,S,Lavender,Summer,3.9,0,Next Day Air,0,0,4,Debit Card,Every 3 Months,4,0.20988825991206111,3.394355981364185,0.4712640708417055,0.5253622673670276,0.9329394613672984,Bronze,1,1,3,5,At-Risk / One-Timer
2648,60,Male,Shoes,Footwear,58,South Carolina,M,Red,Summer,3.3,0,2-Day Shipping,0,0,25,Debit Card,Annually,1,0.3429973656062879,1.3985846014206589,-2.7198160345219193,0.4684456269674114,0.9625689191810046,Silver,3,1,3,7,Occasional Buyer
2649,51,Male,Pants,Clothing,84,Illinois,M,Gray,Spring,3.9,0,Next Day Air,0,0,14,PayPal,Bi-Weekly,26,0.5755005388401039,66.47545299170989,0.4712640708417055,0.6831001077680208,1.3994091920509477,Silver,2,2,4,8,Organic Loyalist
2650,23,Male,Gloves,Accessories,21,Minnesota,M,Magenta,Fall,3.9,0,Store Pickup,0,0,14,Bank Transfer,Fortnightly,26,0.5755005388401039,46.251311534619035,2.3996554557680767,0.6831001077680208,0.3509433962264151,Silver,2,2,1,5,At-Risk / One-Timer
2651,20,Male,Socks,Clothing,35,Oregon,L,Maroon,Summer,4.2,0,Standard,0,0,46,Credit Card,Every 3 Months,4,0.43784442059494383,6.276095093197294,0.4712640708417055,0.6069534995036041,0.5830871633545616,Platinum,5,1,1,7,Occasional Buyer
2652,51,Male,Sneakers,Footwear,43,Tennessee,M,Cyan,Summer,4.6,0,Store Pickup,0,0,27,PayPal,Quarterly,4,0.3851520440842412,5.8299534908240584,-2.7198160345219193,0.6444150242014637,0.7136286814617793,Gold,3,1,2,6,Occasional Buyer
2653,23,Female,Shorts,Clothing,20,Maryland,L,Cyan,Summer,3.3,0,2-Day Shipping,0,0,46,Credit Card,Monthly,12,0.5301521129026361,19.368720037662683,0.4712640708417055,0.5481842687343733,0.33319266477403514,Platinum,5,2,1,8,Organic Loyalist
2654,67,Female,Blouse,Clothing,36,Wisconsin,L,Lavender,Fall,4.8,0,Express,0,0,24,Venmo,Every 3 Months,4,0.3736226736702761,5.39648321970411,0.4712640708417055,0.6661091501186707,0.5997467965932632,Silver,3,1,2,6,Occasional Buyer
2655,23,Female,Coat,Outerwear,70,Idaho,S,Pink,Fall,4.1,0,Next Day Air,0,0,4,PayPal,Annually,1,0.1752728752966765,0.7471321585183148,3.3361111111111157,0.5309007289054891,1.2243575901533146,Bronze,1,1,4,6,Occasional Buyer
2656,26,Female,Sunglasses,Accessories,83,Wyoming,M,Gray,Summer,3.4,0,Standard,0,0,2,Credit Card,Fortnightly,26,0.41176612508188887,47.4359668693937,2.3996554557680767,0.5903532250163778,1.3870619946091645,Bronze,1,2,4,7,Occasional Buyer
2657,52,Female,Shorts,Clothing,76,Indiana,L,Yellow,Winter,3.6,0,Express,0,0,29,Bank Transfer,Fortnightly,26,0.6460171125956566,72.96048854388516,0.4712640708417055,0.6612034225191313,1.2661321261413336,Gold,3,2,4,9,Organic Loyalist
2658,52,Female,Dress,Clothing,81,Texas,M,Pink,Summer,2.7,0,Express,0,0,7,Credit Card,Fortnightly,26,0.5115497212666585,58.61065606859965,0.4712640708417055,0.5263099442533318,1.3494302923348425,Bronze,1,2,4,7,Occasional Buyer
2659,52,Female,Handbag,Accessories,47,Ohio,XL,Indigo,Summer,3.2,0,Next Day Air,0,0,39,PayPal,Monthly,12,0.513745673486412,23.86575324660184,2.3996554557680767,0.5329029808511285,0.78544474393531,Platinum,4,2,2,8,Organic Loyalist
2660,35,Female,Boots,Footwear,35,Kansas,L,Gray,Summer,4.4,0,2-Day Shipping,0,0,46,Credit Card,Fortnightly,26,0.6916905744410977,64.44584309959275,-2.7198160345219193,0.7663381148882196,0.5808605546781924,Platinum,5,2,1,8,Organic Loyalist
2661,24,Female,Pants,Clothing,85,South Carolina,L,Yellow,Spring,4.9,0,Express,0,0,44,Venmo,Annually,1,0.3988051254604543,1.7764165323268155,0.4712640708417055,0.6716071789382447,1.4160688252896494,Platinum,5,1,5,11,Champion
2662,43,Female,Boots,Footwear,96,Michigan,XL,Olive,Fall,4.8,0,Express,0,0,20,Bank Transfer,Annually,1,0.3212696370396398,1.4697157356250372,-2.7198160345219193,0.6441000812540818,1.5932175214030422,Silver,2,1,5,8,Organic Loyalist
2663,25,Female,Skirt,Clothing,98,Nebraska,M,Cyan,Summer,2.8,0,2-Day Shipping,0,0,44,PayPal,Fortnightly,26,0.6872666639219928,82.1098899328169,0.4712640708417055,0.5734533327843985,1.6326440573927723,Platinum,5,2,5,12,Champion
2664,46,Female,Sneakers,Footwear,52,Wisconsin,L,Silver,Fall,2.9,0,Free Shipping,0,0,23,Bank Transfer,Annually,1,0.334854307887009,1.3294693508218842,-2.7198160345219193,0.4188170154235556,0.8629928240933145,Silver,3,1,3,7,Occasional Buyer
2665,22,Female,Jewelry,Accessories,84,Illinois,L,Silver,Winter,3.2,0,Store Pickup,0,0,37,PayPal,Weekly,52,0.9700658675655396,224.1025459617575,2.3996554557680767,0.778013173513108,1.4037735849056605,Gold,4,3,4,11,Champion
2666,70,Female,T-shirt,Clothing,71,Louisiana,L,Red,Winter,3.5,0,Store Pickup,0,0,4,Venmo,Weekly,52,0.7637344137582149,169.84432874481004,0.4712640708417055,0.772746882751643,1.1828339599478248,Bronze,1,3,4,8,Organic Loyalist
2667,49,Female,Sandals,Footwear,95,Ohio,S,Brown,Winter,4.1,0,Store Pickup,0,0,14,Venmo,Fortnightly,26,0.5755005388401039,68.29640593473343,-2.7198160345219193,0.7071001077680208,1.5766215055550938,Silver,2,2,5,9,Organic Loyalist
2668,48,Female,Boots,Footwear,47,Maryland,M,Orange,Summer,4.1,0,Free Shipping,0,0,31,Cash,Fortnightly,26,0.6525828687777642,65.68326599415497,-2.7198160345219193,0.7225165737555528,0.7800127448535726,Gold,4,2,2,8,Organic Loyalist
2669,59,Female,Coat,Outerwear,75,Texas,M,Black,Summer,4.8,0,Next Day Air,0,0,9,PayPal,Quarterly,4,0.28040483366761404,4.857434247767117,3.3361111111111157,0.6474655821181382,1.3118117037356942,Bronze,1,1,4,6,Occasional Buyer
2670,39,Female,Belt,Accessories,28,Illinois,L,Teal,Spring,2.8,0,Free Shipping,0,0,31,Credit Card,Weekly,52,0.9525828687777642,166.79667273109973,2.3996554557680767,0.7265165737555529,0.4679245283018868,Gold,4,3,1,8,Organic Loyalist
2671,30,Female,Sunglasses,Accessories,44,Pennsylvania,M,Yellow,Fall,4.7,0,Express,0,0,26,Bank Transfer,Bi-Weekly,26,0.6352983752456667,62.877528866352414,2.3996554557680767,0.7910596750491334,0.7353099730458221,Gold,3,2,2,7,Occasional Buyer
2672,37,Female,Sandals,Footwear,64,Alabama,XL,Gray,Winter,4.8,0,2-Day Shipping,0,0,41,PayPal,Every 3 Months,4,0.42640159541057726,7.119861566980414,-2.7198160345219193,0.6766649344667308,1.0621450142686948,Platinum,5,1,3,9,Organic Loyalist
2673,56,Female,Boots,Footwear,28,West Virginia,M,Maroon,Spring,2.9,0,Standard,0,0,13,Cash,Annually,1,0.2800200857133037,0.9429104669348627,-2.7198160345219193,0.40785017098881454,0.46468844374255397,Bronze,2,1,1,4,At-Risk / One-Timer
2674,67,Female,Hoodie,Clothing,21,Nevada,M,Olive,Summer,2.6,0,2-Day Shipping,0,0,4,Cash,Monthly,12,0.3021959522197534,11.209206210531589,0.4712640708417055,0.41859303659779684,0.34985229801273693,Bronze,1,2,1,4,At-Risk / One-Timer
2675,40,Female,Hat,Accessories,41,Florida,S,Charcoal,Fall,3.3,0,Express,0,0,15,Cash,Every 3 Months,4,0.3282201411760575,4.9071137991297125,2.3996554557680767,0.4770286436198269,0.6851752021563342,Silver,2,1,2,5,At-Risk / One-Timer
2676,24,Female,Shorts,Clothing,38,Virginia,M,Peach,Winter,3.4,0,Free Shipping,0,0,38,Cash,Bi-Weekly,26,0.6727084553941624,64.0772313014384,0.4712640708417055,0.6425416910788325,0.6330660630706668,Gold,4,2,2,8,Organic Loyalist
2677,43,Female,Backpack,Accessories,77,Kentucky,M,Maroon,Spring,3.6,0,Free Shipping,0,0,3,Cash,Fortnightly,26,0.44103314751110567,49.9577781722325,2.3996554557680767,0.6202066295022212,1.2867924528301888,Bronze,1,2,4,7,Occasional Buyer
2678,45,Female,Shorts,Clothing,43,Connecticut,L,Olive,Spring,3.8,0,Next Day Air,0,0,6,PayPal,Every 3 Months,4,0.2441188965731355,3.695168791422494,0.4712640708417055,0.5202083946992424,0.7163642292641755,Bronze,1,1,2,4,At-Risk / One-Timer
2679,33,Female,Belt,Accessories,91,Montana,M,Magenta,Spring,3.4,0,2-Day Shipping,0,0,34,Credit Card,Bi-Weekly,26,0.6616994641775042,77.79369204249004,2.3996554557680767,0.6403398928355009,1.5207547169811322,Gold,4,2,5,11,Champion
2680,53,Female,Shorts,Clothing,68,Montana,S,Yellow,Spring,3.8,0,Express,0,0,7,Debit Card,Quarterly,4,0.2577035674205047,4.36457740429231,0.4712640708417055,0.5229253288687163,1.1328550602317196,Bronze,1,1,3,5,At-Risk / One-Timer
2681,44,Female,Socks,Clothing,37,Nebraska,L,Indigo,Fall,3.3,0,Next Day Air,0,0,21,Venmo,Annually,1,0.32600230018194293,1.1858614551808022,0.4712640708417055,0.46504661388254237,0.616406429831965,Silver,3,1,2,6,Occasional Buyer
2682,23,Female,Shoes,Footwear,23,Massachusetts,L,Olive,Summer,4.8,0,Standard,0,0,17,Debit Card,Monthly,12,0.43251036238086904,16.494494565956387,-2.7198160345219193,0.7086559186300199,0.38170836450281215,Silver,2,2,1,5,At-Risk / One-Timer
2683,59,Female,Sneakers,Footwear,65,North Carolina,L,Maroon,Winter,3.9,0,2-Day Shipping,0,0,5,Venmo,Every 3 Months,4,0.2284365449912879,3.828281015899529,-2.7198160345219193,0.529071924382873,1.0787410301166431,Bronze,1,1,3,5,At-Risk / One-Timer
2684,68,Female,Backpack,Accessories,30,Montana,M,Indigo,Summer,4.2,0,Next Day Air,0,0,21,Cash,Fortnightly,26,0.6144638386434813,54.86158494753405,2.3996554557680767,0.7268927677286963,0.5013477088948787,Silver,3,2,1,6,Occasional Buyer
2685,46,Female,Dress,Clothing,45,Washington,M,Gray,Summer,4.7,0,Free Shipping,0,0,42,Credit Card,Bi-Weekly,26,0.6826415987921073,67.95333698662502,0.4712640708417055,0.8005283197584215,0.7496834957415791,Platinum,5,2,2,9,Organic Loyalist
2686,56,Female,Boots,Footwear,25,Virginia,M,Gray,Winter,2.7,0,Express,0,0,49,Credit Card,Quarterly,4,0.44413924742582894,5.788194177750239,-2.7198160345219193,0.4282124648697812,0.4149003961987089,Platinum,5,1,1,7,Occasional Buyer
2687,40,Female,Socks,Clothing,72,Georgia,M,Black,Winter,3.8,0,2-Day Shipping,0,0,33,Cash,Fortnightly,26,0.658750448673664,73.48489412868916,0.4712640708417055,0.6877500897347327,1.1994935931865265,Gold,4,2,4,10,Organic Loyalist
2688,61,Female,Dress,Clothing,75,Delaware,M,White,Fall,3.6,0,2-Day Shipping,0,0,12,Debit Card,Bi-Weekly,26,0.5609423303122735,63.16158294839303,0.4712640708417055,0.6441884660624547,1.2494724929026317,Bronze,2,2,4,8,Organic Loyalist
2689,53,Female,Handbag,Accessories,63,West Virginia,XL,Turquoise,Spring,2.9,0,2-Day Shipping,0,0,18,Credit Card,Every 3 Months,4,0.34570313996383295,5.750955762639623,2.3996554557680767,0.43252524337738196,1.0528301886792453,Silver,2,1,3,6,Occasional Buyer
2690,29,Female,Blouse,Clothing,35,Wyoming,M,Orange,Fall,3.9,0,Standard,0,0,47,PayPal,Quarterly,4,0.43998626625794646,6.306796471183774,0.4712640708417055,0.5713818686362047,0.5830871633545616,Platinum,5,1,1,7,Occasional Buyer
2691,44,Female,Belt,Accessories,32,New Mexico,L,Yellow,Summer,4.7,0,Free Shipping,0,0,18,Bank Transfer,Weekly,52,0.8995492938099867,163.55460720135946,2.3996554557680767,0.9439098587619974,0.5347708894878707,Silver,2,3,1,6,Occasional Buyer
2692,43,Female,Pants,Clothing,25,Nebraska,L,Blue,Winter,3.3,0,2-Day Shipping,0,0,48,Cash,Monthly,12,0.5343916393001171,20.893194599416034,0.4712640708417055,0.5490321740138695,0.4164908309675439,Platinum,5,2,1,8,Organic Loyalist
2693,40,Female,Sneakers,Footwear,90,Washington,XL,Violet,Spring,4.2,0,Free Shipping,0,0,18,Debit Card,Every 3 Months,4,0.34570313996383295,6.237673181354324,-2.7198160345219193,0.5885252433773819,1.493641426315352,Silver,2,1,5,8,Organic Loyalist
2694,55,Female,Boots,Footwear,70,Hawaii,L,Lavender,Summer,2.6,0,Standard,0,0,46,Cash,Quarterly,4,0.43784442059494383,7.465562403779525,-2.7198160345219193,0.41495349950360416,1.1617211093563848,Platinum,5,1,4,10,Organic Loyalist
2695,66,Female,Sunglasses,Accessories,27,Louisiana,M,Olive,Spring,4.9,0,Express,0,0,34,Credit Card,Every 3 Months,4,0.40785331033135047,5.436202560704053,2.3996554557680767,0.6849552774508855,0.45121293800539086,Gold,4,1,1,6,Occasional Buyer
2696,50,Female,Hat,Accessories,92,Tennessee,M,Orange,Fall,3.6,0,Standard,0,0,10,PayPal,Bi-Weekly,26,0.5439472648879285,64.10287252546125,2.3996554557680767,0.6407894529775857,1.537466307277628,Bronze,1,2,5,8,Organic Loyalist
2697,57,Female,Coat,Outerwear,20,South Dakota,M,White,Spring,4.7,0,Free Shipping,0,0,12,Debit Card,Monthly,12,0.39940386877381195,14.591928482344946,3.3361111111111157,0.6900346199086087,0.34981645432951847,Bronze,2,2,1,5,At-Risk / One-Timer
2698,42,Female,Jacket,Outerwear,52,Delaware,L,Red,Winter,3.2,0,Standard,0,0,36,Bank Transfer,Quarterly,4,0.413506648637333,6.566968413139367,3.3361111111111157,0.482085945112082,0.909522781256748,Gold,4,1,3,8,Organic Loyalist
2699,55,Female,Hoodie,Clothing,57,Virginia,M,Magenta,Summer,3.6,0,Store Pickup,0,0,34,Venmo,Quarterly,4,0.40785331033135047,6.624260493052606,0.4712640708417055,0.5289552774508854,0.9495990946060002,Gold,4,1,3,8,Organic Loyalist
2700,25,Female,Boots,Footwear,96,Utah,M,Violet,Fall,3.6,0,2-Day Shipping,0,0,49,Debit Card,Annually,1,0.40952386281044434,1.873453311158053,-2.7198160345219193,0.5177509264082427,1.5932175214030422,Platinum,5,1,5,11,Champion
2701,22,Female,T-shirt,Clothing,68,California,XL,Olive,Winter,3.2,0,Standard,0,0,36,Cash,Weekly,52,0.9673528024834868,212.9854892482574,0.4712640708417055,0.7774705604966974,1.1328550602317196,Gold,4,3,3,10,Organic Loyalist
2702,49,Female,Sweater,Clothing,30,Idaho,L,Silver,Summer,2.8,0,Store Pickup,0,0,18,Bank Transfer,Fortnightly,26,0.5995492938099868,53.5299596884416,0.4712640708417055,0.5559098587619973,0.49978899716105274,Silver,2,2,1,5,At-Risk / One-Timer
2703,70,Female,Shoes,Footwear,37,Texas,L,Gray,Fall,4.0,0,Next Day Air,0,0,39,Debit Card,Fortnightly,26,0.6752841350248735,63.86650980968137,-2.7198160345219193,0.7150568270049746,0.6140525863740891,Platinum,4,2,2,8,Organic Loyalist
2704,56,Female,Scarf,Accessories,42,Tennessee,XL,Olive,Winter,4.4,0,Free Shipping,0,0,34,PayPal,Weekly,52,0.9616994641775043,188.09149506819705,2.3996554557680767,0.9203398928355009,0.7018867924528303,Gold,4,3,2,9,Organic Loyalist
2705,52,Female,Dress,Clothing,54,Tennessee,L,Beige,Spring,3.4,0,Next Day Air,0,0,35,Debit Card,Weekly,52,0.9645653976748835,200.99741622633485,0.4712640708417055,0.8009130795349767,0.8996201948898949,Gold,4,3,3,10,Organic Loyalist
2706,65,Female,Jacket,Outerwear,81,Washington,S,Turquoise,Spring,5.0,0,Store Pickup,0,0,1,Credit Card,Bi-Weekly,26,0.3705165737555528,42.451825441973995,3.3361111111111157,0.7741033147511105,1.4167566400345497,Bronze,1,2,4,7,Occasional Buyer
2707,24,Female,Shoes,Footwear,40,Alabama,S,Blue,Spring,3.1,0,Express,0,0,48,Debit Card,Quarterly,4,0.44208394699242487,6.566842386757828,-2.7198160345219193,0.47580140478310035,0.6638406339179342,Platinum,5,1,2,8,Organic Loyalist
2708,32,Female,Backpack,Accessories,88,Nebraska,M,Pink,Fall,4.2,0,Standard,0,0,19,Cash,Weekly,52,0.9047675612693207,211.18097424670088,2.3996554557680767,0.8849535122538641,1.4706199460916443,Silver,2,3,5,10,Organic Loyalist
2709,57,Female,Dress,Clothing,94,Alabama,M,Teal,Summer,3.3,0,Store Pickup,0,0,44,Debit Card,Weekly,52,0.9872666639219927,233.78632402745984,0.4712640708417055,0.7934533327843986,1.5660055244379651,Platinum,5,3,5,13,Champion
2710,35,Female,Shirt,Clothing,54,Illinois,S,Cyan,Winter,2.9,0,Standard,0,0,9,Credit Card,Bi-Weekly,26,0.5342509875137679,55.66396449918565,0.4712640708417055,0.5548501975027536,0.8996201948898949,Bronze,1,2,3,6,Occasional Buyer
2711,69,Female,Jacket,Outerwear,51,Wisconsin,L,Purple,Summer,4.7,0,Standard,0,0,3,Bank Transfer,Fortnightly,26,0.44103314751110567,45.30836579852576,3.3361111111111157,0.7522066295022212,0.8920319585402721,Bronze,1,2,2,5,At-Risk / One-Timer
2712,30,Female,Sunglasses,Accessories,22,Nebraska,L,Red,Spring,4.0,0,Standard,0,0,50,Venmo,Monthly,12,0.5384615384615385,20.260116472157584,2.3996554557680767,0.633846153846154,0.36765498652291106,Platinum,5,2,1,8,Organic Loyalist
2713,37,Female,Jacket,Outerwear,95,North Dakota,L,Brown,Fall,4.6,0,Standard,0,0,7,Debit Card,Quarterly,4,0.2577035674205047,4.704995247562361,3.3361111111111157,0.6189253288687163,1.6616281580652126,Bronze,1,1,5,7,Occasional Buyer
2714,19,Female,Coat,Outerwear,57,Mississippi,M,Magenta,Fall,3.8,0,2-Day Shipping,0,0,20,Debit Card,Annually,1,0.3212696370396398,1.3044970522183903,3.3361111111111157,0.5241000812540817,0.9969768948391275,Silver,2,1,3,6,Occasional Buyer
2715,53,Female,Sweater,Clothing,45,Iowa,S,Olive,Winter,3.6,0,Store Pickup,0,0,16,Credit Card,Bi-Weekly,26,0.5882338749181111,58.55555067254538,0.4712640708417055,0.6496467749836222,0.7496834957415791,Silver,2,2,2,6,Occasional Buyer
2716,25,Female,Sneakers,Footwear,92,Mississippi,XL,Pink,Winter,4.1,0,Express,0,0,29,PayPal,Fortnightly,26,0.6460171125956566,76.13155776510449,-2.7198160345219193,0.7212034225191313,1.5268334580112486,Gold,3,2,5,10,Organic Loyalist
2717,47,Female,Shoes,Footwear,40,Colorado,L,Black,Spring,2.7,0,Store Pickup,0,0,21,Debit Card,Weekly,52,0.9144638386434814,176.58822309427663,-2.7198160345219193,0.7068927677286962,0.6638406339179342,Silver,3,3,2,8,Organic Loyalist
2718,18,Female,Sunglasses,Accessories,62,Nebraska,XL,Beige,Winter,4.3,0,Free Shipping,0,0,19,Credit Card,Every 3 Months,4,0.3509214074231668,5.8156586773164545,2.3996554557680767,0.6015688968692487,1.0361185983827494,Silver,2,1,3,6,Occasional Buyer
2719,22,Female,Shorts,Clothing,90,Virginia,M,Peach,Winter,4.9,0,Next Day Air,0,0,10,Venmo,Bi-Weekly,26,0.5439472648879285,63.79541196245234,0.4712640708417055,0.7967894529775857,1.4993669914831582,Bronze,1,2,5,8,Organic Loyalist
2720,69,Female,Hoodie,Clothing,82,Louisiana,S,Peach,Fall,4.2,0,Free Shipping,0,0,4,Bank Transfer,Monthly,12,0.3021959522197534,16.024268942164884,0.4712640708417055,0.610593036597797,1.3660899255735441,Bronze,1,2,4,7,Occasional Buyer
2721,55,Female,Scarf,Accessories,52,Maryland,M,Peach,Spring,2.8,0,Store Pickup,0,0,45,Bank Transfer,Quarterly,4,0.43565651022150625,6.9187340784751346,2.3996554557680767,0.4385159174289166,0.8690026954177897,Platinum,5,1,3,9,Organic Loyalist
2722,19,Female,Sandals,Footwear,70,Minnesota,S,Teal,Spring,4.9,0,Free Shipping,0,0,17,PayPal,Fortnightly,26,0.5940488239193306,65.83823916022574,-2.7198160345219193,0.8068097647838661,1.1617211093563848,Silver,2,2,4,8,Organic Loyalist
2723,23,Female,Hat,Accessories,83,Maine,M,Green,Spring,2.8,0,2-Day Shipping,0,0,22,PayPal,Fortnightly,26,0.6189860903121072,71.30796314733594,2.3996554557680767,0.5597972180624213,1.3870619946091645,Silver,3,2,4,9,Organic Loyalist
2724,54,Female,Shoes,Footwear,49,Texas,XL,Brown,Summer,2.9,0,Store Pickup,0,0,3,PayPal,Every 3 Months,4,0.18718699366495184,2.929119302136897,-2.7198160345219193,0.4008220141176057,0.8132047765494694,Bronze,1,1,2,4,At-Risk / One-Timer
2725,52,Female,Sneakers,Footwear,91,Missouri,M,Brown,Spring,2.5,0,Next Day Air,0,0,11,Debit Card,Fortnightly,26,0.5527992725929946,64.99067734151255,-2.7198160345219193,0.510559854518599,1.5102374421633002,Bronze,2,2,5,9,Organic Loyalist
2726,64,Female,Backpack,Accessories,99,Mississippi,S,Violet,Summer,2.7,0,Free Shipping,0,0,4,Debit Card,Annually,1,0.1752728752966765,0.8071614197286634,2.3996554557680767,0.36290072890548913,1.6544474393531,Bronze,1,1,5,7,Occasional Buyer
2727,33,Female,Belt,Accessories,92,Michigan,L,Blue,Winter,3.3,0,Free Shipping,0,0,11,PayPal,Bi-Weekly,26,0.5527992725929946,65.1460602720329,2.3996554557680767,0.606559854518599,1.537466307277628,Bronze,2,2,5,9,Organic Loyalist
2728,40,Female,Shirt,Clothing,87,Colorado,L,Charcoal,Winter,3.7,0,2-Day Shipping,0,0,47,Credit Card,Fortnightly,26,0.6938324201041003,80.76955737787553,0.4712640708417055,0.6827664840208201,1.449388091767053,Platinum,5,2,5,12,Champion
2729,26,Female,Skirt,Clothing,28,Florida,M,Pink,Winter,4.0,0,Express,0,0,17,Debit Card,Weekly,52,0.8940488239193305,156.5473975825694,0.4712640708417055,0.8588097647838661,0.4664697306836492,Silver,2,3,1,6,Occasional Buyer
2730,31,Female,Gloves,Accessories,71,Montana,S,Violet,Summer,4.1,0,Free Shipping,0,0,32,Credit Card,Monthly,12,0.4941749284313559,25.361054079474762,2.3996554557680767,0.6369888318401173,1.186522911051213,Gold,4,2,4,10,Organic Loyalist
2731,23,Female,Gloves,Accessories,32,Wisconsin,M,Teal,Winter,4.1,0,Store Pickup,0,0,37,Bank Transfer,Annually,1,0.38160432910400116,1.3342824222004832,2.3996554557680767,0.572167019666954,0.5347708894878707,Gold,4,1,1,6,Occasional Buyer
2732,52,Female,Handbag,Accessories,33,Wisconsin,M,Red,Summer,2.5,0,2-Day Shipping,0,0,44,Bank Transfer,Quarterly,4,0.4334205100758389,6.113587909161759,2.3996554557680767,0.40206871739978317,0.5514824797843666,Platinum,5,1,1,7,Occasional Buyer
2733,21,Female,Socks,Clothing,75,Delaware,L,Orange,Winter,4.2,0,Store Pickup,0,0,27,Debit Card,Every 3 Months,4,0.3851520440842412,6.671963193580217,0.4712640708417055,0.5964150242014636,1.2494724929026317,Gold,3,1,4,8,Organic Loyalist
2734,31,Female,Backpack,Accessories,83,North Carolina,M,Magenta,Summer,4.7,0,Express,0,0,46,PayPal,Annually,1,0.4032290359795592,1.786633986399626,2.3996554557680767,0.6484919610420657,1.3870619946091645,Platinum,5,1,4,10,Organic Loyalist
2735,63,Female,Jeans,Clothing,93,New York,XL,Yellow,Summer,2.7,0,2-Day Shipping,0,0,13,Cash,Bi-Weekly,26,0.5684816241748422,67.15226952017838,0.4712640708417055,0.5376963248349684,1.5493458911992635,Bronze,2,2,5,9,Organic Loyalist
2736,46,Female,Skirt,Clothing,29,California,M,Yellow,Spring,3.0,0,Express,0,0,2,PayPal,Bi-Weekly,26,0.41176612508188887,36.412944528627996,0.4712640708417055,0.5423532250163777,0.48312936392235095,Bronze,1,2,1,4,At-Risk / One-Timer
2737,44,Female,Hoodie,Clothing,25,Montana,M,Pink,Spring,4.8,0,Store Pickup,0,0,45,Credit Card,Annually,1,0.40104112560612165,1.3066307029415434,0.4712640708417055,0.6600543789673781,0.4164908309675439,Platinum,5,1,1,7,Occasional Buyer
2738,57,Female,Jewelry,Accessories,76,North Carolina,S,Indigo,Spring,4.4,0,Free Shipping,0,0,35,Cash,Every 3 Months,4,0.41071924382872965,7.136337912811524,2.3996554557680767,0.6255284641503613,1.2700808625336928,Gold,4,1,4,9,Organic Loyalist
2739,50,Female,Sneakers,Footwear,81,Ohio,M,Charcoal,Summer,4.3,0,2-Day Shipping,0,0,39,Venmo,Every 3 Months,4,0.42143798117871967,7.4286354527538165,-2.7198160345219193,0.6156722116203592,1.3442772836838168,Platinum,4,1,4,9,Organic Loyalist
2740,33,Female,Shirt,Clothing,80,Alaska,XL,Blue,Winter,2.5,0,Store Pickup,0,0,39,Credit Card,Every 3 Months,4,0.42143798117871967,7.407951120550736,0.4712640708417055,0.3996722116203593,1.3327706590961406,Platinum,4,1,4,9,Organic Loyalist
2741,19,Female,Sunglasses,Accessories,70,Pennsylvania,M,Lavender,Summer,4.9,0,Free Shipping,0,0,34,Bank Transfer,Fortnightly,26,0.6616994641775042,73.33593775556018,2.3996554557680767,0.8203398928355009,1.169811320754717,Gold,4,2,4,10,Organic Loyalist
2742,68,Female,Dress,Clothing,81,Maine,L,Yellow,Fall,4.9,0,2-Day Shipping,0,0,41,Venmo,Monthly,12,0.5187092877182695,27.42967442307396,0.4712640708417055,0.7378957036975002,1.3494302923348425,Platinum,5,2,4,11,Champion
2743,27,Female,Shoes,Footwear,86,Texas,M,Black,Spring,3.9,0,Free Shipping,0,0,47,Debit Card,Annually,1,0.40537088164256185,1.8103491113936834,-2.7198160345219193,0.5529203301746661,1.4272573629235585,Platinum,5,1,5,11,Champion
2744,61,Female,Belt,Accessories,94,New Jersey,S,Beige,Fall,4.1,0,2-Day Shipping,0,0,17,Venmo,Quarterly,4,0.3402026700731767,6.19696431082817,2.3996554557680767,0.5754251493992507,1.57088948787062,Silver,2,1,5,8,Organic Loyalist
2745,38,Female,Shirt,Clothing,66,Wyoming,M,Silver,Winter,3.3,0,Store Pickup,0,0,40,Credit Card,Monthly,12,0.5162577495443996,26.048461790552725,0.4712640708417055,0.5454053960627261,1.099535793754316,Platinum,4,2,3,9,Organic Loyalist
2746,28,Female,Boots,Footwear,98,Michigan,M,Magenta,Summer,4.1,0,Standard,0,0,44,PayPal,Bi-Weekly,26,0.6872666639219928,82.1098899328169,-2.7198160345219193,0.7294533327843985,1.6264095530989389,Platinum,5,2,5,12,Champion
2747,39,Female,Hoodie,Clothing,25,Ohio,M,Orange,Fall,3.7,0,Standard,0,0,21,PayPal,Every 3 Months,4,0.36061768479732753,4.69970892154998,0.4712640708417055,0.5315081523440809,0.4164908309675439,Silver,3,1,1,5,At-Risk / One-Timer
2748,18,Female,Jeans,Clothing,62,West Virginia,M,Teal,Winter,3.1,0,Free Shipping,0,0,21,Credit Card,Every 3 Months,4,0.36061768479732753,5.976350611338894,0.4712640708417055,0.4595081523440809,1.032897260799509,Silver,3,1,3,7,Occasional Buyer
2749,24,Female,Jacket,Outerwear,98,Virginia,L,Turquoise,Spring,3.0,0,Free Shipping,0,0,16,Venmo,Annually,1,0.2997723364565727,1.3774898137728222,3.3361111111111157,0.42380062113746836,1.7141006262146403,Silver,2,1,5,8,Organic Loyalist
2750,64,Female,Jacket,Outerwear,53,Vermont,M,Cyan,Spring,3.4,0,Standard,0,0,15,Bank Transfer,Annually,1,0.2936047565606729,1.1711846899159117,3.3361111111111157,0.47056710515828837,0.9270136039732239,Silver,2,1,3,6,Occasional Buyer
2751,51,Female,Sandals,Footwear,66,Alaska,L,Pink,Spring,2.7,0,2-Day Shipping,0,0,26,PayPal,Every 3 Months,4,0.3814522213995128,6.41555735987528,-2.7198160345219193,0.41567505966451795,1.0953370459645915,Gold,3,1,3,7,Occasional Buyer
2752,27,Female,Dress,Clothing,52,Minnesota,S,Indigo,Fall,3.1,0,Free Shipping,0,0,50,Venmo,Monthly,12,0.5384615384615385,25.654193902952176,0.4712640708417055,0.5258461538461539,0.8663009284124914,Platinum,5,2,3,10,Organic Loyalist
2753,48,Female,Sweater,Clothing,64,Colorado,S,Peach,Winter,4.0,0,Free Shipping,0,0,30,Venmo,Bi-Weekly,26,0.6493529495208838,70.4769178398782,0.4712640708417055,0.7098705899041767,1.0662165272769124,Gold,3,2,3,8,Organic Loyalist
2754,69,Female,Gloves,Accessories,59,Rhode Island,M,Beige,Spring,3.6,0,Next Day Air,0,0,48,PayPal,Quarterly,4,0.44208394699242487,7.240176017656472,2.3996554557680767,0.5358014047831003,0.9859838274932615,Platinum,5,1,3,9,Organic Loyalist
2755,59,Female,Sunglasses,Accessories,61,New Jersey,L,Gold,Summer,3.6,0,Free Shipping,0,0,21,Venmo,Bi-Weekly,26,0.6144638386434813,65.93534575764008,2.3996554557680767,0.6548927677286963,1.0194070080862534,Silver,3,2,3,8,Organic Loyalist
2756,59,Female,Belt,Accessories,97,Nevada,M,Indigo,Winter,3.3,0,Store Pickup,0,0,18,Credit Card,Annually,1,0.31108775534844835,1.426327241285263,2.3996554557680767,0.4620637049158435,1.6210242587601078,Silver,2,1,5,8,Organic Loyalist
2757,42,Female,Hat,Accessories,23,Minnesota,L,Violet,Winter,4.1,0,Free Shipping,0,0,41,PayPal,Monthly,12,0.5187092877182695,19.781832464041216,2.3996554557680767,0.6418957036975,0.384366576819407,Platinum,5,2,1,8,Organic Loyalist
2758,39,Female,Hat,Accessories,98,Delaware,XL,Brown,Fall,4.3,0,Next Day Air,0,0,11,Venmo,Monthly,12,0.39126081105453303,21.574683833477327,2.3996554557680767,0.6404060083647528,1.6377358490566039,Bronze,2,2,5,9,Organic Loyalist
2759,32,Female,Blouse,Clothing,98,Illinois,M,Purple,Summer,3.2,0,Standard,0,0,8,Bank Transfer,Bi-Weekly,26,0.5235322501637778,62.548029307743285,0.4712640708417055,0.5887064500327556,1.6326440573927723,Bronze,1,2,5,8,Organic Loyalist
2760,68,Female,Shoes,Footwear,59,Washington,M,Turquoise,Summer,3.9,0,Free Shipping,0,0,42,Cash,Every 3 Months,4,0.4287954449459535,7.022545193280283,-2.7198160345219193,0.5691437043738061,0.979164935028953,Platinum,5,1,3,9,Organic Loyalist
2761,41,Female,Skirt,Clothing,82,Alaska,S,Violet,Fall,5.0,0,Next Day Air,0,0,41,Credit Card,Bi-Weekly,26,0.6802477492567311,78.15356582222492,0.4712640708417055,0.8360495498513462,1.3660899255735441,Platinum,5,2,4,11,Champion
2762,31,Female,Sneakers,Footwear,82,Michigan,M,Purple,Fall,3.4,0,Next Day Air,0,0,3,Credit Card,Every 3 Months,4,0.18718699366495184,3.308597955432215,-2.7198160345219193,0.4608220141176057,1.3608732995317652,Bronze,1,1,4,6,Occasional Buyer
2763,58,Female,T-shirt,Clothing,41,Georgia,M,Charcoal,Fall,3.8,0,Store Pickup,0,0,10,Debit Card,Every 3 Months,4,0.2901011110417747,4.3372084358843646,0.4712640708417055,0.5294048375929703,0.6830449627867721,Bronze,1,1,2,4,At-Risk / One-Timer
2764,28,Female,Handbag,Accessories,52,West Virginia,M,Green,Fall,2.9,0,2-Day Shipping,0,0,35,Venmo,Quarterly,4,0.41071924382872965,6.52270117005379,2.3996554557680767,0.4455284641503613,0.8690026954177897,Gold,4,1,3,8,Organic Loyalist
2765,63,Female,Sweater,Clothing,41,Arizona,XL,White,Spring,2.6,0,Next Day Air,0,0,2,Debit Card,Weekly,52,0.7117661250818889,138.3380242941765,0.4712640708417055,0.6543532250163778,0.6830449627867721,Bronze,1,3,2,6,Occasional Buyer
2766,64,Female,Gloves,Accessories,70,Colorado,M,Purple,Summer,4.3,0,2-Day Shipping,0,0,24,Credit Card,Quarterly,4,0.3736226736702761,6.37053541064264,2.3996554557680767,0.6061091501186706,1.169811320754717,Silver,3,1,4,8,Organic Loyalist
2767,66,Female,Dress,Clothing,91,Tennessee,M,Cyan,Winter,2.8,0,Standard,0,0,47,Credit Card,Monthly,12,0.5322939585656388,28.883048897691847,0.4712640708417055,0.4886126378669739,1.51602662472186,Platinum,5,2,5,12,Champion
2768,31,Female,Dress,Clothing,95,Iowa,M,Green,Spring,4.5,0,Free Shipping,0,0,31,Cash,Monthly,12,0.4910444072393027,26.895571825357283,0.4712640708417055,0.6843627276017068,1.582665157676667,Gold,4,2,5,11,Champion
2769,55,Female,Blouse,Clothing,25,Kansas,M,Beige,Spring,3.8,0,2-Day Shipping,0,0,28,PayPal,Bi-Weekly,26,0.6425681751459875,54.43227781903401,0.4712640708417055,0.6845136350291975,0.4164908309675439,Gold,3,2,1,6,Occasional Buyer
2770,32,Female,Shirt,Clothing,89,Oklahoma,L,Lavender,Fall,3.0,0,Standard,0,0,13,Cash,Weekly,52,0.8684816241748421,203.21610457023664,0.4712640708417055,0.7336963248349685,1.4827073582444563,Bronze,2,3,5,10,Organic Loyalist
2771,50,Female,Boots,Footwear,44,Nebraska,S,Blue,Fall,3.3,0,Express,0,0,22,Bank Transfer,Quarterly,4,0.3651399364659534,5.5598579986482495,-2.7198160345219193,0.48441260267780606,0.7302246973097276,Silver,3,1,2,6,Occasional Buyer
2772,58,Female,Jacket,Outerwear,52,Maryland,S,Beige,Summer,3.1,0,2-Day Shipping,0,0,12,Bank Transfer,Fortnightly,26,0.5609423303122735,57.904724748205474,3.3361111111111157,0.5841884660624547,0.909522781256748,Bronze,2,2,3,7,Occasional Buyer
2773,18,Female,Backpack,Accessories,94,Pennsylvania,L,Blue,Spring,3.5,0,Store Pickup,0,0,10,Bank Transfer,Every 3 Months,4,0.2901011110417747,5.284338983203122,2.3996554557680767,0.4934048375929703,1.57088948787062,Bronze,1,1,5,7,Occasional Buyer
2774,39,Female,Pants,Clothing,98,Arizona,S,Maroon,Spring,4.6,0,Express,0,0,45,Bank Transfer,Quarterly,4,0.43565651022150625,8.007575511836825,0.4712640708417055,0.6545159174289166,1.6326440573927723,Platinum,5,1,5,11,Champion
2775,56,Female,Boots,Footwear,40,Oklahoma,L,Yellow,Fall,4.1,0,Standard,0,0,42,Credit Card,Quarterly,4,0.4287954449459535,6.369451146725352,-2.7198160345219193,0.593143704373806,0.6638406339179342,Platinum,5,1,2,8,Organic Loyalist
2776,37,Female,Socks,Clothing,25,Montana,L,Red,Fall,3.6,0,Free Shipping,0,0,16,Debit Card,Weekly,52,0.8882338749181111,150.48548906685343,0.4712640708417055,0.8096467749836223,0.4164908309675439,Silver,2,3,1,6,Occasional Buyer
2777,46,Female,Scarf,Accessories,62,Wyoming,L,Green,Fall,2.9,0,Free Shipping,0,0,6,Bank Transfer,Annually,1,0.2095035119577509,0.8680012756931414,2.3996554557680767,0.393746856237704,1.0361185983827494,Bronze,1,1,3,5,At-Risk / One-Timer
2778,52,Female,Blouse,Clothing,24,Idaho,M,Magenta,Fall,4.8,0,Standard,0,0,28,Credit Card,Every 3 Months,4,0.38872202129983363,5.004991667823745,0.4712640708417055,0.6691290196445822,0.3998311977288422,Gold,3,1,1,5,At-Risk / One-Timer
2779,70,Female,Belt,Accessories,57,Pennsylvania,L,Yellow,Spring,3.2,0,Standard,0,0,24,Credit Card,Bi-Weekly,26,0.62746882751643,66.24283679064595,2.3996554557680767,0.6094937655032859,0.9525606469002695,Silver,3,2,3,8,Organic Loyalist
2780,61,Female,Sunglasses,Accessories,66,Montana,L,Blue,Winter,4.3,0,Express,0,0,14,Credit Card,Fortnightly,26,0.5755005388401039,62.91487457102922,2.3996554557680767,0.7311001077680208,1.1029649595687332,Silver,2,2,3,7,Occasional Buyer
2781,33,Female,Boots,Footwear,70,Ohio,M,Charcoal,Winter,4.1,0,Next Day Air,0,0,29,PayPal,Fortnightly,26,0.6460171125956566,71.59786779823183,-2.7198160345219193,0.7212034225191313,1.1617211093563848,Gold,3,2,4,9,Organic Loyalist
2782,65,Female,Sandals,Footwear,39,Mississippi,M,Blue,Spring,4.6,0,Standard,0,0,33,PayPal,Weekly,52,0.958750448673664,183.90917125020945,-2.7198160345219193,0.9437500897347328,0.6472446180699859,Gold,4,3,2,9,Organic Loyalist
2783,41,Female,Gloves,Accessories,34,Idaho,S,Cyan,Spring,3.8,0,Free Shipping,0,0,30,PayPal,Annually,1,0.3608914110593454,1.2830945787180228,2.3996554557680767,0.5320244360580229,0.5681940700808625,Gold,3,1,1,5,At-Risk / One-Timer
2784,19,Female,Skirt,Clothing,38,Virginia,M,Silver,Spring,4.5,0,Next Day Air,0,0,26,Credit Card,Quarterly,4,0.3814522213995128,5.589894912600838,0.4712640708417055,0.631675059664518,0.6330660630706668,Gold,3,1,2,6,Occasional Buyer
2785,33,Female,Skirt,Clothing,70,Idaho,M,Black,Winter,3.1,0,Express,0,0,12,PayPal,Every 3 Months,4,0.30709617646611964,5.236210766953828,0.4712640708417055,0.44880385067783934,1.1661743267091231,Bronze,2,1,4,7,Occasional Buyer
2786,53,Female,Blouse,Clothing,80,Louisiana,S,Green,Summer,2.9,0,Next Day Air,0,0,13,Bank Transfer,Monthly,12,0.40694316263638064,21.45949244456606,0.4712640708417055,0.47554247868112226,1.3327706590961406,Bronze,2,2,4,8,Organic Loyalist
2787,54,Female,Handbag,Accessories,51,Colorado,M,Violet,Spring,3.8,0,Next Day Air,0,0,41,Debit Card,Every 3 Months,4,0.42640159541057726,6.73926650183657,2.3996554557680767,0.5566649344667308,0.8522911051212938,Platinum,5,1,2,8,Organic Loyalist
2788,36,Female,Boots,Footwear,79,West Virginia,XL,Pink,Spring,4.1,0,Next Day Air,0,0,4,Venmo,Fortnightly,26,0.46373441375821495,52.834510365087766,-2.7198160345219193,0.684746882751643,1.3110852519879201,Bronze,1,2,4,7,Occasional Buyer
2789,56,Female,Boots,Footwear,92,Rhode Island,M,Olive,Summer,3.1,0,Free Shipping,0,0,2,Credit Card,Annually,1,0.12330458662035042,0.5588903068188721,-2.7198160345219193,0.40050707117022394,1.5268334580112486,Bronze,1,1,5,7,Occasional Buyer
2790,28,Female,Sweater,Clothing,85,North Carolina,L,Orange,Fall,5.0,0,Express,0,0,28,Credit Card,Bi-Weekly,26,0.6425681751459875,74.41776715412207,0.4712640708417055,0.8285136350291975,1.4160688252896494,Gold,3,2,5,10,Organic Loyalist
2791,34,Female,Socks,Clothing,63,Maine,M,Black,Spring,4.5,0,Free Shipping,0,0,24,Debit Card,Annually,1,0.33900728905489147,1.4098916795860104,0.4712640708417055,0.6116476116571321,1.0495568940382107,Silver,3,1,3,7,Occasional Buyer
2792,43,Female,Gloves,Accessories,60,Iowa,M,Yellow,Fall,2.8,0,Express,0,0,14,Venmo,Fortnightly,26,0.5755005388401039,61.511063222321454,2.3996554557680767,0.5511001077680208,1.0026954177897573,Silver,2,2,3,7,Occasional Buyer
2793,54,Female,Shorts,Clothing,44,Kentucky,L,Violet,Winter,3.2,0,Express,0,0,11,Credit Card,Weekly,52,0.8527992725929945,168.80858811872463,0.4712640708417055,0.754559854518599,0.7330238625028773,Bronze,2,3,2,7,Occasional Buyer
2794,37,Female,Boots,Footwear,57,Massachusetts,M,Silver,Spring,3.1,0,Standard,0,0,27,Debit Card,Bi-Weekly,26,0.638998197930395,67.46000992999397,-2.7198160345219193,0.599799639586079,0.9459729033330563,Gold,3,2,3,8,Organic Loyalist
2795,33,Female,Jacket,Outerwear,24,New York,M,Gold,Fall,3.3,0,Standard,0,0,7,Cash,Fortnightly,26,0.5115497212666585,42.81199080608615,3.3361111111111157,0.5983099442533317,0.41977974519542216,Bronze,1,2,1,4,At-Risk / One-Timer
2796,33,Female,Scarf,Accessories,35,Nebraska,M,Magenta,Winter,3.4,0,Store Pickup,0,0,49,PayPal,Annually,1,0.40952386281044434,1.467536518130929,2.3996554557680767,0.4937509264082427,0.5849056603773585,Platinum,5,1,1,7,Occasional Buyer
2797,55,Female,Jacket,Outerwear,73,Oklahoma,M,Red,Winter,3.8,0,Store Pickup,0,0,21,Cash,Annually,1,0.32600230018194293,1.403135120517368,3.3361111111111157,0.5250466138825424,1.2768300583027423,Silver,3,1,4,8,Organic Loyalist
2798,63,Female,Jewelry,Accessories,42,Oklahoma,M,Green,Winter,3.5,0,Express,0,0,10,Venmo,Every 3 Months,4,0.2901011110417747,4.364513329652616,2.3996554557680767,0.4934048375929703,0.7018867924528303,Bronze,1,1,2,4,At-Risk / One-Timer
2799,52,Female,Hoodie,Clothing,20,Rhode Island,XL,Red,Winter,4.8,0,Store Pickup,0,0,37,PayPal,Weekly,52,0.9700658675655396,153.57613959339204,0.4712640708417055,0.9700131735131079,0.33319266477403514,Gold,4,3,1,8,Organic Loyalist
2800,23,Female,T-shirt,Clothing,89,Maine,L,Pink,Spring,3.9,0,Free Shipping,0,0,9,Bank Transfer,Every 3 Months,4,0.28040483366761404,5.047073528579516,0.4712640708417055,0.5394655821181382,1.4827073582444563,Bronze,1,1,5,7,Occasional Buyer
2801,70,Female,Shirt,Clothing,76,Arkansas,L,Violet,Fall,3.4,0,Free Shipping,0,0,14,Cash,Bi-Weekly,26,0.5755005388401039,64.99642138322736,0.4712640708417055,0.6231001077680208,1.2661321261413336,Silver,2,2,4,8,Organic Loyalist
2802,64,Female,Shirt,Clothing,56,New Mexico,M,Indigo,Winter,2.6,0,Express,0,0,30,PayPal,Annually,1,0.3608914110593454,1.4591024770340864,0.4712640708417055,0.38802443605802295,0.9329394613672984,Gold,3,1,3,7,Occasional Buyer
2803,22,Female,Coat,Outerwear,100,Hawaii,L,Red,Fall,3.1,0,Store Pickup,0,0,42,Credit Card,Fortnightly,26,0.6826415987921073,81.91230445410413,3.3361111111111157,0.6085283197584215,1.7490822716475922,Platinum,5,2,5,12,Champion
2804,46,Female,T-shirt,Clothing,44,Idaho,M,Violet,Winter,3.3,0,Free Shipping,0,0,31,Bank Transfer,Monthly,12,0.4910444072393027,22.430883910192257,0.4712640708417055,0.5403627276017067,0.7330238625028773,Gold,4,2,2,8,Organic Loyalist
2805,65,Female,Hoodie,Clothing,76,South Carolina,M,Cyan,Spring,2.8,0,Standard,0,0,48,Bank Transfer,Every 3 Months,4,0.44208394699242487,7.681306583440687,0.4712640708417055,0.4398014047831003,1.2661321261413336,Platinum,5,1,4,10,Organic Loyalist
2806,18,Female,Sunglasses,Accessories,97,Nevada,S,Black,Fall,4.3,0,Standard,0,0,48,Cash,Quarterly,4,0.44208394699242487,8.107762079210373,2.3996554557680767,0.6198014047831003,1.6210242587601078,Platinum,5,1,5,11,Champion
2807,45,Female,Blouse,Clothing,39,South Carolina,L,Purple,Spring,2.7,0,Standard,0,0,50,Credit Card,Annually,1,0.4115384615384616,1.5181157753468892,0.4712640708417055,0.41015384615384615,0.6497256963093685,Platinum,5,1,2,8,Organic Loyalist
2808,56,Female,Hoodie,Clothing,100,Maryland,M,Charcoal,Spring,4.4,0,2-Day Shipping,0,0,10,Debit Card,Fortnightly,26,0.5439472648879285,65.26993673886312,0.4712640708417055,0.7367894529775857,1.6659633238701756,Bronze,1,2,5,8,Organic Loyalist
2809,49,Female,Skirt,Clothing,62,Tennessee,M,Beige,Spring,3.9,0,Free Shipping,0,0,45,PayPal,Every 3 Months,4,0.43565651022150625,7.219934465109081,0.4712640708417055,0.5705159174289166,1.032897260799509,Platinum,5,1,3,9,Organic Loyalist
2810,66,Female,Shorts,Clothing,98,Arkansas,XL,Teal,Summer,3.0,0,Standard,0,0,27,Debit Card,Quarterly,4,0.3851520440842412,7.079279212365638,0.4712640708417055,0.4524150242014636,1.6326440573927723,Gold,3,1,5,9,Organic Loyalist
2811,27,Female,Jeans,Clothing,31,Arizona,M,Purple,Summer,4.0,0,Standard,0,0,10,Debit Card,Fortnightly,26,0.5439472648879285,49.014616693946984,0.4712640708417055,0.6887894529775856,0.5164486303997545,Bronze,1,2,1,4,At-Risk / One-Timer
2812,69,Female,Jacket,Outerwear,89,Ohio,M,Blue,Fall,3.7,0,Store Pickup,0,0,19,Credit Card,Quarterly,4,0.3509214074231668,6.316318170594691,3.3361111111111157,0.5295688968692488,1.556683221766357,Silver,2,1,5,8,Organic Loyalist
2813,66,Female,Hoodie,Clothing,91,North Dakota,XL,Magenta,Fall,3.8,0,Store Pickup,0,0,1,Credit Card,Every 3 Months,4,0.116670419909399,2.1102358881033414,0.4712640708417055,0.49471869936649515,1.51602662472186,Bronze,1,1,5,7,Occasional Buyer
2814,45,Female,Shirt,Clothing,50,Vermont,S,Maroon,Summer,3.3,0,2-Day Shipping,0,0,39,Debit Card,Quarterly,4,0.42143798117871967,6.628082628008328,0.4712640708417055,0.4956722116203593,0.8329816619350878,Platinum,4,1,2,7,Occasional Buyer
2815,31,Female,T-shirt,Clothing,32,Minnesota,L,Gold,Winter,3.6,0,Standard,0,0,14,Bank Transfer,Monthly,12,0.41396207730164236,17.36905840134677,0.4712640708417055,0.5609462616141746,0.5331082636384562,Silver,2,2,1,5,At-Risk / One-Timer
2816,33,Female,Blouse,Clothing,67,Idaho,L,Black,Fall,3.9,0,Free Shipping,0,0,40,Venmo,Every 3 Months,4,0.42395005723670726,7.155442132480552,0.4712640708417055,0.5681746268319569,1.1161954269930177,Platinum,4,1,3,8,Organic Loyalist
2817,43,Female,Skirt,Clothing,28,Maryland,M,Black,Spring,3.5,0,Free Shipping,0,0,45,Venmo,Weekly,52,0.9895026640676601,173.26130611272802,0.4712640708417055,0.817900532813532,0.4664697306836492,Platinum,5,3,1,9,Organic Loyalist
2818,25,Female,Backpack,Accessories,65,South Carolina,XL,Yellow,Winter,3.4,0,Standard,0,0,6,Venmo,Weekly,52,0.7979650504192893,173.84629898794762,2.3996554557680767,0.7675930100838578,1.0862533692722371,Bronze,1,3,3,7,Occasional Buyer
2819,46,Female,Shorts,Clothing,73,California,M,Turquoise,Fall,4.7,0,Next Day Air,0,0,12,Debit Card,Annually,1,0.27248079185073504,1.17277506477338,0.4712640708417055,0.6223423122163009,1.2161532264252284,Bronze,2,1,4,7,Occasional Buyer
2820,67,Female,Shirt,Clothing,27,Georgia,L,Lavender,Spring,3.0,0,Free Shipping,0,0,19,Cash,Monthly,12,0.4432290997308591,17.723160061968766,0.4712640708417055,0.49479966610001797,0.44981009744494743,Silver,2,2,1,5,At-Risk / One-Timer
2821,26,Female,Backpack,Accessories,89,Vermont,L,Yellow,Summer,3.9,0,Free Shipping,0,0,5,Cash,Bi-Weekly,26,0.48228269883744174,56.42468915360418,2.3996554557680767,0.6644565397674883,1.4873315363881403,Bronze,1,2,5,8,Organic Loyalist
2822,35,Female,Shoes,Footwear,72,Georgia,L,Olive,Summer,4.5,0,Standard,0,0,37,Venmo,Monthly,12,0.5085274060270781,26.181794523258944,-2.7198160345219193,0.6878593273592619,1.1949131410522815,Gold,4,2,4,10,Organic Loyalist
2823,61,Female,Skirt,Clothing,37,New Jersey,S,Brown,Fall,4.1,0,Standard,0,0,33,PayPal,Quarterly,4,0.40490429482751017,5.891497035513292,0.4712640708417055,0.5883654743501173,0.616406429831965,Gold,4,1,2,7,Occasional Buyer
2824,26,Female,Dress,Clothing,63,Utah,M,Olive,Summer,4.5,0,Standard,0,0,47,Debit Card,Bi-Weekly,26,0.6938324201041003,75.02476578109354,0.4712640708417055,0.77876648402082,1.0495568940382107,Platinum,5,2,3,10,Organic Loyalist
2825,39,Female,Hat,Accessories,90,Utah,M,Purple,Fall,4.0,0,Free Shipping,0,0,49,Debit Card,Quarterly,4,0.44413924742582894,8.013798985872159,2.3996554557680767,0.5842124648697812,1.5040431266846361,Platinum,5,1,5,11,Champion
2826,69,Female,Handbag,Accessories,62,North Carolina,M,Yellow,Winter,4.3,0,2-Day Shipping,0,0,28,Bank Transfer,Annually,1,0.354106636684449,1.4671115032930506,2.3996554557680767,0.5906674811830437,1.0361185983827494,Gold,3,1,3,7,Occasional Buyer
2827,32,Female,Handbag,Accessories,43,Florida,L,Brown,Fall,3.6,0,Express,0,0,23,Venmo,Annually,1,0.334854307887009,1.2671522007788931,2.3996554557680767,0.5028170154235556,0.7185983827493262,Silver,3,1,2,6,Occasional Buyer
2828,20,Female,Blouse,Clothing,96,Wisconsin,M,Magenta,Fall,3.1,0,Next Day Air,0,0,11,Bank Transfer,Bi-Weekly,26,0.5527992725929946,65.75131943223627,0.4712640708417055,0.5825598545185989,1.5993247909153687,Bronze,2,2,5,9,Organic Loyalist
2829,25,Female,Scarf,Accessories,83,Tennessee,L,Lavender,Fall,2.6,0,Standard,0,0,33,PayPal,Quarterly,4,0.40490429482751017,7.176227005782151,2.3996554557680767,0.40836547435011744,1.3870619946091645,Gold,4,1,4,9,Organic Loyalist
2830,56,Female,Jewelry,Accessories,67,Arizona,XL,Teal,Fall,3.4,0,Next Day Air,0,0,47,Cash,Weekly,52,0.9938324201041002,218.06114482271957,2.3996554557680767,0.8067664840208201,1.1196765498652292,Platinum,5,3,3,11,Champion
2831,63,Female,Skirt,Clothing,90,Oregon,L,Cyan,Spring,2.9,0,Store Pickup,0,0,13,Venmo,Every 3 Months,4,0.3146354703286883,5.6771056096782555,0.4712640708417055,0.426311709450353,1.4993669914831582,Bronze,2,1,5,8,Organic Loyalist
2832,34,Female,Hoodie,Clothing,53,Virginia,L,Pink,Winter,5.0,0,Express,0,0,4,Credit Card,Weekly,52,0.7637344137582149,158.41926839926919,0.4712640708417055,0.952746882751643,0.8829605616511932,Bronze,1,3,3,7,Occasional Buyer
2833,29,Female,Scarf,Accessories,37,Maryland,M,Magenta,Summer,4.6,0,Standard,0,0,40,PayPal,Quarterly,4,0.42395005723670726,6.168619442477821,2.3996554557680767,0.6521746268319568,0.6183288409703505,Platinum,4,1,2,7,Occasional Buyer
2834,43,Female,Jeans,Clothing,56,Arkansas,M,Teal,Fall,3.3,0,Free Shipping,0,0,19,Cash,Monthly,12,0.4432290997308591,21.503975683296197,0.4712640708417055,0.5307996661000179,0.9329394613672984,Silver,2,2,3,7,Occasional Buyer
2835,39,Female,Jacket,Outerwear,43,Texas,M,Indigo,Fall,2.9,0,2-Day Shipping,0,0,17,Credit Card,Weekly,52,0.8940488239193305,175.92901516800183,3.3361111111111157,0.7268097647838662,0.7521053768084647,Silver,2,3,2,7,Occasional Buyer
2836,33,Female,T-shirt,Clothing,84,Vermont,S,Pink,Winter,4.9,0,Free Shipping,0,0,7,Venmo,Annually,1,0.22308818280512005,0.9911029956473081,0.4712640708417055,0.6364637904071779,1.3994091920509477,Bronze,1,1,4,6,Occasional Buyer
2837,51,Female,Pants,Clothing,50,Wyoming,M,Charcoal,Winter,5.0,0,2-Day Shipping,0,0,21,Cash,Bi-Weekly,26,0.6144638386434813,62.81508145017622,0.4712640708417055,0.8228927677286962,0.8329816619350878,Silver,3,2,2,7,Occasional Buyer
2838,65,Female,Shoes,Footwear,88,Alabama,M,Brown,Summer,4.5,0,Express,0,0,44,PayPal,Weekly,52,0.9872666639219927,230.43701482382744,-2.7198160345219193,0.9374533327843986,1.4604493946194552,Platinum,5,3,5,13,Champion
2839,51,Female,Jacket,Outerwear,50,Maine,M,Blue,Fall,3.7,0,Free Shipping,0,0,2,Bank Transfer,Weekly,52,0.7117661250818889,145.52409534529565,3.3361111111111157,0.7863532250163778,0.8745411358237961,Bronze,1,3,2,6,Occasional Buyer
2840,70,Female,Scarf,Accessories,80,South Dakota,L,Teal,Summer,2.8,0,Store Pickup,0,0,30,Bank Transfer,Monthly,12,0.48781448798242233,25.724111572215893,2.3996554557680767,0.4797167437503306,1.3369272237196765,Gold,3,2,4,9,Organic Loyalist
2841,40,Female,T-shirt,Clothing,47,West Virginia,L,Pink,Spring,3.5,0,Store Pickup,0,0,41,Cash,Annually,1,0.39178621079519266,1.516683175290122,0.4712640708417055,0.5022033960051924,0.7830027622189826,Platinum,5,1,2,8,Organic Loyalist
2842,19,Female,Dress,Clothing,33,Ohio,XL,Magenta,Winter,3.0,0,2-Day Shipping,0,0,31,Cash,Weekly,52,0.9525828687777642,174.6758324939433,0.4712640708417055,0.7505165737555529,0.549767896877158,Gold,4,3,1,8,Organic Loyalist
2843,28,Female,Coat,Outerwear,100,Arizona,L,Green,Fall,4.3,0,Standard,0,0,48,Debit Card,Quarterly,4,0.44208394699242487,8.161082775723616,3.3361111111111157,0.6198014047831003,1.7490822716475922,Platinum,5,1,5,11,Champion
2844,51,Female,Sweater,Clothing,26,Ohio,M,White,Summer,3.6,0,Store Pickup,0,0,41,Venmo,Weekly,52,0.9802477492567311,167.9983068305413,0.4712640708417055,0.8280495498513463,0.4331504642062457,Platinum,5,3,1,9,Organic Loyalist
2845,32,Female,Hat,Accessories,79,New Mexico,M,Indigo,Summer,4.4,0,Standard,0,0,42,Venmo,Annually,1,0.3941800603305689,1.7273075232259103,2.3996554557680767,0.6106821659122676,1.3202156334231807,Platinum,5,1,4,10,Organic Loyalist
2846,26,Female,Backpack,Accessories,77,South Dakota,L,Lavender,Summer,4.1,0,Express,0,0,39,Debit Card,Every 3 Months,4,0.42143798117871967,7.34433029001428,2.3996554557680767,0.5916722116203592,1.2867924528301888,Platinum,4,1,4,9,Organic Loyalist
2847,50,Female,Socks,Clothing,36,Oklahoma,XL,Black,Fall,2.8,0,Next Day Air,0,0,15,PayPal,Bi-Weekly,26,0.5820662950222113,54.64663388709618,0.4712640708417055,0.5524132590044422,0.5997467965932632,Silver,2,2,2,6,Occasional Buyer
2848,68,Female,Jewelry,Accessories,21,Connecticut,L,Charcoal,Winter,2.8,0,Free Shipping,0,0,3,PayPal,Every 3 Months,4,0.18718699366495184,2.3144117765395213,2.3996554557680767,0.3888220141176057,0.3509433962264151,Bronze,1,1,1,3,At-Risk / One-Timer
2849,33,Female,Boots,Footwear,72,Wisconsin,L,Gray,Fall,4.9,0,Store Pickup,0,0,28,Bank Transfer,Quarterly,4,0.38872202129983363,6.671184265072628,-2.7198160345219193,0.6811290196445822,1.1949131410522815,Gold,3,1,4,8,Organic Loyalist
2850,56,Female,Coat,Outerwear,25,New Hampshire,M,Gold,Spring,4.1,0,Express,0,0,27,PayPal,Bi-Weekly,26,0.638998197930395,54.12986322845364,3.3361111111111157,0.719799639586079,0.43727056791189806,Gold,3,2,1,6,Occasional Buyer
2851,57,Female,Sweater,Clothing,79,Nebraska,M,Silver,Spring,3.0,0,Store Pickup,0,0,36,Debit Card,Annually,1,0.3788912640219484,1.6603116105894316,0.4712640708417055,0.4396244066505435,1.3161110258574389,Gold,4,1,4,9,Organic Loyalist
2852,58,Female,Blouse,Clothing,73,Nevada,L,Teal,Summer,3.0,0,Store Pickup,0,0,42,Debit Card,Monthly,12,0.5211031372536459,26.914341876151187,0.4712640708417055,0.5103744736045753,1.2161532264252284,Platinum,5,2,4,11,Champion
2853,40,Female,Belt,Accessories,71,New York,M,Magenta,Spring,3.0,0,Store Pickup,0,0,30,Venmo,Weekly,52,0.9493529495208839,211.12341089860402,2.3996554557680767,0.7498705899041769,1.186522911051213,Gold,3,3,4,10,Organic Loyalist
2854,37,Female,Hat,Accessories,48,Pennsylvania,M,Magenta,Winter,3.2,0,Next Day Air,0,0,9,PayPal,Weekly,52,0.8342509875137678,168.83125620009565,2.3996554557680767,0.7508501975027536,0.802156334231806,Bronze,1,3,2,6,Occasional Buyer
2855,36,Female,Sandals,Footwear,28,Delaware,M,Beige,Fall,2.7,0,Store Pickup,0,0,25,Venmo,Monthly,12,0.4699204425293648,18.988333758654345,-2.7198160345219193,0.46413793465971914,0.46468844374255397,Silver,3,2,1,6,Occasional Buyer
2856,29,Female,Boots,Footwear,95,Mississippi,S,Maroon,Winter,3.8,0,2-Day Shipping,0,0,33,PayPal,Quarterly,4,0.40490429482751017,7.392496743254022,-2.7198160345219193,0.5523654743501174,1.5766215055550938,Gold,4,1,5,10,Organic Loyalist
2857,65,Female,Jacket,Outerwear,48,Iowa,M,Indigo,Winter,3.5,0,2-Day Shipping,0,0,31,Credit Card,Monthly,12,0.4910444072393027,22.932679096411427,3.3361111111111157,0.5643627276017067,0.8395594903908443,Gold,4,2,2,8,Organic Loyalist
2858,44,Female,Dress,Clothing,93,Utah,S,Maroon,Spring,3.8,0,Next Day Air,0,0,35,Debit Card,Monthly,12,0.5030269361364219,27.424795851478468,0.4712640708417055,0.6027592333811306,1.5493458911992635,Gold,4,2,5,11,Champion
2859,34,Female,Jeans,Clothing,87,Maryland,L,Teal,Summer,3.8,0,2-Day Shipping,0,0,46,Bank Transfer,Monthly,12,0.5301521129026361,28.48403486846855,0.4712640708417055,0.6081842687343734,1.449388091767053,Platinum,5,2,5,12,Champion
2860,31,Female,Shorts,Clothing,32,Utah,L,Yellow,Fall,3.4,0,Express,0,0,29,Bank Transfer,Annually,1,0.35755557413411826,1.2501957686044332,0.4712640708417055,0.48335726867297746,0.5331082636384562,Gold,3,1,1,5,At-Risk / One-Timer
2861,28,Female,Shirt,Clothing,38,Rhode Island,M,Gold,Spring,2.9,0,Next Day Air,0,0,49,Bank Transfer,Weekly,52,0.9979854012719828,190.1214140538617,0.4712640708417055,0.7475970802543966,0.6330660630706668,Platinum,5,3,2,10,Organic Loyalist
2862,66,Female,Coat,Outerwear,54,Maryland,M,Teal,Fall,3.4,0,Free Shipping,0,0,27,Credit Card,Monthly,12,0.4774597363919335,22.960082955068913,3.3361111111111157,0.5496457934322329,0.9445044266896998,Gold,3,2,3,8,Organic Loyalist
2863,68,Female,Coat,Outerwear,75,Hawaii,S,Violet,Summer,4.7,0,Store Pickup,0,0,5,Bank Transfer,Every 3 Months,4,0.2284365449912879,3.9571910461343562,3.3361111111111157,0.625071924382873,1.3118117037356942,Bronze,1,1,4,6,Occasional Buyer
2864,37,Female,T-shirt,Clothing,56,Connecticut,M,Yellow,Fall,3.9,0,2-Day Shipping,0,0,18,Venmo,Monthly,12,0.43801083227152526,21.250803008887882,0.4712640708417055,0.6017560126081513,0.9329394613672984,Silver,2,2,3,7,Occasional Buyer
2865,58,Female,Sweater,Clothing,43,Illinois,S,Maroon,Fall,3.6,0,Store Pickup,0,0,31,Venmo,Weekly,52,0.9525828687777642,187.44721930880058,0.4712640708417055,0.8225165737555529,0.7163642292641755,Gold,4,3,2,9,Organic Loyalist
2866,28,Female,Skirt,Clothing,97,California,M,Silver,Fall,3.7,0,Free Shipping,0,0,27,Cash,Fortnightly,26,0.638998197930395,76.17443486743903,0.4712640708417055,0.671799639586079,1.6159844241540704,Gold,3,2,5,10,Organic Loyalist
2867,54,Female,Blouse,Clothing,75,Connecticut,S,Violet,Summer,3.1,0,Free Shipping,0,0,19,Cash,Annually,1,0.3163060228077822,1.369837038707031,0.4712640708417055,0.43910735840771026,1.2494724929026317,Silver,2,1,4,7,Occasional Buyer
2868,21,Female,Sneakers,Footwear,55,Colorado,L,White,Summer,4.9,0,Next Day Air,0,0,33,Cash,Fortnightly,26,0.658750448673664,68.94425804086787,-2.7198160345219193,0.8197500897347328,0.9127808716371595,Gold,4,2,3,9,Organic Loyalist
2869,45,Female,Backpack,Accessories,49,Colorado,M,Black,Winter,2.6,0,Next Day Air,0,0,42,PayPal,Every 3 Months,4,0.4287954449459535,6.709830581005472,2.3996554557680767,0.4131437043738061,0.8188679245283019,Platinum,5,1,2,8,Organic Loyalist
2870,57,Female,Socks,Clothing,58,Georgia,M,White,Summer,4.2,0,Standard,0,0,16,Bank Transfer,Weekly,52,0.8882338749181111,188.33395796405154,0.4712640708417055,0.8816467749836222,0.9662587278447019,Silver,2,3,3,8,Organic Loyalist
2871,47,Female,Jewelry,Accessories,34,North Dakota,M,Blue,Winter,4.8,0,Free Shipping,0,0,49,Debit Card,Every 3 Months,4,0.44413924742582894,6.316278449467152,2.3996554557680767,0.6802124648697812,0.5681940700808625,Platinum,5,1,1,7,Occasional Buyer
2872,46,Female,Shorts,Clothing,43,Idaho,S,Black,Summer,2.7,0,2-Day Shipping,0,0,40,Venmo,Bi-Weekly,26,0.677796211082861,66.68764429310974,0.4712640708417055,0.5595592422165723,0.7163642292641755,Platinum,4,2,2,8,Organic Loyalist
2873,63,Female,Jewelry,Accessories,48,Connecticut,L,Olive,Fall,2.6,0,Next Day Air,0,0,5,Cash,Annually,1,0.1938211603759033,0.7543171261542956,2.3996554557680767,0.3546103859213345,0.802156334231806,Bronze,1,1,2,4,At-Risk / One-Timer
2874,44,Female,Sweater,Clothing,40,Montana,M,Teal,Spring,2.6,0,Free Shipping,0,0,8,Bank Transfer,Monthly,12,0.3619937886253162,16.131480261113254,0.4712640708417055,0.4305526038789094,0.6663853295480703,Bronze,1,2,2,5,At-Risk / One-Timer
2875,36,Female,Shirt,Clothing,29,Colorado,L,Silver,Summer,3.1,0,Standard,0,0,2,Debit Card,Annually,1,0.12330458662035042,0.4193832371600703,0.4712640708417055,0.40050707117022394,0.48312936392235095,Bronze,1,1,1,3,At-Risk / One-Timer
2876,24,Female,Pants,Clothing,81,Kentucky,M,Pink,Fall,2.6,0,Free Shipping,0,0,14,Debit Card,Weekly,52,0.8755005388401038,200.62042392583933,0.4712640708417055,0.6871001077680208,1.3494302923348425,Silver,2,3,4,9,Organic Loyalist
2877,65,Female,Hoodie,Clothing,84,New Mexico,M,Charcoal,Spring,3.4,0,2-Day Shipping,0,0,5,Bank Transfer,Fortnightly,26,0.48228269883744174,55.707959787316234,0.4712640708417055,0.6044565397674884,1.3994091920509477,Bronze,1,2,4,7,Occasional Buyer
2878,32,Female,Socks,Clothing,46,New Jersey,M,Silver,Summer,3.6,0,Standard,0,0,34,Venmo,Monthly,12,0.5001610026390428,23.108324217355307,0.4712640708417055,0.5781860466816547,0.7663431289802809,Gold,4,2,2,8,Organic Loyalist
2879,63,Female,Dress,Clothing,86,California,L,Turquoise,Summer,4.3,0,Next Day Air,0,0,13,Bank Transfer,Annually,1,0.2800200857133037,1.2505439741733955,0.4712640708417055,0.5758501709888146,1.432728458528351,Bronze,2,1,5,8,Organic Loyalist
2880,62,Female,Blouse,Clothing,57,North Dakota,XL,Turquoise,Winter,4.9,0,Free Shipping,0,0,31,Venmo,Annually,1,0.3641213303162258,1.478493910673383,0.4712640708417055,0.6646704199093991,0.9495990946060002,Gold,4,1,3,8,Organic Loyalist
2881,19,Female,Skirt,Clothing,61,Florida,L,Beige,Winter,4.8,0,Store Pickup,0,0,43,PayPal,Quarterly,4,0.43113425855288035,7.117396092178054,0.4712640708417055,0.6776114670951915,1.0162376275608072,Platinum,5,1,3,9,Organic Loyalist
2882,38,Female,Backpack,Accessories,90,Texas,M,Cyan,Winter,4.2,0,Free Shipping,0,0,6,Bank Transfer,Annually,1,0.2095035119577509,0.9450409085632872,2.3996554557680767,0.549746856237704,1.5040431266846361,Bronze,1,1,5,7,Occasional Buyer
2883,59,Female,Blouse,Clothing,51,Oklahoma,L,Gold,Winter,2.6,0,Store Pickup,0,0,23,Credit Card,Bi-Weekly,26,0.6233158463485474,64.03469338700107,0.4712640708417055,0.5366631692697095,0.8496412951737896,Silver,3,2,2,7,Occasional Buyer
2884,22,Female,Socks,Clothing,48,Rhode Island,XL,Silver,Spring,3.2,0,Standard,0,0,10,PayPal,Weekly,52,0.8439472648879285,170.79353699334087,0.4712640708417055,0.7527894529775858,0.7996623954576844,Bronze,1,3,2,6,Occasional Buyer
2885,55,Female,Boots,Footwear,50,Arkansas,M,Purple,Summer,3.4,0,2-Day Shipping,0,0,47,Credit Card,Every 3 Months,4,0.43998626625794646,6.919797118878656,-2.7198160345219193,0.5113818686362046,0.8298007923974178,Platinum,5,1,2,8,Organic Loyalist
2886,29,Female,Backpack,Accessories,82,Nevada,M,Yellow,Summer,3.5,0,Next Day Air,0,0,14,Credit Card,Bi-Weekly,26,0.5755005388401039,66.11917392172234,2.3996554557680767,0.6351001077680208,1.3703504043126684,Silver,2,2,4,8,Organic Loyalist
2887,42,Female,Hat,Accessories,33,Utah,L,Blue,Spring,4.2,0,Free Shipping,0,0,29,PayPal,Weekly,52,0.9460171125956567,173.47186487637168,2.3996554557680767,0.8932034225191313,0.5514824797843666,Gold,3,3,1,7,Occasional Buyer
2888,23,Female,Sandals,Footwear,28,Kentucky,L,Blue,Winter,2.8,0,Express,0,0,12,Cash,Bi-Weekly,26,0.5609423303122735,49.11032801280876,-2.7198160345219193,0.5481884660624546,0.46468844374255397,Bronze,2,2,1,5,At-Risk / One-Timer
2889,70,Female,Hoodie,Clothing,42,Wisconsin,L,Green,Spring,5.0,0,2-Day Shipping,0,0,25,Debit Card,Quarterly,4,0.3776127502216725,5.681108479284475,0.4712640708417055,0.6909071654289499,0.6997045960254739,Silver,3,1,2,6,Occasional Buyer
2890,64,Female,Sunglasses,Accessories,43,Minnesota,M,Charcoal,Fall,3.3,0,Store Pickup,0,0,21,Venmo,Annually,1,0.32600230018194293,1.2336545249820177,2.3996554557680767,0.46504661388254237,0.7185983827493262,Silver,3,1,2,6,Occasional Buyer
2891,39,Female,Jeans,Clothing,55,North Dakota,M,Violet,Winter,3.7,0,Free Shipping,0,0,23,Credit Card,Monthly,12,0.4617773848100859,22.305796520262422,0.4712640708417055,0.5825093231158633,0.9162798281285967,Silver,3,2,3,8,Organic Loyalist
2892,47,Female,T-shirt,Clothing,73,Ohio,XL,Black,Winter,2.5,0,Free Shipping,0,0,10,PayPal,Monthly,12,0.38240880334946703,19.75094858196503,0.4712640708417055,0.4226356068237396,1.2161532264252284,Bronze,1,2,4,7,Occasional Buyer
2893,22,Female,Dress,Clothing,39,Nevada,M,Teal,Spring,3.2,0,Standard,0,0,47,Credit Card,Monthly,12,0.5322939585656388,23.56281896762112,0.4712640708417055,0.5366126378669739,0.6497256963093685,Platinum,5,2,2,9,Organic Loyalist
2894,69,Female,Belt,Accessories,20,Kentucky,S,Orange,Spring,3.1,0,Free Shipping,0,0,44,Debit Card,Every 3 Months,4,0.4334205100758389,5.2782338715816906,2.3996554557680767,0.4740687173997832,0.33423180592991913,Platinum,5,1,1,7,Occasional Buyer
2895,35,Female,Jewelry,Accessories,32,Kentucky,S,Brown,Spring,3.5,0,Standard,0,0,41,Venmo,Annually,1,0.39178621079519266,1.3698834485236915,2.3996554557680767,0.5022033960051924,0.5347708894878707,Platinum,5,1,1,7,Occasional Buyer
2896,56,Female,Hoodie,Clothing,86,Montana,L,Green,Summer,4.6,0,Standard,0,0,29,Bank Transfer,Monthly,12,0.4844786510571952,25.963645692853788,0.4712640708417055,0.6950495763652851,1.432728458528351,Gold,3,2,5,10,Organic Loyalist
2897,30,Female,Blouse,Clothing,91,Delaware,M,Silver,Summer,3.3,0,Free Shipping,0,0,2,Venmo,Every 3 Months,4,0.15791997123573503,2.856322888086639,0.4712640708417055,0.4429686096317624,1.51602662472186,Bronze,1,1,5,7,Occasional Buyer
2898,43,Female,Jacket,Outerwear,59,Montana,L,Violet,Fall,2.5,0,Free Shipping,0,0,2,Cash,Fortnightly,26,0.41176612508188887,43.83372227354372,3.3361111111111157,0.4823532250163778,1.0319585402720794,Bronze,1,2,3,6,Occasional Buyer
2899,23,Female,Sneakers,Footwear,33,New Jersey,XL,Peach,Summer,4.6,0,Express,0,0,29,Credit Card,Annually,1,0.35755557413411826,1.260869861983022,-2.7198160345219193,0.6273572686729774,0.5476685229822957,Gold,3,1,1,5,At-Risk / One-Timer
2900,50,Female,Boots,Footwear,64,Nebraska,M,Gold,Spring,4.2,0,2-Day Shipping,0,0,22,Bank Transfer,Fortnightly,26,0.6189860903121072,67.18107904667461,-2.7198160345219193,0.7277972180624215,1.0621450142686948,Silver,3,2,3,8,Organic Loyalist
2901,41,Female,Blouse,Clothing,67,Maryland,XL,Violet,Winter,4.0,0,Standard,0,0,23,Cash,Bi-Weekly,26,0.6233158463485474,68.38223642707761,0.4712640708417055,0.7046631692697094,1.1161954269930177,Silver,3,2,3,8,Organic Loyalist
2902,41,Female,Blouse,Clothing,43,Alabama,L,Olive,Winter,2.6,0,Free Shipping,0,0,46,Credit Card,Quarterly,4,0.43784442059494383,6.627545270737334,0.4712640708417055,0.41495349950360416,0.7163642292641755,Platinum,5,1,2,8,Organic Loyalist
2903,27,Female,Boots,Footwear,32,North Carolina,S,Orange,Spring,4.6,0,Standard,0,0,19,PayPal,Bi-Weekly,26,0.6047675612693206,54.97893312360338,-2.7198160345219193,0.772953512253864,0.5310725071343474,Silver,2,2,1,5,At-Risk / One-Timer
2904,38,Female,Scarf,Accessories,39,Delaware,S,Teal,Spring,3.5,0,2-Day Shipping,0,0,24,Credit Card,Every 3 Months,4,0.3736226736702761,5.512996017973589,2.3996554557680767,0.5101091501186705,0.6517520215633423,Silver,3,1,2,6,Occasional Buyer
2905,41,Female,Sandals,Footwear,41,Iowa,M,Gray,Spring,4.0,0,2-Day Shipping,0,0,43,Venmo,Monthly,12,0.5234419508605727,23.47743691999846,-2.7198160345219193,0.6308422363259607,0.6804366497658826,Platinum,5,2,2,9,Organic Loyalist
2906,58,Female,Sunglasses,Accessories,53,New York,L,Black,Winter,4.8,0,Standard,0,0,14,Debit Card,Fortnightly,26,0.5755005388401039,59.68722417378027,2.3996554557680767,0.7911001077680208,0.8857142857142858,Silver,2,2,3,7,Occasional Buyer
2907,58,Female,Coat,Outerwear,27,Virginia,M,Indigo,Spring,3.9,0,Standard,0,0,7,Venmo,Annually,1,0.22308818280512005,0.7433754489100114,3.3361111111111157,0.5164637904071778,0.4722522133448499,Bronze,1,1,1,3,At-Risk / One-Timer
2908,19,Female,Sunglasses,Accessories,82,Maryland,XL,Lavender,Summer,3.7,0,Next Day Air,0,0,50,PayPal,Bi-Weekly,26,0.7,80.42289906189808,2.3996554557680767,0.684,1.3703504043126684,Platinum,5,2,4,11,Champion
2909,43,Female,Blouse,Clothing,87,Texas,M,Beige,Winter,3.1,0,Store Pickup,0,0,15,Debit Card,Every 3 Months,4,0.3282201411760575,5.878208485363187,0.4712640708417055,0.45302864361982687,1.449388091767053,Silver,2,1,5,8,Organic Loyalist
2910,27,Female,Backpack,Accessories,78,Louisiana,M,Indigo,Winter,3.0,0,Next Day Air,0,0,40,Credit Card,Every 3 Months,4,0.42395005723670726,7.409710668584806,2.3996554557680767,0.4601746268319568,1.3035040431266847,Platinum,4,1,4,9,Organic Loyalist
2911,32,Female,Belt,Accessories,32,Mississippi,M,Blue,Summer,2.9,0,Store Pickup,0,0,41,Credit Card,Monthly,12,0.5187092877182695,21.764051360517858,2.3996554557680767,0.4978957036975,0.5347708894878707,Platinum,5,2,1,8,Organic Loyalist
2912,28,Female,Socks,Clothing,38,Ohio,XL,Orange,Fall,2.9,0,Next Day Air,0,0,34,Venmo,Quarterly,4,0.40785331033135047,5.976782979907791,0.4712640708417055,0.4449552774508855,0.6330660630706668,Gold,4,1,2,7,Occasional Buyer
2913,48,Female,Shoes,Footwear,37,Oregon,M,Yellow,Winter,4.0,0,Standard,0,0,27,Cash,Bi-Weekly,26,0.638998197930395,60.43468602292437,-2.7198160345219193,0.7077996395860789,0.6140525863740891,Gold,3,2,2,7,Occasional Buyer
2914,43,Female,Coat,Outerwear,83,Wyoming,L,Cyan,Winter,3.5,0,Express,0,0,12,Cash,Every 3 Months,4,0.30709617646611964,5.442747590186534,3.3361111111111157,0.4968038506778393,1.4517382854675016,Bronze,2,1,4,7,Occasional Buyer
2915,45,Female,Sweater,Clothing,72,Pennsylvania,M,Yellow,Fall,3.8,0,Express,0,0,1,Debit Card,Bi-Weekly,26,0.3705165737555528,41.33184463125811,0.4712640708417055,0.6301033147511105,1.1994935931865265,Bronze,1,2,4,7,Occasional Buyer
2916,26,Female,Shirt,Clothing,30,Oregon,M,Cyan,Fall,4.5,0,Express,0,0,39,Debit Card,Bi-Weekly,26,0.6752841350248735,60.29184405574812,0.4712640708417055,0.7750568270049747,0.49978899716105274,Platinum,4,2,1,7,Occasional Buyer
2917,62,Female,Shorts,Clothing,66,Oklahoma,M,Green,Winter,2.7,0,Express,0,0,13,Credit Card,Bi-Weekly,26,0.5684816241748422,62.14755272511104,0.4712640708417055,0.5376963248349684,1.099535793754316,Bronze,2,2,3,7,Occasional Buyer
2918,58,Female,Shirt,Clothing,45,Colorado,XL,White,Winter,2.9,0,Store Pickup,0,0,50,Venmo,Annually,1,0.4115384615384616,1.5756331900935894,0.4712640708417055,0.4341538461538461,0.7496834957415791,Platinum,5,1,2,8,Organic Loyalist
2919,19,Female,Sunglasses,Accessories,73,New York,S,Black,Fall,4.9,0,Free Shipping,0,0,36,Cash,Weekly,52,0.9673528024834868,216.504570359085,2.3996554557680767,0.9814705604966973,1.2199460916442049,Gold,4,3,4,11,Champion
2920,64,Female,Shoes,Footwear,67,Minnesota,L,Charcoal,Winter,3.8,0,Standard,0,0,31,Debit Card,Monthly,12,0.4910444072393027,24.863587919158466,-2.7198160345219193,0.6003627276017067,1.1119330618125398,Gold,4,2,3,9,Organic Loyalist
2921,33,Female,Sunglasses,Accessories,72,Texas,XL,Brown,Spring,4.9,0,Free Shipping,0,0,3,Debit Card,Bi-Weekly,26,0.44103314751110567,49.198105621558774,2.3996554557680767,0.7762066295022212,1.203234501347709,Bronze,1,2,4,7,Occasional Buyer
2922,20,Female,Handbag,Accessories,24,Wisconsin,M,Cyan,Fall,4.6,0,Standard,0,0,11,Cash,Fortnightly,26,0.5527992725929946,46.26419757841223,2.3996554557680767,0.7625598545185989,0.401078167115903,Bronze,2,2,1,5,At-Risk / One-Timer
2923,45,Female,Sunglasses,Accessories,68,Kentucky,L,Beige,Winter,3.5,0,Express,0,0,16,PayPal,Quarterly,4,0.3343877210719573,5.663332899392914,2.3996554557680767,0.5022621595990069,1.136388140161725,Silver,2,1,3,6,Occasional Buyer
2924,28,Female,Shirt,Clothing,70,Pennsylvania,M,Magenta,Spring,4.2,0,2-Day Shipping,0,0,12,Cash,Quarterly,4,0.30709617646611964,5.236210766953828,0.4712640708417055,0.5808038506778392,1.1661743267091231,Bronze,2,1,4,7,Occasional Buyer
2925,47,Female,Shirt,Clothing,64,Rhode Island,L,Indigo,Winter,3.7,0,Free Shipping,0,0,37,Debit Card,Every 3 Months,4,0.41621971371938576,6.949849097719241,0.4712640708417055,0.5426285581284925,1.0662165272769124,Gold,4,1,3,8,Organic Loyalist
2926,54,Female,Sweater,Clothing,91,Illinois,M,Maroon,Spring,2.8,0,Store Pickup,0,0,43,Credit Card,Every 3 Months,4,0.43113425855288035,7.797991861995688,0.4712640708417055,0.43761146709519144,1.51602662472186,Platinum,5,1,5,11,Champion
2927,64,Female,Handbag,Accessories,82,Maryland,M,Gray,Winter,4.8,0,2-Day Shipping,0,0,9,Cash,Weekly,52,0.8342509875137678,191.69395131745298,2.3996554557680767,0.9428501975027536,1.3703504043126684,Bronze,1,3,4,8,Organic Loyalist
2928,45,Female,Shirt,Clothing,24,Missouri,M,Black,Summer,2.7,0,Express,0,0,15,Venmo,Bi-Weekly,26,0.5820662950222113,48.71357726345754,0.4712640708417055,0.5404132590044424,0.3998311977288422,Silver,2,2,1,5,At-Risk / One-Timer
2929,40,Female,Jewelry,Accessories,80,Alabama,L,Yellow,Spring,3.6,0,Store Pickup,0,0,17,Credit Card,Weekly,52,0.8940488239193305,204.3003091224259,2.3996554557680767,0.8108097647838661,1.3369272237196765,Silver,2,3,4,9,Organic Loyalist
2930,31,Female,Socks,Clothing,53,Maine,XL,White,Winter,4.5,0,Next Day Air,0,0,42,Venmo,Fortnightly,26,0.6826415987921073,70.799207624674,0.4712640708417055,0.7765283197584215,0.8829605616511932,Platinum,5,2,3,10,Organic Loyalist
2931,38,Female,T-shirt,Clothing,50,Mississippi,M,Orange,Spring,4.0,0,Free Shipping,0,0,14,Venmo,Monthly,12,0.41396207730164236,19.531520478124875,0.4712640708417055,0.6089462616141746,0.8329816619350878,Silver,2,2,2,6,Occasional Buyer
2932,36,Female,Jewelry,Accessories,31,Alabama,M,Magenta,Fall,4.5,0,2-Day Shipping,0,0,49,Credit Card,Bi-Weekly,26,0.6979854012719828,62.89485968527801,2.3996554557680767,0.7795970802543966,0.5180592991913747,Platinum,5,2,1,8,Organic Loyalist
2933,65,Female,Backpack,Accessories,88,Alaska,L,Black,Spring,3.9,0,Express,0,0,3,PayPal,Quarterly,4,0.18718699366495184,3.3608573908212898,2.3996554557680767,0.5208220141176058,1.4706199460916443,Bronze,1,1,5,7,Occasional Buyer
2934,27,Female,Hat,Accessories,52,Illinois,M,Brown,Summer,3.8,0,Standard,0,0,28,Venmo,Monthly,12,0.48102971360752594,22.91794058537104,2.3996554557680767,0.5983597888753514,0.8690026954177897,Gold,3,2,3,8,Organic Loyalist
2935,38,Female,Gloves,Accessories,22,Idaho,M,Orange,Fall,4.7,0,Next Day Air,0,0,41,Bank Transfer,Quarterly,4,0.42640159541057726,5.3479189442913055,2.3996554557680767,0.6646649344667308,0.36765498652291106,Platinum,5,1,1,7,Occasional Buyer
2936,58,Female,Sneakers,Footwear,27,North Carolina,XL,Gray,Spring,4.6,0,Standard,0,0,11,Venmo,Weekly,52,0.8527992725929945,147.76848228524247,-2.7198160345219193,0.9225598545185989,0.44809242789460557,Bronze,2,3,1,6,Occasional Buyer
2937,31,Female,Skirt,Clothing,34,Washington,M,White,Spring,3.6,0,Express,0,0,46,PayPal,Weekly,52,0.9916905744410976,183.34186839469692,0.4712640708417055,0.8303381148882195,0.5664275301158598,Platinum,5,3,1,9,Organic Loyalist
2938,28,Female,Handbag,Accessories,39,West Virginia,M,White,Spring,4.3,0,2-Day Shipping,0,0,15,Credit Card,Weekly,52,0.8820662950222113,169.19948410943954,2.3996554557680767,0.8924132590044422,0.6517520215633423,Silver,2,3,2,7,Occasional Buyer
2939,28,Female,Sunglasses,Accessories,53,Maine,M,Violet,Fall,3.0,0,Standard,0,0,15,Cash,Monthly,12,0.42052783348374984,20.12974582683499,2.3996554557680767,0.4902594128505961,0.8857142857142858,Silver,2,2,3,7,Occasional Buyer
2940,32,Female,Sweater,Clothing,46,Kentucky,M,Beige,Winter,4.3,0,Express,0,0,34,Venmo,Weekly,52,0.9616994641775043,192.53961404958105,0.4712640708417055,0.9083398928355009,0.7663431289802809,Gold,4,3,2,9,Organic Loyalist
2941,61,Female,Handbag,Accessories,85,Massachusetts,L,Beige,Summer,4.8,0,Next Day Air,0,0,13,Cash,Monthly,12,0.40694316263638064,21.75199411461856,2.3996554557680767,0.7035424786811222,1.4204851752021563,Bronze,2,2,5,9,Organic Loyalist
2942,38,Female,Skirt,Clothing,86,Pennsylvania,L,Purple,Spring,3.7,0,Free Shipping,0,0,27,PayPal,Monthly,12,0.4774597363919335,25.58749575700096,0.4712640708417055,0.5856457934322329,1.432728458528351,Gold,3,2,5,10,Organic Loyalist
2943,54,Female,Socks,Clothing,63,Hawaii,M,Brown,Summer,2.6,0,Free Shipping,0,0,37,Bank Transfer,Weekly,52,0.9700658675655396,209.78830737087318,0.4712640708417055,0.7060131735131079,1.0495568940382107,Gold,4,3,3,10,Organic Loyalist
2944,29,Female,Shirt,Clothing,44,Virginia,M,Orange,Spring,3.4,0,Standard,0,0,37,Credit Card,Monthly,12,0.5085274060270781,23.229506418521755,0.4712640708417055,0.5558593273592618,0.7330238625028773,Gold,4,2,2,8,Organic Loyalist
2945,50,Female,Sneakers,Footwear,95,New York,XL,Cyan,Summer,3.9,0,Free Shipping,0,0,4,Venmo,Every 3 Months,4,0.20988825991206111,3.832012398159789,-2.7198160345219193,0.5253622673670276,1.5766215055550938,Bronze,1,1,5,7,Occasional Buyer
2946,32,Female,Belt,Accessories,49,Delaware,M,Charcoal,Summer,4.8,0,Free Shipping,0,0,1,Credit Card,Every 3 Months,4,0.116670419909399,1.8256694669541234,2.3996554557680767,0.6147186993664951,0.8188679245283019,Bronze,1,1,2,4,At-Risk / One-Timer
2947,38,Female,Pants,Clothing,77,Hawaii,L,Purple,Spring,2.8,0,Free Shipping,0,0,29,Bank Transfer,Quarterly,4,0.39217095874950286,6.834298710221115,0.4712640708417055,0.4298188071345159,1.2827917593800353,Gold,3,1,4,8,Organic Loyalist
2948,52,Female,Jewelry,Accessories,63,Nebraska,L,Peach,Spring,4.4,0,Standard,0,0,50,Venmo,Annually,1,0.4115384615384616,1.7115403458441727,2.3996554557680767,0.6141538461538462,1.0528301886792453,Platinum,5,1,3,9,Organic Loyalist
2949,61,Female,Pants,Clothing,83,Vermont,M,Violet,Winter,3.1,0,Standard,0,0,38,Debit Card,Bi-Weekly,26,0.6727084553941624,77.4968460469942,0.4712640708417055,0.6065416910788325,1.3827495588122458,Gold,4,2,4,10,Organic Loyalist
2950,25,Female,Jewelry,Accessories,93,Iowa,M,Peach,Spring,3.8,0,Store Pickup,0,0,15,PayPal,Annually,1,0.2936047565606729,1.3339329585317599,2.3996554557680767,0.5185671051582884,1.554177897574124,Silver,2,1,5,8,Organic Loyalist
2951,22,Female,Jeans,Clothing,91,Iowa,S,Maroon,Winter,4.1,0,2-Day Shipping,0,0,44,Debit Card,Every 3 Months,4,0.4334205100758389,7.839343646078788,0.4712640708417055,0.5940687173997832,1.51602662472186,Platinum,5,1,5,11,Champion
2952,47,Female,Scarf,Accessories,99,Arkansas,L,Maroon,Fall,4.6,0,Free Shipping,0,0,14,Cash,Weekly,52,0.8755005388401038,209.65510692271368,2.3996554557680767,0.9271001077680208,1.6544474393531,Silver,2,3,5,10,Organic Loyalist
2953,50,Female,Belt,Accessories,24,Alabama,M,Peach,Spring,4.9,0,Next Day Air,0,0,5,Debit Card,Monthly,12,0.3207442372989802,12.38923045688972,2.3996554557680767,0.6983026936136423,0.401078167115903,Bronze,1,2,1,4,At-Risk / One-Timer
2954,45,Female,Dress,Clothing,82,Maryland,M,Silver,Summer,4.8,0,Next Day Air,0,0,11,Credit Card,Annually,1,0.2643377341314561,1.1680663137530192,0.4712640708417055,0.632713700672445,1.3660899255735441,Bronze,2,1,4,7,Occasional Buyer
2955,33,Female,T-shirt,Clothing,28,South Dakota,M,Indigo,Winter,3.9,0,Express,0,0,15,Credit Card,Annually,1,0.2936047565606729,0.9886540724309478,0.4712640708417055,0.5305671051582884,0.4664697306836492,Silver,2,1,1,4,At-Risk / One-Timer
2956,42,Female,Boots,Footwear,67,Vermont,M,Silver,Winter,2.6,0,Free Shipping,0,0,46,Credit Card,Annually,1,0.4032290359795592,1.7014280242664839,-2.7198160345219193,0.3964919610420657,1.1119330618125398,Platinum,5,1,3,9,Organic Loyalist
2957,52,Female,Dress,Clothing,88,Montana,M,Olive,Fall,3.7,0,Standard,0,0,30,Venmo,Monthly,12,0.48781448798242233,26.275462229281953,0.4712640708417055,0.5877167437503307,1.4660477250057546,Gold,3,2,5,10,Organic Loyalist
2958,69,Female,Jewelry,Accessories,70,South Dakota,S,Gray,Fall,4.7,0,Standard,0,0,2,Cash,Annually,1,0.12330458662035042,0.5256079801334655,2.3996554557680767,0.5925070711702239,1.169811320754717,Bronze,1,1,4,6,Occasional Buyer
2959,55,Female,Skirt,Clothing,100,Ohio,M,Black,Summer,4.5,0,Standard,0,0,28,PayPal,Monthly,12,0.48102971360752594,26.64012120576442,0.4712640708417055,0.6823597888753514,1.6659633238701756,Gold,3,2,5,10,Organic Loyalist
2960,38,Female,Handbag,Accessories,28,Texas,L,Maroon,Summer,4.7,0,Free Shipping,0,0,9,PayPal,Quarterly,4,0.28040483366761404,3.7768241084680305,2.3996554557680767,0.6354655821181382,0.4679245283018868,Bronze,1,1,1,3,At-Risk / One-Timer
2961,57,Female,Coat,Outerwear,48,Indiana,S,Olive,Spring,3.6,0,Standard,0,0,47,Credit Card,Weekly,52,0.9938324201041002,201.12649364504034,3.3361111111111157,0.8307664840208201,0.8395594903908443,Platinum,5,3,2,10,Organic Loyalist
2962,33,Female,Hoodie,Clothing,43,New Hampshire,S,Gold,Fall,2.8,0,Free Shipping,0,0,21,Debit Card,Bi-Weekly,26,0.6144638386434813,60.4564399039194,0.4712640708417055,0.5588927677286962,0.7163642292641755,Silver,3,2,2,7,Occasional Buyer
2963,57,Female,Pants,Clothing,40,California,L,Pink,Fall,4.0,0,Express,0,0,42,Credit Card,Every 3 Months,4,0.4287954449459535,6.369451146725352,0.4712640708417055,0.5811437043738061,0.6663853295480703,Platinum,5,1,2,8,Organic Loyalist
2964,52,Female,Boots,Footwear,97,Maine,M,Brown,Spring,3.6,0,Free Shipping,0,0,28,Credit Card,Weekly,52,0.9425681751459875,224.72551033265947,-2.7198160345219193,0.8205136350291975,1.6098135372509905,Gold,3,3,5,11,Champion
2965,44,Female,Coat,Outerwear,25,Ohio,S,White,Fall,3.8,0,2-Day Shipping,0,0,13,Venmo,Fortnightly,26,0.5684816241748422,48.15636830297495,3.3361111111111157,0.6696963248349683,0.43727056791189806,Bronze,2,2,1,5,At-Risk / One-Timer
2966,48,Female,Scarf,Accessories,45,Delaware,M,Blue,Summer,4.4,0,Standard,0,0,25,PayPal,Fortnightly,26,0.6314589040678263,62.858372207688625,2.3996554557680767,0.7542917808135653,0.7520215633423181,Silver,3,2,2,7,Occasional Buyer
2967,52,Female,Boots,Footwear,49,Oklahoma,L,Orange,Fall,2.8,0,Store Pickup,0,0,38,Debit Card,Every 3 Months,4,0.4188623015480085,6.554395839049563,-2.7198160345219193,0.4351570756942171,0.8132047765494694,Gold,4,1,2,7,Occasional Buyer
2968,34,Female,Sneakers,Footwear,36,Indiana,L,Silver,Summer,3.4,0,Free Shipping,0,0,40,Venmo,Annually,1,0.38933467262132265,1.4058555433818087,-2.7198160345219193,0.4897130883704183,0.5974565705261408,Platinum,4,1,2,7,Occasional Buyer
2969,26,Female,Sweater,Clothing,48,South Carolina,S,Gray,Fall,4.9,0,Express,0,0,25,Cash,Every 3 Months,4,0.3776127502216725,5.878403864552332,0.4712640708417055,0.6789071654289499,0.7996623954576844,Silver,3,1,2,6,Occasional Buyer
2970,36,Female,Belt,Accessories,62,Vermont,S,Blue,Fall,4.3,0,Next Day Air,0,0,20,Cash,Every 3 Months,4,0.3558850216550244,5.897918367286136,2.3996554557680767,0.6025616197156203,1.0361185983827494,Silver,2,1,3,6,Occasional Buyer
2971,24,Female,Jewelry,Accessories,74,Kansas,M,White,Winter,3.4,0,Free Shipping,0,0,44,Credit Card,Bi-Weekly,26,0.6872666639219928,77.14890696013691,2.3996554557680767,0.6454533327843985,1.236657681940701,Platinum,5,2,4,11,Champion
2972,30,Female,Handbag,Accessories,100,Utah,L,Yellow,Fall,3.9,0,Next Day Air,0,0,9,PayPal,Every 3 Months,4,0.28040483366761404,5.176408403523466,2.3996554557680767,0.5394655821181382,1.6711590296495957,Bronze,1,1,5,7,Occasional Buyer
2973,31,Female,Jacket,Outerwear,39,New York,S,Indigo,Fall,4.2,0,Free Shipping,0,0,11,Venmo,Every 3 Months,4,0.2989531187468407,4.411208069954018,3.3361111111111157,0.5791752391339835,0.682142085942561,Bronze,2,1,2,5,At-Risk / One-Timer
2974,25,Female,Boots,Footwear,65,Indiana,M,Blue,Summer,2.7,0,Store Pickup,0,0,3,Bank Transfer,Fortnightly,26,0.44103314751110567,48.04219206437934,-2.7198160345219193,0.5122066295022212,1.0787410301166431,Bronze,1,2,3,6,Occasional Buyer
2975,57,Female,Sneakers,Footwear,99,Tennessee,XL,Peach,Summer,4.1,0,Store Pickup,0,0,34,Credit Card,Weekly,52,0.9616994641775043,230.29706441617023,-2.7198160345219193,0.8843398928355009,1.6430055689468872,Gold,4,3,5,12,Champion
2976,61,Female,Scarf,Accessories,68,Georgia,XL,Lavender,Winter,4.5,0,2-Day Shipping,0,0,48,Cash,Every 3 Months,4,0.44208394699242487,7.487322062154625,2.3996554557680767,0.6438014047831003,1.136388140161725,Platinum,5,1,3,9,Organic Loyalist
2977,30,Female,Coat,Outerwear,97,Nebraska,M,Silver,Summer,2.8,0,Express,0,0,28,Cash,Fortnightly,26,0.6425681751459875,76.60000883269927,3.3361111111111157,0.5645136350291975,1.6966098034981645,Gold,3,2,5,10,Organic Loyalist
2978,38,Female,Shorts,Clothing,47,Washington,L,Gold,Winter,3.4,0,Standard,0,0,20,Venmo,Annually,1,0.3212696370396398,1.2436993436818649,0.4712640708417055,0.47610008125408176,0.7830027622189826,Silver,2,1,2,5,At-Risk / One-Timer
2979,53,Female,Shorts,Clothing,56,Idaho,S,Cyan,Spring,3.9,0,Free Shipping,0,0,49,Bank Transfer,Fortnightly,26,0.6979854012719828,73.37175980011014,0.4712640708417055,0.7075970802543965,0.9329394613672984,Platinum,5,2,3,10,Organic Loyalist
2980,31,Female,Jeans,Clothing,91,Louisiana,L,Olive,Fall,2.6,0,Next Day Air,0,0,14,PayPal,Weekly,52,0.8755005388401038,205.85907345782798,0.4712640708417055,0.6871001077680208,1.51602662472186,Silver,2,3,5,10,Organic Loyalist
2981,70,Female,Gloves,Accessories,93,New Jersey,L,Teal,Fall,4.4,0,2-Day Shipping,0,0,9,Bank Transfer,Monthly,12,0.37271252597530635,20.32011449460339,2.3996554557680767,0.6486963513489075,1.554177897574124,Bronze,1,2,5,8,Organic Loyalist
2982,21,Female,Pants,Clothing,36,Delaware,L,Pink,Winter,4.9,0,Standard,0,0,37,Venmo,Annually,1,0.38160432910400116,1.3779419075042194,0.4712640708417055,0.6681670196669541,0.5997467965932632,Gold,4,1,2,7,Occasional Buyer
2983,33,Female,Dress,Clothing,45,Wisconsin,M,Orange,Summer,3.6,0,Store Pickup,0,0,4,Credit Card,Weekly,52,0.7637344137582149,152.0513900067777,0.4712640708417055,0.7847468827516431,0.7496834957415791,Bronze,1,3,2,6,Occasional Buyer
2984,60,Female,Pants,Clothing,44,West Virginia,M,Charcoal,Winter,2.8,0,2-Day Shipping,0,0,1,Credit Card,Quarterly,4,0.116670419909399,1.7764996445394459,0.4712640708417055,0.37471869936649516,0.7330238625028773,Bronze,1,1,2,4,At-Risk / One-Timer
2985,45,Female,Gloves,Accessories,32,Texas,L,Red,Spring,4.3,0,2-Day Shipping,0,0,36,Debit Card,Bi-Weekly,26,0.6673528024834868,60.66850712128331,2.3996554557680767,0.7494705604966974,0.5347708894878707,Gold,4,2,1,7,Occasional Buyer
2986,46,Female,Belt,Accessories,36,Hawaii,S,Teal,Summer,3.0,0,Express,0,0,21,Cash,Bi-Weekly,26,0.6144638386434813,57.68824052237681,2.3996554557680767,0.5828927677286962,0.6016172506738545,Silver,3,2,2,7,Occasional Buyer
2987,62,Female,Belt,Accessories,85,Arizona,S,Silver,Summer,3.3,0,2-Day Shipping,0,0,16,Credit Card,Monthly,12,0.4266954133796496,22.80779473093698,2.3996554557680767,0.527492928829776,1.4204851752021563,Silver,2,2,5,9,Organic Loyalist
2988,63,Female,Skirt,Clothing,36,Louisiana,L,Black,Winter,2.5,0,Store Pickup,0,0,42,Cash,Monthly,12,0.5211031372536459,22.579927831731503,0.4712640708417055,0.45037447360457533,0.5997467965932632,Platinum,5,2,2,9,Organic Loyalist
2989,69,Female,Socks,Clothing,55,Nevada,S,Pink,Spring,5.0,0,2-Day Shipping,0,0,31,Debit Card,Monthly,12,0.4910444072393027,23.719517218881197,0.4712640708417055,0.7443627276017066,0.9162798281285967,Gold,4,2,3,9,Organic Loyalist
2990,46,Female,Belt,Accessories,20,Rhode Island,XL,Teal,Summer,4.3,0,2-Day Shipping,0,0,6,Credit Card,Weekly,52,0.7979650504192893,126.3299700270727,2.3996554557680767,0.8755930100838578,0.33423180592991913,Bronze,1,3,1,5,At-Risk / One-Timer
2991,69,Female,Shirt,Clothing,91,Illinois,M,Teal,Fall,4.2,0,Free Shipping,0,0,24,Venmo,Monthly,12,0.4659303659779684,25.282063278953476,0.4712640708417055,0.6433399193494399,1.51602662472186,Silver,3,2,5,10,Organic Loyalist
2992,66,Female,Dress,Clothing,71,Utah,L,Green,Summer,3.9,0,Standard,0,0,7,PayPal,Bi-Weekly,26,0.5115497212666585,56.88091138946386,0.4712640708417055,0.6703099442533317,1.1828339599478248,Bronze,1,2,4,7,Occasional Buyer
2993,41,Female,Socks,Clothing,64,North Dakota,M,Charcoal,Spring,3.9,0,Store Pickup,0,0,25,Venmo,Weekly,52,0.9314589040678263,202.1900499617271,0.4712640708417055,0.8542917808135652,1.0662165272769124,Silver,3,3,3,9,Organic Loyalist
2994,32,Female,Jacket,Outerwear,21,Kansas,L,Indigo,Spring,4.2,0,Free Shipping,0,0,18,Cash,Bi-Weekly,26,0.5995492938099868,48.18404032123935,3.3361111111111157,0.7239098587619973,0.36730727704599436,Silver,2,2,1,5,At-Risk / One-Timer
2995,69,Female,Sweater,Clothing,100,Nevada,S,White,Winter,3.5,0,Store Pickup,0,0,14,Bank Transfer,Quarterly,4,0.32165438499395005,5.937895006070145,0.4712640708417055,0.4997154923834054,1.6659633238701756,Silver,2,1,5,8,Organic Loyalist
2996,29,Female,Jeans,Clothing,96,Virginia,M,Orange,Summer,2.5,0,Standard,0,0,42,Debit Card,Bi-Weekly,26,0.6826415987921073,81.19508842581122,0.4712640708417055,0.5365283197584215,1.5993247909153687,Platinum,5,2,5,12,Champion
2997,70,Female,Jewelry,Accessories,91,Utah,M,White,Spring,2.9,0,Express,0,0,6,Venmo,Every 3 Months,4,0.2441188965731355,4.415416151864881,2.3996554557680767,0.4122083946992425,1.5207547169811322,Bronze,1,1,5,7,Occasional Buyer
2998,41,Female,Sweater,Clothing,40,Idaho,S,Yellow,Spring,2.7,0,Next Day Air,0,0,14,Venmo,Every 3 Months,4,0.32165438499395005,4.777946956985945,0.4712640708417055,0.4037154923834054,0.6663853295480703,Silver,2,1,2,5,At-Risk / One-Timer
2999,31,Female,Hoodie,Clothing,53,Alaska,M,Red,Summer,4.7,0,Express,0,0,30,Debit Card,Quarterly,4,0.39550679567473,6.310681193017017,0.4712640708417055,0.6584859745195614,0.8829605616511932,Gold,3,1,3,7,Occasional Buyer
3000,31,Female,Sunglasses,Accessories,48,New Hampshire,S,Charcoal,Winter,3.8,0,Standard,0,0,10,Cash,Monthly,12,0.38240880334946703,17.859196116619806,2.3996554557680767,0.5786356068237396,0.802156334231806,Bronze,1,2,2,5,At-Risk / One-Timer
3001,57,Female,Sandals,Footwear,70,Ohio,M,Lavender,Winter,3.7,0,Express,0,0,7,PayPal,Weekly,52,0.8115497212666585,179.88758663521745,-2.7198160345219193,0.8063099442533317,1.1617211093563848,Bronze,1,3,4,8,Organic Loyalist
3002,29,Female,Coat,Outerwear,29,Montana,L,Charcoal,Summer,4.7,0,Express,0,0,28,Credit Card,Quarterly,4,0.38872202129983363,5.288481284157659,3.3361111111111157,0.6571290196445821,0.5072338587778017,Gold,3,1,1,5,At-Risk / One-Timer
3003,70,Female,Belt,Accessories,29,Louisiana,M,Maroon,Fall,3.6,0,Next Day Air,0,0,19,Bank Transfer,Quarterly,4,0.3509214074231668,4.7742118883874936,2.3996554557680767,0.5175688968692488,0.4846361185983828,Silver,2,1,1,4,At-Risk / One-Timer
3004,51,Female,Blouse,Clothing,53,Oregon,M,Brown,Fall,2.8,0,Express,0,0,13,Credit Card,Every 3 Months,4,0.3146354703286883,5.020303486497539,0.4712640708417055,0.414311709450353,0.8829605616511932,Bronze,2,1,3,6,Occasional Buyer
3005,45,Female,Skirt,Clothing,79,Arizona,M,Lavender,Winter,3.7,0,Store Pickup,0,0,23,Venmo,Fortnightly,26,0.6233158463485474,71.01605265335431,0.4712640708417055,0.6686631692697096,1.3161110258574389,Silver,3,2,4,9,Organic Loyalist
3006,18,Female,Shorts,Clothing,65,Alaska,XL,Brown,Spring,3.5,0,Express,0,0,5,Venmo,Weekly,52,0.7822826988374417,170.4297097770549,0.4712640708417055,0.7764565397674883,1.0828761605156143,Bronze,1,3,3,7,Occasional Buyer
3007,37,Female,Dress,Clothing,99,Utah,M,Olive,Summer,3.7,0,Store Pickup,0,0,17,Venmo,Bi-Weekly,26,0.5940488239193306,71.12809425629936,0.4712640708417055,0.6628097647838662,1.649303690631474,Silver,2,2,5,9,Organic Loyalist
3008,23,Female,Sunglasses,Accessories,60,New York,L,Lavender,Winter,3.0,0,Next Day Air,0,0,31,Venmo,Weekly,52,0.9525828687777642,203.6292969733228,2.3996554557680767,0.7505165737555529,1.0026954177897573,Gold,4,3,3,10,Organic Loyalist
3009,39,Female,Shoes,Footwear,86,New Mexico,M,Gold,Winter,4.9,0,Free Shipping,0,0,19,PayPal,Weekly,52,0.9047675612693207,210.11165746313432,-2.7198160345219193,0.9689535122538642,1.4272573629235585,Silver,2,3,5,10,Organic Loyalist
3010,62,Female,Belt,Accessories,73,Louisiana,M,Silver,Winter,4.6,0,Free Shipping,0,0,8,Venmo,Fortnightly,26,0.5235322501637778,58.58623896051028,2.3996554557680767,0.7567064500327555,1.2199460916442049,Bronze,1,2,4,7,Occasional Buyer
3011,70,Female,Belt,Accessories,45,Ohio,M,Violet,Winter,3.3,0,Free Shipping,0,0,15,Credit Card,Annually,1,0.2936047565606729,1.1241073251742955,2.3996554557680767,0.45856710515828836,0.7520215633423181,Silver,2,1,2,5,At-Risk / One-Timer
3012,20,Female,Belt,Accessories,70,Nevada,S,Brown,Summer,3.0,0,Next Day Air,0,0,18,Credit Card,Every 3 Months,4,0.34570313996383295,5.894487272615312,2.3996554557680767,0.444525243377382,1.169811320754717,Silver,2,1,4,7,Occasional Buyer
3013,42,Female,Belt,Accessories,65,Idaho,M,Teal,Fall,3.5,0,Standard,0,0,16,PayPal,Annually,1,0.2997723364565727,1.2559425909636208,2.3996554557680767,0.48380062113746836,1.0862533692722371,Silver,2,1,3,6,Occasional Buyer
3014,41,Female,Skirt,Clothing,55,Arizona,L,Peach,Summer,4.2,0,Store Pickup,0,0,13,Cash,Monthly,12,0.40694316263638064,19.657072173017564,0.4712640708417055,0.6315424786811223,0.9162798281285967,Bronze,2,2,3,7,Occasional Buyer
3015,24,Female,T-shirt,Clothing,65,Utah,M,Maroon,Spring,4.5,0,Express,0,0,38,PayPal,Every 3 Months,4,0.4188623015480085,7.019553711746865,0.4712640708417055,0.6391570756942171,1.0828761605156143,Gold,4,1,3,8,Organic Loyalist
3016,37,Female,Scarf,Accessories,21,Wyoming,XL,Lavender,Spring,2.8,0,Express,0,0,27,Bank Transfer,Bi-Weekly,26,0.638998197930395,51.35443449298008,2.3996554557680767,0.5637996395860789,0.3509433962264151,Gold,3,2,1,6,Occasional Buyer
3017,30,Female,Blouse,Clothing,26,Indiana,L,Lavender,Summer,4.9,0,Store Pickup,0,0,31,Bank Transfer,Quarterly,4,0.3987367149316104,5.256684659604241,0.4712640708417055,0.6831319583709374,0.4331504642062457,Gold,4,1,1,6,Occasional Buyer
3018,58,Female,Sunglasses,Accessories,71,Wisconsin,S,Purple,Summer,3.3,0,Next Day Air,0,0,24,Cash,Bi-Weekly,26,0.62746882751643,69.77034155983436,2.3996554557680767,0.6214937655032859,1.186522911051213,Silver,3,2,4,9,Organic Loyalist
3019,43,Female,Boots,Footwear,41,Texas,M,Green,Summer,3.0,0,Free Shipping,0,0,21,Debit Card,Bi-Weekly,26,0.6144638386434813,59.71323335201937,-2.7198160345219193,0.5828927677286962,0.6804366497658826,Silver,3,2,2,7,Occasional Buyer
3020,19,Female,Jacket,Outerwear,44,Utah,M,Yellow,Winter,3.9,0,2-Day Shipping,0,0,15,PayPal,Annually,1,0.2936047565606729,1.1176542136176597,3.3361111111111157,0.5305671051582884,0.7695961995249406,Silver,2,1,2,5,At-Risk / One-Timer
3021,23,Female,Jeans,Clothing,81,Arkansas,S,Charcoal,Fall,2.8,0,Store Pickup,0,0,48,Venmo,Every 3 Months,4,0.44208394699242487,7.792559352472274,0.4712640708417055,0.4398014047831003,1.3494302923348425,Platinum,5,1,4,10,Organic Loyalist
3022,65,Female,Sunglasses,Accessories,77,Pennsylvania,S,Blue,Summer,4.5,0,2-Day Shipping,0,0,47,Cash,Quarterly,4,0.43998626625794646,7.667568199312769,2.3996554557680767,0.6433818686362047,1.2867924528301888,Platinum,5,1,4,10,Organic Loyalist
3023,58,Female,Sandals,Footwear,26,Georgia,M,Lavender,Fall,4.0,0,Free Shipping,0,0,23,PayPal,Weekly,52,0.9233158463485474,158.24111707879962,-2.7198160345219193,0.8646631692697094,0.43149641204665723,Silver,3,3,1,7,Occasional Buyer
3024,50,Female,Backpack,Accessories,31,Indiana,M,Brown,Summer,2.9,0,Express,0,0,4,PayPal,Quarterly,4,0.20988825991206111,2.909669111813563,2.3996554557680767,0.4053622673670276,0.5180592991913747,Bronze,1,1,1,3,At-Risk / One-Timer
3025,67,Female,Blouse,Clothing,82,Idaho,S,White,Spring,4.0,0,Free Shipping,0,0,47,Credit Card,Every 3 Months,4,0.43998626625794646,7.77691672085368,0.4712640708417055,0.5833818686362047,1.3660899255735441,Platinum,5,1,4,10,Organic Loyalist
3026,40,Female,Shoes,Footwear,60,Montana,XL,Green,Summer,3.4,0,Store Pickup,0,0,7,PayPal,Monthly,12,0.350011259728197,17.266225677396264,-2.7198160345219193,0.5241560980994855,0.9957609508769013,Bronze,1,2,3,6,Occasional Buyer
3027,55,Female,Shirt,Clothing,70,Tennessee,L,Magenta,Fall,2.5,0,Free Shipping,0,0,6,Credit Card,Annually,1,0.2095035119577509,0.8930464045917894,0.4712640708417055,0.345746856237704,1.1661743267091231,Bronze,1,1,4,6,Occasional Buyer
3028,52,Female,Hoodie,Clothing,26,West Virginia,XL,Peach,Winter,2.8,0,2-Day Shipping,0,0,47,Credit Card,Quarterly,4,0.43998626625794646,5.800491827474146,0.4712640708417055,0.43938186863620465,0.4331504642062457,Platinum,5,1,1,7,Occasional Buyer
3029,62,Female,Dress,Clothing,100,California,L,Charcoal,Summer,3.0,0,Free Shipping,0,0,7,PayPal,Every 3 Months,4,0.2577035674205047,4.757332085062225,0.4712640708417055,0.4269253288687163,1.6659633238701756,Bronze,1,1,5,7,Occasional Buyer
3030,64,Female,Dress,Clothing,82,Georgia,M,Gold,Summer,3.1,0,Free Shipping,0,0,1,Debit Card,Quarterly,4,0.116670419909399,2.062191956897332,0.4712640708417055,0.4107186993664952,1.3660899255735441,Bronze,1,1,4,6,Occasional Buyer
3031,43,Female,Sneakers,Footwear,24,Maryland,XL,Purple,Spring,2.6,0,2-Day Shipping,0,0,23,Credit Card,Weekly,52,0.9233158463485474,154.54603093951116,-2.7198160345219193,0.6966631692697095,0.39830438035076055,Silver,3,3,1,7,Occasional Buyer
3032,61,Female,Blouse,Clothing,74,Idaho,L,Teal,Summer,4.9,0,2-Day Shipping,0,0,30,Credit Card,Monthly,12,0.48781448798242233,25.273599041698915,0.4712640708417055,0.7317167437503308,1.23281285966393,Gold,3,2,4,9,Organic Loyalist
3033,26,Female,Backpack,Accessories,58,California,XL,Green,Summer,3.5,0,Next Day Air,0,0,24,Credit Card,Quarterly,4,0.3736226736702761,6.093841767130874,2.3996554557680767,0.5101091501186705,0.9692722371967656,Silver,3,1,3,7,Occasional Buyer
3034,22,Female,Sweater,Clothing,56,Alabama,L,Orange,Spring,2.6,0,Store Pickup,0,0,9,PayPal,Weekly,52,0.8342509875137678,175.39181466350777,0.4712640708417055,0.6788501975027535,0.9329394613672984,Bronze,1,3,3,7,Occasional Buyer
3035,51,Female,Boots,Footwear,37,Utah,L,Peach,Spring,3.5,0,2-Day Shipping,0,0,25,Credit Card,Quarterly,4,0.3776127502216725,5.49439565577029,-2.7198160345219193,0.5109071654289499,0.6140525863740891,Silver,3,1,2,6,Occasional Buyer
3036,69,Female,Handbag,Accessories,64,Kentucky,M,Gold,Spring,4.5,0,Free Shipping,0,0,18,Cash,Bi-Weekly,26,0.5995492938099868,65.07152443363852,2.3996554557680767,0.7599098587619973,1.0695417789757413,Silver,2,2,3,7,Occasional Buyer
3037,50,Female,Hoodie,Clothing,58,Vermont,S,Violet,Spring,4.3,0,Next Day Air,0,0,7,Venmo,Fortnightly,26,0.5115497212666585,54.232441714992696,0.4712640708417055,0.7183099442533317,0.9662587278447019,Bronze,1,2,3,6,Occasional Buyer
3038,51,Female,Belt,Accessories,44,Iowa,L,Charcoal,Summer,4.8,0,Next Day Air,0,0,2,Cash,Annually,1,0.12330458662035042,0.4693789447043232,2.3996554557680767,0.6045070711702238,0.7353099730458221,Bronze,1,1,2,4,At-Risk / One-Timer
3039,56,Female,Jewelry,Accessories,39,Georgia,M,Brown,Summer,4.2,0,Free Shipping,0,0,36,Debit Card,Annually,1,0.3788912640219484,1.3976841991938243,2.3996554557680767,0.5836244066505435,0.6517520215633423,Gold,4,1,2,7,Occasional Buyer
3040,59,Female,Blouse,Clothing,48,Alabama,L,Blue,Spring,3.2,0,Next Day Air,0,0,31,PayPal,Bi-Weekly,26,0.6525828687777642,66.03311662762272,0.4712640708417055,0.6145165737555528,0.7996623954576844,Gold,4,2,2,8,Organic Loyalist
3041,18,Female,Handbag,Accessories,32,Nebraska,M,Gold,Fall,4.1,0,Express,0,0,10,Cash,Fortnightly,26,0.5439472648879285,49.44980884271097,2.3996554557680767,0.7007894529775857,0.5347708894878707,Bronze,1,2,1,4,At-Risk / One-Timer
3042,48,Female,Handbag,Accessories,79,Rhode Island,M,Orange,Winter,4.0,0,Express,0,0,27,PayPal,Monthly,12,0.4774597363919335,25.106895382245874,2.3996554557680767,0.6216457934322329,1.3202156334231807,Gold,3,2,4,9,Organic Loyalist
3043,53,Female,Coat,Outerwear,27,South Dakota,L,Turquoise,Winter,2.9,0,Next Day Air,0,0,14,PayPal,Every 3 Months,4,0.32165438499395005,4.287272769577887,3.3361111111111157,0.4277154923834054,0.4722522133448499,Silver,2,1,1,4,At-Risk / One-Timer
3044,45,Female,Belt,Accessories,98,Illinois,S,Peach,Fall,2.6,0,Store Pickup,0,0,17,Credit Card,Monthly,12,0.43251036238086904,23.84924341878283,2.3996554557680767,0.44465591863001996,1.6377358490566039,Silver,2,2,5,9,Organic Loyalist
3045,21,Female,Boots,Footwear,67,North Carolina,M,Magenta,Winter,2.7,0,Free Shipping,0,0,10,Bank Transfer,Quarterly,4,0.2901011110417747,4.896335493283671,-2.7198160345219193,0.39740483759297035,1.1119330618125398,Bronze,1,1,3,5,At-Risk / One-Timer
3046,42,Female,Socks,Clothing,37,Florida,L,Black,Winter,4.6,0,2-Day Shipping,0,0,4,PayPal,Bi-Weekly,26,0.46373441375821495,43.858721017168506,0.4712640708417055,0.7447468827516429,0.616406429831965,Bronze,1,2,2,5,At-Risk / One-Timer
3047,60,Female,Shoes,Footwear,49,Pennsylvania,M,White,Spring,3.2,0,Store Pickup,0,0,25,Cash,Every 3 Months,4,0.3776127502216725,5.908919064040701,-2.7198160345219193,0.4749071654289499,0.8132047765494694,Silver,3,1,2,6,Occasional Buyer
3048,21,Female,Sneakers,Footwear,74,Vermont,M,Violet,Fall,4.1,0,2-Day Shipping,0,0,3,PayPal,Bi-Weekly,26,0.44103314751110567,49.50803967342233,-2.7198160345219193,0.6802066295022211,1.2281051727481782,Bronze,1,2,4,7,Occasional Buyer
3049,69,Female,Jewelry,Accessories,93,Colorado,M,Olive,Summer,3.9,0,Standard,0,0,47,Venmo,Fortnightly,26,0.6938324201041003,81.95941556474693,2.3996554557680767,0.70676648402082,1.554177897574124,Platinum,5,2,5,12,Champion
3050,40,Female,Handbag,Accessories,60,Utah,L,Red,Summer,3.0,0,Next Day Air,0,0,41,Bank Transfer,Bi-Weekly,26,0.6802477492567311,72.70673003313762,2.3996554557680767,0.5960495498513462,1.0026954177897573,Platinum,5,2,3,10,Organic Loyalist
3051,31,Female,Coat,Outerwear,76,Kentucky,S,Green,Spring,3.6,0,Standard,0,0,28,Venmo,Every 3 Months,4,0.38872202129983363,6.754131294864562,3.3361111111111157,0.5251290196445821,1.32930252645217,Gold,3,1,4,8,Organic Loyalist
3052,44,Female,Sunglasses,Accessories,64,Wyoming,L,Gold,Summer,4.6,0,Express,0,0,49,Debit Card,Every 3 Months,4,0.44413924742582894,7.416036882061635,2.3996554557680767,0.6562124648697811,1.0695417789757413,Platinum,5,1,3,9,Organic Loyalist
3053,48,Female,Shoes,Footwear,38,Maine,XL,Olive,Spring,4.5,0,Store Pickup,0,0,7,Bank Transfer,Fortnightly,26,0.5115497212666585,48.726442411941875,-2.7198160345219193,0.7423099442533317,0.6306486022220374,Bronze,1,2,2,5,At-Risk / One-Timer
3054,32,Female,Shoes,Footwear,91,Maine,L,Brown,Winter,3.2,0,Next Day Air,0,0,22,Bank Transfer,Monthly,12,0.4574476287736457,24.821777548642093,-2.7198160345219193,0.5216433719085753,1.5102374421633002,Silver,3,2,5,10,Organic Loyalist
3055,42,Female,Boots,Footwear,70,New Hampshire,S,Magenta,Summer,4.9,0,2-Day Shipping,0,0,34,Venmo,Monthly,12,0.5001610026390428,25.584314894763075,-2.7198160345219193,0.7341860466816549,1.1617211093563848,Gold,4,2,4,10,Organic Loyalist
3056,27,Female,Sandals,Footwear,22,Kansas,M,Violet,Fall,5.0,0,Standard,0,0,5,Debit Card,Bi-Weekly,26,0.48228269883744174,39.317059928834965,-2.7198160345219193,0.7964565397674883,0.3651123486548638,Bronze,1,2,1,4,At-Risk / One-Timer
3057,69,Female,Gloves,Accessories,59,New Jersey,M,Beige,Spring,3.8,0,Standard,0,0,15,Cash,Bi-Weekly,26,0.5820662950222113,61.96267921680085,2.3996554557680767,0.6724132590044423,0.9859838274932615,Silver,2,2,3,7,Occasional Buyer
3058,67,Female,Backpack,Accessories,22,North Carolina,M,Blue,Spring,3.4,0,Next Day Air,0,0,26,Bank Transfer,Weekly,52,0.9352983752456666,152.4963775790374,2.3996554557680767,0.7950596750491333,0.36765498652291106,Gold,3,3,1,7,Occasional Buyer
3059,41,Female,Handbag,Accessories,74,West Virginia,S,Orange,Winter,3.8,0,Store Pickup,0,0,3,Bank Transfer,Fortnightly,26,0.44103314751110567,49.50803967342233,2.3996554557680767,0.6442066295022211,1.236657681940701,Bronze,1,2,4,7,Occasional Buyer
3060,46,Female,Sweater,Clothing,71,Kentucky,L,Maroon,Spring,3.2,0,Express,0,0,42,Credit Card,Quarterly,4,0.4287954449459535,7.335259805555094,0.4712640708417055,0.4851437043738061,1.1828339599478248,Platinum,5,1,4,10,Organic Loyalist
3061,47,Female,Coat,Outerwear,80,California,S,Charcoal,Summer,4.7,0,Store Pickup,0,0,1,Venmo,Monthly,12,0.2089781122170913,11.020124262929267,3.3361111111111157,0.6519494685972645,1.3992658173180739,Bronze,1,2,4,7,Occasional Buyer
3062,33,Female,T-shirt,Clothing,59,South Dakota,L,Olive,Fall,4.5,0,Express,0,0,20,PayPal,Every 3 Months,4,0.3558850216550244,5.828463612758174,0.4712640708417055,0.6265616197156203,0.9829183610834037,Silver,2,1,3,6,Occasional Buyer
3063,51,Female,Backpack,Accessories,96,California,L,Green,Fall,3.3,0,Standard,0,0,39,PayPal,Monthly,12,0.513745673486412,28.202855671882837,2.3996554557680767,0.5449029808511285,1.604312668463612,Platinum,4,2,5,11,Champion
3064,26,Female,Sunglasses,Accessories,43,Connecticut,L,Brown,Winter,3.9,0,Store Pickup,0,0,24,Credit Card,Fortnightly,26,0.62746882751643,61.73598685005751,2.3996554557680767,0.693493765503286,0.7185983827493262,Silver,3,2,2,7,Occasional Buyer
3065,22,Female,Belt,Accessories,76,Idaho,S,Cyan,Winter,3.6,0,Express,0,0,49,Bank Transfer,Quarterly,4,0.44413924742582894,7.7170178841053225,2.3996554557680767,0.5362124648697811,1.2700808625336928,Platinum,5,1,4,10,Organic Loyalist
3066,49,Female,Jacket,Outerwear,59,North Dakota,M,Beige,Fall,2.8,0,Store Pickup,0,0,7,Venmo,Bi-Weekly,26,0.5115497212666585,54.45598130893374,3.3361111111111157,0.5383099442533317,1.0319585402720794,Bronze,1,2,3,6,Occasional Buyer
3067,58,Female,Skirt,Clothing,48,Michigan,L,Teal,Summer,4.3,0,Free Shipping,0,0,13,Venmo,Every 3 Months,4,0.3146354703286883,4.8980188397230915,0.4712640708417055,0.594311709450353,0.7996623954576844,Bronze,2,1,2,5,At-Risk / One-Timer
3068,70,Female,Belt,Accessories,22,Missouri,S,Gray,Spring,3.5,0,Free Shipping,0,0,2,Cash,Weekly,52,0.7117661250818889,116.05040555100544,2.3996554557680767,0.7623532250163778,0.36765498652291106,Bronze,1,3,1,5,At-Risk / One-Timer
3069,32,Female,Boots,Footwear,40,California,M,Indigo,Winter,4.2,0,Express,0,0,4,Debit Card,Weekly,52,0.7637344137582149,147.48150483629146,-2.7198160345219193,0.8567468827516429,0.6638406339179342,Bronze,1,3,2,6,Occasional Buyer
3070,62,Female,Jeans,Clothing,73,Delaware,L,Magenta,Spring,4.6,0,Express,0,0,17,Debit Card,Quarterly,4,0.3402026700731767,5.85701774750726,0.4712640708417055,0.6354251493992508,1.2161532264252284,Silver,2,1,4,7,Occasional Buyer
3071,52,Female,Shoes,Footwear,26,Alabama,XL,Red,Fall,2.6,0,Free Shipping,0,0,43,PayPal,Bi-Weekly,26,0.6849804123990342,58.697176087565225,-2.7198160345219193,0.5489960824798069,0.43149641204665723,Platinum,5,2,1,8,Organic Loyalist
3072,23,Female,Sweater,Clothing,41,New Hampshire,L,Turquoise,Spring,3.4,0,Next Day Air,0,0,6,PayPal,Monthly,12,0.3364265888808278,15.089417280510954,0.4712640708417055,0.5214391639300117,0.6830449627867721,Bronze,1,2,2,5,At-Risk / One-Timer
3073,26,Female,Jewelry,Accessories,98,New York,L,Peach,Spring,3.1,0,Standard,0,0,46,PayPal,Quarterly,4,0.43784442059494383,8.047790353386018,2.3996554557680767,0.47495349950360416,1.6377358490566039,Platinum,5,1,5,11,Champion
3074,58,Female,Shirt,Clothing,63,Oregon,L,White,Winter,3.6,0,Free Shipping,0,0,7,Debit Card,Bi-Weekly,26,0.5115497212666585,55.3143625339048,0.4712640708417055,0.6343099442533318,1.0495568940382107,Bronze,1,2,3,6,Occasional Buyer
3075,26,Female,Boots,Footwear,55,Massachusetts,L,Maroon,Winter,4.2,0,Next Day Air,0,0,34,Debit Card,Fortnightly,26,0.6616994641775042,69.25289947902195,-2.7198160345219193,0.7363398928355008,0.9127808716371595,Gold,4,2,3,9,Organic Loyalist
3076,54,Female,Shorts,Clothing,90,Utah,XL,Beige,Winter,3.6,0,Standard,0,0,21,PayPal,Every 3 Months,4,0.36061768479732753,6.506782846744487,0.4712640708417055,0.5195081523440809,1.4993669914831582,Silver,3,1,5,9,Organic Loyalist
3077,66,Female,Handbag,Accessories,46,New Hampshire,M,Blue,Summer,3.6,0,Express,0,0,13,Venmo,Bi-Weekly,26,0.5684816241748422,56.90719221025819,2.3996554557680767,0.6456963248349685,0.768733153638814,Bronze,2,2,2,6,Occasional Buyer
3078,60,Female,Sweater,Clothing,88,Illinois,S,Red,Spring,3.0,0,Store Pickup,0,0,33,Debit Card,Bi-Weekly,26,0.658750448673664,76.87917178484331,0.4712640708417055,0.5917500897347328,1.4660477250057546,Gold,4,2,5,11,Champion
3079,32,Female,Belt,Accessories,95,Alaska,M,Blue,Spring,2.5,0,2-Day Shipping,0,0,24,Bank Transfer,Bi-Weekly,26,0.62746882751643,74.46364141000358,2.3996554557680767,0.5254937655032861,1.587601078167116,Silver,3,2,5,10,Organic Loyalist
3080,48,Female,Belt,Accessories,31,Wyoming,M,Maroon,Fall,4.0,0,Store Pickup,0,0,4,Bank Transfer,Annually,1,0.1752728752966765,0.607449496702631,2.3996554557680767,0.5189007289054891,0.5180592991913747,Bronze,1,1,1,3,At-Risk / One-Timer
3081,69,Female,Hoodie,Clothing,42,Colorado,L,Yellow,Spring,4.1,0,Next Day Air,0,0,5,Cash,Bi-Weekly,26,0.48228269883744174,47.163005309274126,0.4712640708417055,0.6884565397674883,0.6997045960254739,Bronze,1,2,2,5,At-Risk / One-Timer
3082,64,Female,Sneakers,Footwear,44,Vermont,L,Pink,Winter,4.9,0,Next Day Air,0,0,11,Credit Card,Weekly,52,0.8527992725929945,168.80858811872463,-2.7198160345219193,0.9585598545185989,0.7302246973097276,Bronze,2,3,2,7,Occasional Buyer
3083,56,Female,T-shirt,Clothing,99,Utah,M,Maroon,Spring,4.0,0,Next Day Air,0,0,20,Bank Transfer,Annually,1,0.3212696370396398,1.4795013541581647,0.4712640708417055,0.5481000812540817,1.649303690631474,Silver,2,1,5,8,Organic Loyalist
3084,22,Female,Pants,Clothing,20,Illinois,S,Purple,Summer,3.5,0,Store Pickup,0,0,28,PayPal,Quarterly,4,0.38872202129983363,4.733891663538183,0.4712640708417055,0.5131290196445821,0.33319266477403514,Gold,3,1,1,5,At-Risk / One-Timer
3085,46,Female,Scarf,Accessories,37,Idaho,S,Indigo,Spring,3.2,0,Store Pickup,0,0,43,PayPal,Monthly,12,0.5234419508605727,22.848782350447177,2.3996554557680767,0.5348422363259607,0.6183288409703505,Platinum,5,2,2,9,Organic Loyalist
3086,24,Female,Sweater,Clothing,50,Nevada,L,Gray,Winter,2.8,0,Store Pickup,0,0,10,Venmo,Every 3 Months,4,0.2901011110417747,4.5625079379034235,0.4712640708417055,0.4094048375929703,0.8329816619350878,Bronze,1,1,2,4,At-Risk / One-Timer
3087,47,Female,Handbag,Accessories,73,Utah,M,Lavender,Summer,3.5,0,Next Day Air,0,0,26,Venmo,Every 3 Months,4,0.3814522213995128,6.567180763403327,2.3996554557680767,0.5116750596645179,1.2199460916442049,Gold,3,1,4,8,Organic Loyalist
3088,62,Female,Shirt,Clothing,84,North Carolina,M,Charcoal,Spring,3.1,0,Free Shipping,0,0,29,Bank Transfer,Monthly,12,0.4844786510571952,25.82843625434378,0.4712640708417055,0.5150495763652851,1.3994091920509477,Gold,3,2,4,9,Organic Loyalist
3089,34,Female,Dress,Clothing,64,Arkansas,M,Teal,Spring,3.3,0,Store Pickup,0,0,35,Bank Transfer,Quarterly,4,0.41071924382872965,6.8580047317592445,0.4712640708417055,0.4935284641503613,1.0662165272769124,Gold,4,1,3,8,Organic Loyalist
3090,50,Female,Sandals,Footwear,21,North Carolina,L,Blue,Fall,4.6,0,Free Shipping,0,0,23,Cash,Bi-Weekly,26,0.6233158463485474,50.09408931577256,-2.7198160345219193,0.7766631692697095,0.34851633280691546,Silver,3,2,1,6,Occasional Buyer
3091,29,Female,Shirt,Clothing,36,Texas,M,Peach,Summer,4.9,0,Store Pickup,0,0,15,Bank Transfer,Quarterly,4,0.3282201411760575,4.740703948252969,0.4712640708417055,0.669028643619827,0.5997467965932632,Silver,2,1,2,5,At-Risk / One-Timer
3092,68,Female,Dress,Clothing,81,Nevada,L,Orange,Winter,3.4,0,2-Day Shipping,0,0,46,Credit Card,Annually,1,0.4032290359795592,1.7769171539069337,0.4712640708417055,0.49249196104206566,1.3494302923348425,Platinum,5,1,4,10,Organic Loyalist
3093,52,Female,Sunglasses,Accessories,54,Utah,L,Silver,Fall,3.5,0,Next Day Air,0,0,14,Bank Transfer,Bi-Weekly,26,0.5755005388401039,59.961782592741045,2.3996554557680767,0.6351001077680208,0.9024258760107817,Silver,2,2,3,7,Occasional Buyer
3094,29,Female,Socks,Clothing,63,Pennsylvania,L,Red,Summer,4.8,0,Store Pickup,0,0,17,Cash,Every 3 Months,4,0.3402026700731767,5.659452517924505,0.4712640708417055,0.6594251493992508,1.0495568940382107,Silver,2,1,3,6,Occasional Buyer
3095,22,Female,Sandals,Footwear,59,Georgia,M,Gray,Summer,2.7,0,Store Pickup,0,0,9,Cash,Weekly,52,0.8342509875137678,177.61697170128147,-2.7198160345219193,0.6908501975027536,0.979164935028953,Bronze,1,3,3,7,Occasional Buyer
3096,62,Female,Hat,Accessories,53,Minnesota,S,Beige,Fall,3.4,0,Standard,0,0,13,Venmo,Fortnightly,26,0.5684816241748422,58.95926736955822,2.3996554557680767,0.6216963248349685,0.8857142857142858,Bronze,2,2,3,7,Occasional Buyer
3097,69,Female,Shirt,Clothing,63,Kansas,L,White,Winter,3.5,0,Next Day Air,0,0,20,Bank Transfer,Monthly,12,0.4481927139627167,22.36777315421523,0.4712640708417055,0.5557923889463895,1.0495568940382107,Silver,2,2,3,7,Occasional Buyer
3098,48,Female,Shoes,Footwear,33,Delaware,M,Silver,Fall,3.7,0,Free Shipping,0,0,39,Bank Transfer,Quarterly,4,0.42143798117871967,5.944569041610263,-2.7198160345219193,0.5436722116203594,0.5476685229822957,Platinum,4,1,1,6,Occasional Buyer
3099,66,Female,Pants,Clothing,64,New Mexico,L,Cyan,Summer,3.3,0,Next Day Air,0,0,50,Bank Transfer,Quarterly,4,0.4461538461538462,7.449675743198368,0.4712640708417055,0.5006153846153846,1.0662165272769124,Platinum,5,1,3,9,Organic Loyalist
3100,42,Female,Shirt,Clothing,98,Michigan,S,Maroon,Fall,2.9,0,Free Shipping,0,0,21,Bank Transfer,Bi-Weekly,26,0.6144638386434813,73.41190953565453,0.4712640708417055,0.5708927677286962,1.6326440573927723,Silver,3,2,5,10,Organic Loyalist
3101,50,Female,Hat,Accessories,85,Vermont,L,Purple,Winter,3.9,0,Express,0,0,3,Bank Transfer,Weekly,52,0.7410331475111056,171.64258784661664,2.3996554557680767,0.816206629502221,1.4204851752021563,Bronze,1,3,5,9,Organic Loyalist
3102,32,Female,Jewelry,Accessories,82,Idaho,S,Brown,Summer,2.7,0,Express,0,0,9,PayPal,Fortnightly,26,0.5342509875137679,61.38001891791304,2.3996554557680767,0.5308501975027536,1.3703504043126684,Bronze,1,2,4,7,Occasional Buyer
3103,51,Female,Jacket,Outerwear,85,South Dakota,M,Green,Summer,4.3,0,Standard,0,0,29,Cash,Bi-Weekly,26,0.6460171125956566,74.81719904942298,3.3361111111111157,0.7452034225191313,1.4867199309004533,Gold,3,2,5,10,Organic Loyalist
3104,27,Female,Shirt,Clothing,37,Illinois,S,Peach,Winter,3.0,0,2-Day Shipping,0,0,42,Bank Transfer,Weekly,52,0.9826415987921073,185.87106094635402,0.4712640708417055,0.7565283197584215,0.616406429831965,Platinum,5,3,2,10,Organic Loyalist
3105,43,Female,Pants,Clothing,56,Georgia,S,Turquoise,Summer,5.0,0,2-Day Shipping,0,0,41,Debit Card,Fortnightly,26,0.6802477492567311,71.50718965192468,0.4712640708417055,0.8360495498513462,0.9329394613672984,Platinum,5,2,3,10,Organic Loyalist
3106,48,Female,Skirt,Clothing,33,Oregon,M,Olive,Fall,2.7,0,Express,0,0,17,Debit Card,Monthly,12,0.43251036238086904,18.302249620647927,0.4712640708417055,0.45665591863002,0.549767896877158,Silver,2,2,1,5,At-Risk / One-Timer
3107,62,Female,Sandals,Footwear,57,Alabama,M,Yellow,Winter,4.7,0,Next Day Air,0,0,20,PayPal,Annually,1,0.3212696370396398,1.3044970522183903,-2.7198160345219193,0.6321000812540818,0.9459729033330563,Silver,2,1,3,6,Occasional Buyer
3108,65,Female,Blouse,Clothing,31,Hawaii,L,Gray,Winter,4.6,0,Standard,0,0,18,Credit Card,Bi-Weekly,26,0.5995492938099868,54.02486733944282,0.4712640708417055,0.7719098587619972,0.5164486303997545,Silver,2,2,1,5,At-Risk / One-Timer
3109,50,Female,Socks,Clothing,69,Oregon,M,Purple,Fall,3.2,0,2-Day Shipping,0,0,7,PayPal,Monthly,12,0.350011259728197,17.84425405942737,0.4712640708417055,0.5001560980994856,1.1495146934704212,Bronze,1,2,4,7,Occasional Buyer
3110,60,Female,Jacket,Outerwear,92,Illinois,M,Gray,Winter,4.3,0,Free Shipping,0,0,47,Bank Transfer,Fortnightly,26,0.6938324201041003,81.7664763681257,3.3361111111111157,0.75476648402082,1.6091556899157848,Platinum,5,2,5,12,Champion
3111,19,Female,Handbag,Accessories,46,Texas,L,Lavender,Fall,4.6,0,Next Day Air,0,0,2,Bank Transfer,Bi-Weekly,26,0.41176612508188887,41.21936933268644,2.3996554557680767,0.7343532250163777,0.768733153638814,Bronze,1,2,2,5,At-Risk / One-Timer
3112,21,Female,Belt,Accessories,81,Kansas,XL,Indigo,Spring,4.9,0,Free Shipping,0,0,25,Debit Card,Quarterly,4,0.3776127502216725,6.656133497656933,2.3996554557680767,0.6789071654289499,1.3536388140161726,Silver,3,1,4,8,Organic Loyalist
3113,19,Female,Blouse,Clothing,97,Texas,S,Green,Fall,3.8,0,Express,0,0,26,Venmo,Annually,1,0.3468368367841282,1.590235617060201,0.4712640708417055,0.5292135212029794,1.6159844241540704,Gold,3,1,5,9,Organic Loyalist
3114,46,Female,Shirt,Clothing,93,Nebraska,L,Green,Summer,2.6,0,Express,0,0,2,Debit Card,Weekly,52,0.7117661250818889,168.1556927586164,0.4712640708417055,0.6543532250163778,1.5493458911992635,Bronze,1,3,5,9,Organic Loyalist
3115,21,Female,Handbag,Accessories,56,Arkansas,M,Olive,Spring,4.7,0,Store Pickup,0,0,45,Venmo,Bi-Weekly,26,0.68950266406766,72.48006012348537,2.3996554557680767,0.801900532813532,0.9358490566037736,Platinum,5,2,3,10,Organic Loyalist
3116,26,Female,Scarf,Accessories,53,South Dakota,M,Charcoal,Fall,4.1,0,Free Shipping,0,0,9,Bank Transfer,Bi-Weekly,26,0.5342509875137679,55.40908531739437,2.3996554557680767,0.6988501975027536,0.8857142857142858,Bronze,1,2,3,6,Occasional Buyer
3117,50,Female,Coat,Outerwear,66,Montana,L,Gray,Spring,3.7,0,Store Pickup,0,0,1,Venmo,Weekly,52,0.6705165737555528,146.60443662016314,3.3361111111111157,0.7781033147511106,1.1543942992874108,Bronze,1,3,3,7,Occasional Buyer
3118,43,Female,Hoodie,Clothing,50,Florida,M,Olive,Fall,3.0,0,Free Shipping,0,0,4,PayPal,Bi-Weekly,26,0.46373441375821495,47.40639422456438,0.4712640708417055,0.552746882751643,0.8329816619350878,Bronze,1,2,2,5,At-Risk / One-Timer
3119,61,Female,Shorts,Clothing,97,Virginia,L,Blue,Summer,4.7,0,Standard,0,0,31,Debit Card,Quarterly,4,0.3987367149316104,7.3127794820534895,0.4712640708417055,0.6591319583709374,1.6159844241540704,Gold,4,1,5,10,Organic Loyalist
3120,63,Female,Sandals,Footwear,79,Louisiana,XL,Silver,Winter,4.7,0,2-Day Shipping,0,0,21,Credit Card,Every 3 Months,4,0.36061768479732753,6.320945198865278,-2.7198160345219193,0.6515081523440809,1.3110852519879201,Silver,3,1,4,8,Organic Loyalist
3121,46,Female,Shirt,Clothing,76,Louisiana,M,Magenta,Fall,4.0,0,Store Pickup,0,0,32,Debit Card,Fortnightly,26,0.6557133899698174,74.05557584185676,0.4712640708417055,0.7111426779939635,1.2661321261413336,Gold,4,2,4,10,Organic Loyalist
3122,63,Female,Hoodie,Clothing,38,Louisiana,L,Black,Fall,2.6,0,Standard,0,0,16,Venmo,Weekly,52,0.8882338749181111,169.2131769610417,0.4712640708417055,0.6896467749836223,0.6330660630706668,Silver,2,3,2,7,Occasional Buyer
3123,23,Female,Socks,Clothing,45,Georgia,M,Pink,Fall,3.0,0,Express,0,0,34,Credit Card,Fortnightly,26,0.6616994641775042,65.86865897520079,0.4712640708417055,0.5923398928355008,0.7496834957415791,Gold,4,2,2,8,Organic Loyalist
3124,57,Female,Handbag,Accessories,77,Iowa,XL,Red,Fall,3.3,0,Next Day Air,0,0,40,Venmo,Bi-Weekly,26,0.677796211082861,76.77697912355802,2.3996554557680767,0.6315592422165722,1.2867924528301888,Platinum,4,2,4,10,Organic Loyalist
3125,57,Female,Jewelry,Accessories,51,California,M,Peach,Summer,3.4,0,Standard,0,0,4,Cash,Every 3 Months,4,0.20988825991206111,3.31727867432607,2.3996554557680767,0.46536226736702757,0.8522911051212938,Bronze,1,1,2,4,At-Risk / One-Timer
3126,33,Female,Coat,Outerwear,26,Oregon,L,Lavender,Spring,4.0,0,Standard,0,0,3,Cash,Quarterly,4,0.18718699366495184,2.4677511782298684,3.3361111111111157,0.5328220141176058,0.454761390628374,Bronze,1,1,1,3,At-Risk / One-Timer
3127,57,Female,Sunglasses,Accessories,76,Maine,L,Lavender,Winter,2.6,0,Store Pickup,0,0,28,Bank Transfer,Bi-Weekly,26,0.6425681751459875,72.57096920085398,2.3996554557680767,0.5405136350291976,1.2700808625336928,Gold,3,2,4,9,Organic Loyalist
3128,55,Female,Gloves,Accessories,94,Louisiana,M,Beige,Winter,3.4,0,Free Shipping,0,0,43,Credit Card,Every 3 Months,4,0.43113425855288035,7.853329348805178,2.3996554557680767,0.5096114670951915,1.57088948787062,Platinum,5,1,5,11,Champion
3129,65,Female,Jacket,Outerwear,32,Arkansas,S,Indigo,Fall,4.4,0,Standard,0,0,20,Cash,Annually,1,0.3212696370396398,1.123321715178692,3.3361111111111157,0.5961000812540818,0.5597063269272295,Silver,2,1,1,4,At-Risk / One-Timer
3130,60,Female,Sandals,Footwear,20,Maryland,S,Cyan,Summer,4.7,0,Express,0,0,40,Venmo,Every 3 Months,4,0.42395005723670726,5.162901846925139,-2.7198160345219193,0.6641746268319568,0.3319203169589671,Platinum,4,1,1,6,Occasional Buyer
3131,52,Female,Pants,Clothing,20,Vermont,M,Yellow,Summer,4.5,0,Store Pickup,0,0,34,Venmo,Every 3 Months,4,0.40785331033135047,4.966874218414284,0.4712640708417055,0.6369552774508854,0.33319266477403514,Gold,4,1,1,6,Occasional Buyer
3132,34,Female,Jacket,Outerwear,59,North Dakota,M,Peach,Fall,2.9,0,Store Pickup,0,0,11,Bank Transfer,Every 3 Months,4,0.2989531187468407,4.896068304401861,3.3361111111111157,0.4231752391339835,1.0319585402720794,Bronze,2,1,3,6,Occasional Buyer
3133,33,Female,Sweater,Clothing,97,Michigan,M,Yellow,Summer,4.2,0,Express,0,0,26,Cash,Quarterly,4,0.3814522213995128,6.995784119133653,0.4712640708417055,0.595675059664518,1.6159844241540704,Gold,3,1,5,9,Organic Loyalist
3134,58,Female,T-shirt,Clothing,68,Arkansas,M,Orange,Spring,4.1,0,Next Day Air,0,0,29,Cash,Bi-Weekly,26,0.6460171125956566,71.11793672158267,0.4712640708417055,0.7212034225191313,1.1328550602317196,Gold,3,2,3,8,Organic Loyalist
3135,35,Female,Boots,Footwear,66,Kentucky,L,Gray,Spring,4.4,0,Store Pickup,0,0,47,Bank Transfer,Weekly,52,0.9938324201041002,217.29551176960493,-2.7198160345219193,0.9267664840208201,1.0953370459645915,Platinum,5,3,3,11,Champion
3136,68,Female,Shoes,Footwear,85,Indiana,L,Yellow,Spring,4.7,0,Free Shipping,0,0,48,Venmo,Fortnightly,26,0.6959301008385788,80.5977734393456,-2.7198160345219193,0.8031860201677158,1.4106613470756102,Platinum,5,2,5,12,Champion
3137,58,Female,Skirt,Clothing,32,Minnesota,M,Gray,Fall,3.1,0,Next Day Air,0,0,29,Cash,Bi-Weekly,26,0.6460171125956566,58.72889669471386,0.4712640708417055,0.6012034225191313,0.5331082636384562,Gold,3,2,1,6,Occasional Buyer
3138,34,Female,Coat,Outerwear,44,Louisiana,M,Turquoise,Spring,2.7,0,2-Day Shipping,0,0,14,Bank Transfer,Monthly,12,0.41396207730164236,18.909766942218763,3.3361111111111157,0.4529462616141746,0.7695961995249406,Silver,2,2,2,6,Occasional Buyer
3139,47,Female,Blouse,Clothing,95,Kentucky,L,Gray,Fall,4.6,0,Next Day Air,0,0,40,Cash,Every 3 Months,4,0.42395005723670726,7.740222708084201,0.4712640708417055,0.6521746268319568,1.582665157676667,Platinum,4,1,5,10,Organic Loyalist
3140,35,Female,Sunglasses,Accessories,85,Georgia,M,Olive,Winter,4.4,0,Next Day Air,0,0,4,Venmo,Weekly,52,0.7637344137582149,176.90079269094244,2.3996554557680767,0.8807468827516429,1.4204851752021563,Bronze,1,3,5,9,Organic Loyalist
3141,34,Female,Gloves,Accessories,44,Alaska,XL,Peach,Summer,4.6,0,Free Shipping,0,0,37,Bank Transfer,Weekly,52,0.9700658675655396,192.02109423474857,2.3996554557680767,0.9460131735131079,0.7353099730458221,Gold,4,3,2,9,Organic Loyalist
3142,36,Female,Sunglasses,Accessories,30,Mississippi,S,Peach,Winter,4.9,0,Express,0,0,47,Credit Card,Bi-Weekly,26,0.6938324201041003,61.947902970055516,2.3996554557680767,0.8267664840208201,0.5013477088948787,Platinum,5,2,1,8,Organic Loyalist
3143,23,Female,Sneakers,Footwear,21,Kansas,L,Magenta,Winter,4.0,0,2-Day Shipping,0,0,1,Venmo,Quarterly,4,0.116670419909399,1.4425328839643745,-2.7198160345219193,0.5187186993664952,0.34851633280691546,Bronze,1,1,1,3,At-Risk / One-Timer
3144,68,Female,Hoodie,Clothing,22,Arizona,M,Purple,Summer,2.9,0,Store Pickup,0,0,26,Cash,Quarterly,4,0.3814522213995128,4.784164935405991,0.4712640708417055,0.4396750596645179,0.36651193125143866,Gold,3,1,1,5,At-Risk / One-Timer
3145,23,Female,Boots,Footwear,70,Maine,L,Beige,Spring,2.6,0,Free Shipping,0,0,12,Debit Card,Quarterly,4,0.30709617646611964,5.236210766953828,-2.7198160345219193,0.3888038506778393,1.1617211093563848,Bronze,2,1,4,7,Occasional Buyer
3146,57,Female,Handbag,Accessories,29,Texas,XL,Purple,Spring,4.6,0,Standard,0,0,16,PayPal,Fortnightly,26,0.5882338749181111,52.01818739458805,2.3996554557680767,0.7696467749836221,0.4846361185983828,Silver,2,2,1,5,At-Risk / One-Timer
3147,21,Female,Shirt,Clothing,83,Virginia,S,Yellow,Winter,4.9,0,Free Shipping,0,0,19,PayPal,Annually,1,0.3163060228077822,1.4014940394320377,0.4712640708417055,0.6551073584077104,1.3827495588122458,Silver,2,1,4,7,Occasional Buyer
3148,45,Female,Sweater,Clothing,99,North Dakota,M,Pink,Winter,4.3,0,Express,0,0,21,Credit Card,Weekly,52,0.9144638386434814,218.98560350602963,0.4712640708417055,0.8988927677286962,1.649303690631474,Silver,3,3,5,11,Champion
3149,37,Female,Shorts,Clothing,35,West Virginia,L,Purple,Fall,4.3,0,Free Shipping,0,0,15,Venmo,Weekly,52,0.8820662950222113,164.36686620566726,0.4712640708417055,0.8924132590044422,0.5830871633545616,Silver,2,3,1,6,Occasional Buyer
3150,18,Female,Belt,Accessories,40,North Carolina,M,Lavender,Winter,4.6,0,Free Shipping,0,0,9,Venmo,Annually,1,0.24578944905222938,0.9127568322910007,2.3996554557680767,0.6050040436565997,0.6684636118598383,Bronze,1,1,2,4,At-Risk / One-Timer
3151,55,Female,Blouse,Clothing,25,Georgia,M,Peach,Spring,2.6,0,Express,0,0,7,Bank Transfer,Bi-Weekly,26,0.5115497212666585,43.333637773003616,0.4712640708417055,0.5143099442533318,0.4164908309675439,Bronze,1,2,1,4,At-Risk / One-Timer
3152,52,Female,T-shirt,Clothing,64,New Mexico,L,Orange,Fall,3.1,0,2-Day Shipping,0,0,47,Bank Transfer,Quarterly,4,0.43998626625794646,7.346692275184336,0.4712640708417055,0.4753818686362047,1.0662165272769124,Platinum,5,1,3,9,Organic Loyalist
3153,49,Female,Belt,Accessories,90,North Carolina,M,Red,Fall,3.1,0,Store Pickup,0,0,17,PayPal,Monthly,12,0.43251036238086904,23.41192175775349,2.3996554557680767,0.5046559186300199,1.5040431266846361,Silver,2,2,5,9,Organic Loyalist
3154,56,Female,Socks,Clothing,88,Alabama,L,Red,Fall,3.1,0,Next Day Air,0,0,46,Venmo,Fortnightly,26,0.6916905744410977,80.72343419496791,0.4712640708417055,0.6103381148882195,1.4660477250057546,Platinum,5,2,5,12,Champion
3155,27,Female,Belt,Accessories,55,Connecticut,M,Gold,Winter,4.4,0,Standard,0,0,32,Cash,Quarterly,4,0.4018672361236636,6.470627833525803,2.3996554557680767,0.6237580626093481,0.9191374663072777,Gold,4,1,3,8,Organic Loyalist
3156,22,Female,Handbag,Accessories,90,Montana,M,Brown,Fall,4.3,0,Free Shipping,0,0,34,Cash,Annually,1,0.37323792571596587,1.6836238454084944,2.3996554557680767,0.594493738989347,1.5040431266846361,Gold,4,1,5,10,Organic Loyalist
3157,18,Female,Shirt,Clothing,50,Montana,M,Black,Winter,3.1,0,2-Day Shipping,0,0,18,Cash,Monthly,12,0.43801083227152526,20.66618661283318,0.4712640708417055,0.5057560126081512,0.8329816619350878,Silver,2,2,2,6,Occasional Buyer
3158,21,Female,Belt,Accessories,34,Maine,L,Red,Fall,3.1,0,Store Pickup,0,0,5,Debit Card,Fortnightly,26,0.48228269883744174,44.58175431844111,2.3996554557680767,0.5684565397674883,0.5681940700808625,Bronze,1,2,1,4,At-Risk / One-Timer
3159,30,Female,Jewelry,Accessories,77,Mississippi,M,Gray,Winter,4.9,0,2-Day Shipping,0,0,44,Credit Card,Monthly,12,0.5257282023835312,27.485336397167792,2.3996554557680767,0.7392994866305526,1.2867924528301888,Platinum,5,2,4,11,Champion
3160,62,Female,Hat,Accessories,89,Louisiana,L,Pink,Winter,2.9,0,Store Pickup,0,0,4,Bank Transfer,Quarterly,4,0.20988825991206111,3.777828886564339,2.3996554557680767,0.4053622673670276,1.4873315363881403,Bronze,1,1,5,7,Occasional Buyer
3161,28,Female,Backpack,Accessories,87,Nebraska,XL,Turquoise,Fall,3.8,0,Next Day Air,0,0,37,Cash,Fortnightly,26,0.6700658675655395,78.00287500138819,2.3996554557680767,0.6900131735131079,1.4539083557951482,Gold,4,2,5,11,Champion
3162,66,Female,Dress,Clothing,77,Massachusetts,S,Charcoal,Winter,4.2,0,2-Day Shipping,0,0,43,Cash,Monthly,12,0.5234419508605727,27.36581001088652,0.4712640708417055,0.6548422363259607,1.2827917593800353,Platinum,5,2,4,11,Champion
3163,66,Female,Shoes,Footwear,85,Wisconsin,L,Blue,Winter,3.9,0,Standard,0,0,28,Bank Transfer,Quarterly,4,0.38872202129983363,6.926011538284449,-2.7198160345219193,0.5611290196445821,1.4106613470756102,Gold,3,1,5,9,Organic Loyalist
3164,49,Female,Pants,Clothing,66,Nebraska,XL,Turquoise,Summer,2.8,0,Express,0,0,36,Cash,Monthly,12,0.5058143409450253,25.521525913843842,0.4712640708417055,0.4833167143428512,1.099535793754316,Gold,4,2,3,9,Organic Loyalist
3165,40,Female,Dress,Clothing,32,Arizona,L,Silver,Winter,2.6,0,Standard,0,0,16,Credit Card,Annually,1,0.2997723364565727,1.0481562411388803,0.4712640708417055,0.37580062113746837,0.5331082636384562,Silver,2,1,1,4,At-Risk / One-Timer
3166,49,Female,Jacket,Outerwear,92,Hawaii,M,Lavender,Spring,3.0,0,Store Pickup,0,0,38,Bank Transfer,Every 3 Months,4,0.4188623015480085,7.594140222790039,3.3361111111111157,0.4591570756942171,1.6091556899157848,Gold,4,1,5,10,Organic Loyalist
3167,19,Female,Shirt,Clothing,80,Georgia,M,Gold,Winter,2.7,0,Next Day Air,0,0,37,Bank Transfer,Fortnightly,26,0.6700658675655395,76.55883001775423,0.4712640708417055,0.558013173513108,1.3327706590961406,Gold,4,2,4,10,Organic Loyalist
3168,24,Female,Dress,Clothing,78,Oregon,M,Blue,Fall,2.8,0,2-Day Shipping,0,0,9,Cash,Bi-Weekly,26,0.5342509875137679,60.693927581830884,0.4712640708417055,0.5428501975027535,1.299451392618737,Bronze,1,2,4,7,Occasional Buyer
3169,31,Female,Jeans,Clothing,24,Montana,M,Orange,Spring,2.9,0,2-Day Shipping,0,0,14,PayPal,Fortnightly,26,0.5755005388401039,48.164084063446865,0.4712640708417055,0.5631001077680208,0.3998311977288422,Silver,2,2,1,5,At-Risk / One-Timer
3170,35,Female,T-shirt,Clothing,59,Georgia,M,White,Fall,3.8,0,Free Shipping,0,0,3,Venmo,Weekly,52,0.7410331475111056,157.77034197279798,0.4712640708417055,0.804206629502221,0.9829183610834037,Bronze,1,3,3,7,Occasional Buyer
3171,65,Female,Sunglasses,Accessories,41,Rhode Island,XL,Charcoal,Spring,4.4,0,Express,0,0,10,Credit Card,Fortnightly,26,0.5439472648879285,52.8604743139186,2.3996554557680767,0.7367894529775857,0.6851752021563342,Bronze,1,2,2,5,At-Risk / One-Timer
3172,68,Female,Jewelry,Accessories,26,Tennessee,M,Maroon,Spring,3.1,0,Express,0,0,26,Bank Transfer,Bi-Weekly,26,0.6352983752456667,54.43983495723033,2.3996554557680767,0.5990596750491333,0.43450134770889487,Gold,3,2,1,6,Occasional Buyer
3173,57,Female,Socks,Clothing,52,Missouri,M,Olive,Fall,3.7,0,Standard,0,0,30,Debit Card,Bi-Weekly,26,0.6493529495208838,67.0311398776236,0.4712640708417055,0.6738705899041768,0.8663009284124914,Gold,3,2,3,8,Organic Loyalist
3174,69,Female,Skirt,Clothing,46,Washington,L,Teal,Summer,4.9,0,Next Day Air,0,0,32,PayPal,Fortnightly,26,0.6557133899698174,65.63942673083808,0.4712640708417055,0.8191426779939636,0.7663431289802809,Gold,4,2,2,8,Organic Loyalist
3175,45,Female,Pants,Clothing,52,Oklahoma,L,Orange,Winter,3.8,0,Store Pickup,0,0,35,PayPal,Monthly,12,0.5030269361364219,23.965965322096025,0.4712640708417055,0.6027592333811306,0.8663009284124914,Gold,4,2,3,9,Organic Loyalist
3176,35,Female,Socks,Clothing,42,Connecticut,M,Maroon,Fall,3.4,0,Store Pickup,0,0,26,Debit Card,Every 3 Months,4,0.3814522213995128,5.738872557037656,0.4712640708417055,0.4996750596645179,0.6997045960254739,Gold,3,1,2,6,Occasional Buyer
3177,36,Female,Sandals,Footwear,37,Arkansas,XL,Turquoise,Spring,4.6,0,2-Day Shipping,0,0,39,Credit Card,Monthly,12,0.513745673486412,22.425529817921795,-2.7198160345219193,0.7009029808511285,0.6140525863740891,Platinum,4,2,2,8,Organic Loyalist
3178,55,Female,Belt,Accessories,52,Missouri,L,Beige,Fall,3.2,0,Standard,0,0,31,Credit Card,Monthly,12,0.4910444072393027,23.39507567108638,2.3996554557680767,0.5283627276017067,0.8690026954177897,Gold,4,2,3,9,Organic Loyalist
3179,66,Female,Sandals,Footwear,34,Washington,L,Beige,Spring,2.7,0,Free Shipping,0,0,28,Credit Card,Annually,1,0.354106636684449,1.2589723442965919,-2.7198160345219193,0.3986674811830436,0.5642645388302441,Gold,3,1,1,5,At-Risk / One-Timer
3180,57,Female,Shorts,Clothing,88,Idaho,M,Olive,Spring,4.3,0,Free Shipping,0,0,12,Debit Card,Bi-Weekly,26,0.5609423303122735,65.46451977421123,0.4712640708417055,0.7281884660624547,1.4660477250057546,Bronze,2,2,5,9,Organic Loyalist
3181,18,Female,Handbag,Accessories,88,Montana,L,Turquoise,Fall,3.8,0,Standard,0,0,46,PayPal,Weekly,52,0.9916905744410976,231.4695957577572,2.3996554557680767,0.8543381148882194,1.4706199460916443,Platinum,5,3,5,13,Champion
3182,31,Female,Jacket,Outerwear,51,Montana,M,Charcoal,Summer,4.4,0,Free Shipping,0,0,27,PayPal,Every 3 Months,4,0.3851520440842412,6.087318379546621,3.3361111111111157,0.6204150242014637,0.8920319585402721,Gold,3,1,2,6,Occasional Buyer
3183,50,Female,Sunglasses,Accessories,97,Georgia,L,Green,Fall,3.6,0,Free Shipping,0,0,4,Credit Card,Annually,1,0.1752728752966765,0.8036204331283445,2.3996554557680767,0.4709007289054891,1.6210242587601078,Bronze,1,1,5,7,Occasional Buyer
3184,50,Female,Sneakers,Footwear,56,Mississippi,M,Green,Winter,3.5,0,Standard,0,0,14,Cash,Every 3 Months,4,0.32165438499395005,5.201860676217329,-2.7198160345219193,0.4997154923834054,0.9293768874851079,Silver,2,1,3,6,Occasional Buyer
3185,61,Female,Sweater,Clothing,53,Hawaii,L,Green,Spring,4.2,0,2-Day Shipping,0,0,30,Venmo,Quarterly,4,0.39550679567473,6.310681193017017,0.4712640708417055,0.5984859745195613,0.8829605616511932,Gold,3,1,3,7,Occasional Buyer
3186,52,Female,Skirt,Clothing,71,Ohio,L,Gold,Fall,4.7,0,Express,0,0,6,PayPal,Annually,1,0.2095035119577509,0.8959765714045883,0.4712640708417055,0.6097468562377041,1.1828339599478248,Bronze,1,1,4,6,Occasional Buyer
3187,38,Female,Jewelry,Accessories,93,Virginia,S,Cyan,Winter,4.8,0,Store Pickup,0,0,43,Venmo,Annually,1,0.39651887393749574,1.8015021310318018,2.3996554557680767,0.659149928633653,1.554177897574124,Platinum,5,1,5,11,Champion
3188,67,Female,Blouse,Clothing,72,Texas,L,Indigo,Winter,3.2,0,Free Shipping,0,0,28,Debit Card,Weekly,52,0.9425681751459875,210.29062735101783,0.4712640708417055,0.7725136350291976,1.1994935931865265,Gold,3,3,4,10,Organic Loyalist
3189,42,Female,Blouse,Clothing,59,Vermont,M,Lavender,Winter,3.5,0,Standard,0,0,39,Bank Transfer,Monthly,12,0.513745673486412,25.241421655250658,0.4712640708417055,0.5689029808511286,0.9829183610834037,Platinum,4,2,3,9,Organic Loyalist
3190,25,Female,Boots,Footwear,87,Kansas,M,Beige,Summer,4.2,0,Store Pickup,0,0,30,PayPal,Bi-Weekly,26,0.6493529495208838,75.5916685284764,-2.7198160345219193,0.7338705899041768,1.4438533787715069,Gold,3,2,5,10,Organic Loyalist
3191,41,Female,Jeans,Clothing,78,California,S,Purple,Fall,3.4,0,Free Shipping,0,0,5,Credit Card,Fortnightly,26,0.48228269883744174,54.79003667064874,0.4712640708417055,0.6044565397674884,1.299451392618737,Bronze,1,2,4,7,Occasional Buyer
3192,62,Female,Hoodie,Clothing,68,Mississippi,XL,Maroon,Winter,4.7,0,Store Pickup,0,0,42,Credit Card,Every 3 Months,4,0.4287954449459535,7.262262330349351,0.4712640708417055,0.6651437043738061,1.1328550602317196,Platinum,5,1,3,9,Organic Loyalist
3193,19,Female,Sweater,Clothing,76,Iowa,S,Maroon,Fall,3.0,0,Free Shipping,0,0,20,Cash,Fortnightly,26,0.6097311755011783,68.8623932363962,0.4712640708417055,0.5819462351002356,1.2661321261413336,Silver,2,2,4,8,Organic Loyalist
3194,63,Female,Gloves,Accessories,99,Virginia,L,Teal,Winter,4.0,0,Express,0,0,35,Credit Card,Fortnightly,26,0.6645653976748835,79.57135565630404,2.3996554557680767,0.7129130795349767,1.6544474393531,Gold,4,2,5,11,Champion
3195,43,Female,Sneakers,Footwear,52,Maryland,L,Gold,Summer,4.6,0,Standard,0,0,10,Credit Card,Bi-Weekly,26,0.5439472648879285,56.150365106766756,-2.7198160345219193,0.7607894529775856,0.8629928240933145,Bronze,1,2,3,6,Occasional Buyer
3196,68,Female,Sunglasses,Accessories,58,Missouri,S,Red,Spring,4.9,0,Next Day Air,0,0,36,Credit Card,Quarterly,4,0.413506648637333,6.744355372490765,2.3996554557680767,0.686085945112082,0.9692722371967656,Gold,4,1,3,8,Organic Loyalist
3197,24,Female,Belt,Accessories,59,Wisconsin,L,Maroon,Winter,2.8,0,Express,0,0,21,Debit Card,Fortnightly,26,0.6144638386434813,65.41149358723345,2.3996554557680767,0.5588927677286962,0.9859838274932615,Silver,3,2,3,8,Organic Loyalist
3198,27,Female,Sweater,Clothing,71,Maine,M,Teal,Spring,3.2,0,Free Shipping,0,0,29,Credit Card,Every 3 Months,4,0.39217095874950286,6.708737008584167,0.4712640708417055,0.47781880713451597,1.1828339599478248,Gold,3,1,4,8,Organic Loyalist
3199,61,Female,Gloves,Accessories,94,Pennsylvania,L,Peach,Winter,2.8,0,Free Shipping,0,0,39,Debit Card,Weekly,52,0.9752841350248735,230.94884203218845,2.3996554557680767,0.7310568270049748,1.57088948787062,Platinum,4,3,5,12,Champion
3200,59,Female,Handbag,Accessories,40,Maine,XL,Pink,Winter,4.2,0,Express,0,0,16,PayPal,Monthly,12,0.4266954133796496,19.01477001741017,2.3996554557680767,0.6354929288297761,0.6684636118598383,Silver,2,2,2,6,Occasional Buyer
3201,67,Female,Socks,Clothing,24,Missouri,L,Black,Spring,4.8,0,Free Shipping,0,0,32,Credit Card,Monthly,12,0.4941749284313559,19.088252764603975,0.4712640708417055,0.7209888318401172,0.3998311977288422,Gold,4,2,1,7,Occasional Buyer
3202,46,Female,Pants,Clothing,38,Vermont,S,Indigo,Fall,2.8,0,2-Day Shipping,0,0,34,Cash,Monthly,12,0.5001610026390428,21.98844799389775,0.4712640708417055,0.4821860466816547,0.6330660630706668,Gold,4,2,2,8,Organic Loyalist
3203,65,Female,Scarf,Accessories,37,Wisconsin,L,Green,Fall,4.5,0,Standard,0,0,38,Venmo,Annually,1,0.3842469169326239,1.3977312669516468,2.3996554557680767,0.6206955372326787,0.6183288409703505,Gold,4,1,2,7,Occasional Buyer
3204,63,Female,Coat,Outerwear,29,New Jersey,L,Teal,Spring,4.1,0,Express,0,0,14,Venmo,Annually,1,0.28703900037856545,0.9762762965224993,3.3361111111111157,0.5532539539218668,0.5072338587778017,Silver,2,1,1,4,At-Risk / One-Timer
3205,57,Female,Jacket,Outerwear,92,New Mexico,XL,Lavender,Fall,4.3,0,Free Shipping,0,0,23,Debit Card,Bi-Weekly,26,0.6233158463485474,73.45626832007929,3.3361111111111157,0.7406631692697094,1.6091556899157848,Silver,3,2,5,10,Organic Loyalist
3206,40,Female,Hoodie,Clothing,24,Colorado,XL,Magenta,Fall,4.4,0,2-Day Shipping,0,0,50,Bank Transfer,Every 3 Months,4,0.4461538461538462,5.744455318226327,0.4712640708417055,0.6326153846153846,0.3998311977288422,Platinum,5,1,1,7,Occasional Buyer
3207,36,Female,Boots,Footwear,52,California,M,Brown,Winter,3.0,0,Free Shipping,0,0,49,PayPal,Monthly,12,0.5364469397335212,25.55821136248538,-2.7198160345219193,0.5134432341005504,0.8629928240933145,Platinum,5,2,3,10,Organic Loyalist
3208,67,Female,Socks,Clothing,29,Arizona,XL,Beige,Summer,2.7,0,Next Day Air,0,0,14,PayPal,Annually,1,0.28703900037856545,0.9762762965224993,0.4712640708417055,0.38525395392186695,0.48312936392235095,Silver,2,1,1,4,At-Risk / One-Timer
3209,61,Female,Jewelry,Accessories,30,Indiana,L,Indigo,Winter,3.3,0,2-Day Shipping,0,0,42,PayPal,Weekly,52,0.9826415987921073,175.46769119604002,2.3996554557680767,0.7925283197584214,0.5013477088948787,Platinum,5,3,1,9,Organic Loyalist
3210,64,Female,Shoes,Footwear,31,Arkansas,L,Peach,Fall,4.3,0,Standard,0,0,39,Debit Card,Annually,1,0.38682259656333506,1.3406249609237644,-2.7198160345219193,0.5972106731588209,0.514476491286399,Platinum,4,1,1,6,Occasional Buyer
3211,30,Female,Socks,Clothing,67,Nevada,M,Magenta,Summer,2.9,0,Express,0,0,43,Venmo,Bi-Weekly,26,0.6849804123990342,75.14728332832324,0.4712640708417055,0.5849960824798068,1.1161954269930177,Platinum,5,2,3,10,Organic Loyalist
3212,53,Female,Pants,Clothing,65,Rhode Island,L,Turquoise,Winter,4.9,0,Standard,0,0,12,Cash,Monthly,12,0.39940386877381195,20.080371753502817,0.4712640708417055,0.7140346199086087,1.0828761605156143,Bronze,2,2,3,7,Occasional Buyer
3213,27,Female,Sneakers,Footwear,22,Wyoming,M,Indigo,Winter,3.6,0,2-Day Shipping,0,0,21,Debit Card,Weekly,52,0.9144638386434814,149.09939599063617,-2.7198160345219193,0.8148927677286963,0.3651123486548638,Silver,3,3,1,7,Occasional Buyer
3214,27,Female,Sunglasses,Accessories,56,Texas,M,Brown,Winter,3.3,0,Standard,0,0,33,Credit Card,Monthly,12,0.4972119871352025,24.1230426596342,2.3996554557680767,0.5415962435808866,0.9358490566037736,Gold,4,2,3,9,Organic Loyalist
3215,53,Female,Skirt,Clothing,78,Washington,M,Yellow,Spring,3.1,0,Free Shipping,0,0,6,Debit Card,Annually,1,0.2095035119577509,0.9154146704080937,0.4712640708417055,0.417746856237704,1.299451392618737,Bronze,1,1,4,6,Occasional Buyer
3216,34,Female,Coat,Outerwear,90,Rhode Island,M,Magenta,Summer,2.7,0,Free Shipping,0,0,10,PayPal,Every 3 Months,4,0.2901011110417747,5.234421418375559,3.3361111111111157,0.39740483759297035,1.574174044482833,Bronze,1,1,5,7,Occasional Buyer
3217,39,Female,Hoodie,Clothing,85,Illinois,S,Olive,Winter,3.4,0,Next Day Air,0,0,18,Cash,Weekly,52,0.8995492938099867,208.35905816592185,0.4712640708417055,0.7879098587619974,1.4160688252896494,Silver,2,3,5,10,Organic Loyalist
3218,44,Female,Sunglasses,Accessories,58,Oregon,M,Silver,Fall,3.4,0,Express,0,0,46,Venmo,Weekly,52,0.9916905744410976,210.27008340270132,2.3996554557680767,0.8063381148882195,0.9692722371967656,Platinum,5,3,3,11,Champion
3219,37,Female,Skirt,Clothing,34,Florida,M,Teal,Fall,3.9,0,Express,0,0,49,PayPal,Monthly,12,0.5364469397335212,22.887067047282034,0.4712640708417055,0.6214432341005505,0.5664275301158598,Platinum,5,2,1,8,Organic Loyalist
3220,57,Female,Coat,Outerwear,40,Kansas,L,White,Summer,3.5,0,2-Day Shipping,0,0,39,Credit Card,Weekly,52,0.9752841350248735,188.33297188826862,3.3361111111111157,0.8150568270049747,0.6996329086590369,Platinum,4,3,2,9,Organic Loyalist
3221,38,Female,Handbag,Accessories,29,North Dakota,M,Blue,Fall,4.1,0,Free Shipping,0,0,16,Cash,Monthly,12,0.4266954133796496,17.415303873049382,2.3996554557680767,0.623492928829776,0.4846361185983828,Silver,2,2,1,5,At-Risk / One-Timer
3222,21,Female,T-shirt,Clothing,76,New Hampshire,M,Yellow,Winter,3.2,0,Standard,0,0,28,Cash,Annually,1,0.354106636684449,1.5381703283442825,0.4712640708417055,0.4586674811830437,1.2661321261413336,Gold,3,1,4,8,Organic Loyalist
3223,45,Female,Sunglasses,Accessories,84,Texas,S,Maroon,Fall,4.6,0,Store Pickup,0,0,22,PayPal,Quarterly,4,0.3651399364659534,6.488757590141049,2.3996554557680767,0.6404126026778061,1.4037735849056605,Silver,3,1,4,8,Organic Loyalist
3224,68,Female,Shirt,Clothing,65,Montana,S,Gray,Spring,3.9,0,Standard,0,0,36,Venmo,Bi-Weekly,26,0.6673528024834868,72.6954236717687,0.4712640708417055,0.7014705604966973,1.0828761605156143,Gold,4,2,3,9,Organic Loyalist
3225,37,Female,Hoodie,Clothing,80,Delaware,L,Indigo,Winter,2.7,0,Free Shipping,0,0,18,PayPal,Monthly,12,0.43801083227152526,23.097795979355705,0.4712640708417055,0.45775601260815124,1.3327706590961406,Silver,2,2,4,8,Organic Loyalist
3226,53,Female,Blouse,Clothing,98,New Hampshire,M,Pink,Fall,3.0,0,Store Pickup,0,0,31,Credit Card,Weekly,52,0.9525828687777642,227.6160873593806,0.4712640708417055,0.7505165737555529,1.6326440573927723,Gold,4,3,5,12,Champion
3227,57,Female,Sneakers,Footwear,71,Minnesota,XL,Beige,Spring,3.3,0,Next Day Air,0,0,38,Bank Transfer,Fortnightly,26,0.6727084553941624,74.80068593815577,-2.7198160345219193,0.6305416910788325,1.1783171252043332,Gold,4,2,4,10,Organic Loyalist
3228,28,Female,Scarf,Accessories,69,Alaska,XL,White,Fall,2.7,0,Free Shipping,0,0,42,Debit Card,Quarterly,4,0.4287954449459535,7.2869416306612855,2.3996554557680767,0.4251437043738061,1.1530997304582211,Platinum,5,1,4,10,Organic Loyalist
3229,37,Female,Jewelry,Accessories,95,Connecticut,M,Yellow,Spring,4.6,0,2-Day Shipping,0,0,27,PayPal,Annually,1,0.3505366594688566,1.5999713676898524,2.3996554557680767,0.625953485739925,1.587601078167116,Gold,3,1,5,9,Organic Loyalist
3230,54,Female,Pants,Clothing,67,Connecticut,M,Teal,Fall,2.7,0,Express,0,0,24,Cash,Monthly,12,0.4659303659779684,23.591961231834734,0.4712640708417055,0.46333991934943985,1.1161954269930177,Silver,3,2,3,8,Organic Loyalist
3231,49,Female,Sneakers,Footwear,49,Kansas,M,Olive,Summer,2.5,0,Next Day Air,0,0,38,Debit Card,Annually,1,0.3842469169326239,1.5031827788052625,-2.7198160345219193,0.3806955372326786,0.8132047765494694,Gold,4,1,2,7,Occasional Buyer
3232,62,Female,Shoes,Footwear,97,Nevada,M,Maroon,Winter,4.4,0,Free Shipping,0,0,9,Credit Card,Annually,1,0.24578944905222938,1.1269366305048292,-2.7198160345219193,0.5810040436565997,1.6098135372509905,Bronze,1,1,5,7,Occasional Buyer
3233,45,Female,T-shirt,Clothing,34,Massachusetts,M,White,Spring,4.0,0,Next Day Air,0,0,19,Bank Transfer,Monthly,12,0.4432290997308591,18.910004646285696,0.4712640708417055,0.614799666100018,0.5664275301158598,Silver,2,2,1,5,At-Risk / One-Timer
3234,45,Female,Belt,Accessories,74,Indiana,M,Lavender,Fall,3.8,0,Express,0,0,11,Debit Card,Bi-Weekly,26,0.5527992725929946,62.05431150338609,2.3996554557680767,0.6665598545185989,1.236657681940701,Bronze,2,2,4,8,Organic Loyalist
3235,49,Female,Jewelry,Accessories,96,Washington,M,Black,Winter,2.5,0,2-Day Shipping,0,0,16,Debit Card,Quarterly,4,0.3343877210719573,6.11890871465844,2.3996554557680767,0.38226215959900683,1.604312668463612,Silver,2,1,5,8,Organic Loyalist
3236,27,Female,Belt,Accessories,68,Kansas,M,Green,Summer,4.0,0,Free Shipping,0,0,18,Venmo,Monthly,12,0.43801083227152526,22.25501416805909,2.3996554557680767,0.6137560126081513,1.136388140161725,Silver,2,2,3,7,Occasional Buyer
3237,63,Female,Belt,Accessories,84,South Carolina,L,Olive,Fall,4.1,0,Next Day Air,0,0,8,Cash,Monthly,12,0.3619937886253162,19.298545918535414,2.3996554557680767,0.6105526038789093,1.4037735849056605,Bronze,1,2,4,7,Occasional Buyer
3238,61,Female,T-shirt,Clothing,57,Vermont,M,Gray,Summer,2.8,0,Express,0,0,4,Cash,Weekly,52,0.7637344137582149,161.25720323743215,0.4712640708417055,0.688746882751643,0.9495990946060002,Bronze,1,3,3,7,Occasional Buyer
3239,25,Female,Sneakers,Footwear,84,Wyoming,XL,Teal,Fall,3.4,0,2-Day Shipping,0,0,37,Cash,Quarterly,4,0.41621971371938576,7.396476136525877,-2.7198160345219193,0.5066285581284925,1.3940653312276619,Gold,4,1,4,9,Organic Loyalist
3240,33,Female,Sunglasses,Accessories,32,Colorado,M,Charcoal,Fall,2.7,0,2-Day Shipping,0,0,30,Cash,Monthly,12,0.48781448798242233,20.46776454988127,2.3996554557680767,0.4677167437503306,0.5347708894878707,Gold,3,2,1,6,Occasional Buyer
3241,56,Female,Sandals,Footwear,37,West Virginia,M,Violet,Fall,3.8,0,2-Day Shipping,0,0,37,Bank Transfer,Monthly,12,0.5085274060270781,22.197747048067914,-2.7198160345219193,0.6038593273592618,0.6140525863740891,Gold,4,2,2,8,Organic Loyalist
3242,50,Female,Handbag,Accessories,58,Connecticut,M,Lavender,Summer,4.4,0,Store Pickup,0,0,30,PayPal,Quarterly,4,0.39550679567473,6.450775074731522,2.3996554557680767,0.6224859745195613,0.9692722371967656,Gold,3,1,3,7,Occasional Buyer
3243,45,Female,Socks,Clothing,74,Oregon,S,Beige,Fall,2.8,0,Express,0,0,17,Venmo,Weekly,52,0.8940488239193305,200.722348850027,0.4712640708417055,0.7148097647838662,1.23281285966393,Silver,2,3,4,9,Organic Loyalist
3244,45,Female,Hoodie,Clothing,99,Idaho,L,Black,Summer,5.0,0,Store Pickup,0,0,11,Bank Transfer,Every 3 Months,4,0.2989531187468407,5.506919957844434,0.4712640708417055,0.6751752391339836,1.649303690631474,Bronze,2,1,5,8,Organic Loyalist
3245,65,Female,Sweater,Clothing,81,Arkansas,M,Black,Fall,4.7,0,Express,0,0,42,Credit Card,Annually,1,0.3941800603305689,1.7370408587465025,0.4712640708417055,0.6466821659122677,1.3494302923348425,Platinum,5,1,4,10,Organic Loyalist
3246,63,Female,Pants,Clothing,76,Kansas,M,Purple,Fall,3.2,0,Next Day Air,0,0,20,Cash,Weekly,52,0.9097311755011782,205.48815105370986,0.4712640708417055,0.7659462351002357,1.2661321261413336,Silver,2,3,4,9,Organic Loyalist
3247,70,Female,Sneakers,Footwear,98,Michigan,M,Magenta,Summer,2.9,0,Store Pickup,0,0,37,Cash,Monthly,12,0.5085274060270781,28.040932533269746,-2.7198160345219193,0.49585932735926175,1.6264095530989389,Gold,4,2,5,11,Champion
3248,53,Female,Gloves,Accessories,91,Arkansas,M,Teal,Summer,3.7,0,Express,0,0,12,PayPal,Fortnightly,26,0.5609423303122735,65.948028161322,2.3996554557680767,0.6561884660624547,1.5207547169811322,Bronze,2,2,5,9,Organic Loyalist
3249,22,Female,T-shirt,Clothing,79,Pennsylvania,S,Teal,Summer,4.2,0,Free Shipping,0,0,41,Bank Transfer,Quarterly,4,0.42640159541057726,7.474012592626343,0.4712640708417055,0.6046649344667308,1.3161110258574389,Platinum,5,1,4,10,Organic Loyalist
3250,26,Female,Backpack,Accessories,83,Virginia,M,Pink,Summer,3.4,0,Express,0,0,32,Credit Card,Quarterly,4,0.4018672361236636,7.1224004028858445,2.3996554557680767,0.5037580626093481,1.3870619946091645,Gold,4,1,4,9,Organic Loyalist
3251,23,Female,Coat,Outerwear,90,Minnesota,M,Teal,Spring,2.9,0,2-Day Shipping,0,0,15,Venmo,Weekly,52,0.8820662950222113,206.90161087850998,3.3361111111111157,0.7244132590044423,1.574174044482833,Silver,2,3,5,10,Organic Loyalist
3252,25,Female,Coat,Outerwear,20,Nevada,M,Gold,Winter,3.7,0,Standard,0,0,39,Venmo,Quarterly,4,0.42143798117871967,5.132309559229895,3.3361111111111157,0.5436722116203594,0.34981645432951847,Platinum,4,1,1,6,Occasional Buyer
3253,69,Female,Sandals,Footwear,21,Montana,L,Brown,Spring,2.7,0,Store Pickup,0,0,48,Credit Card,Fortnightly,26,0.6959301008385788,55.929886642811496,-2.7198160345219193,0.5631860201677158,0.34851633280691546,Platinum,5,2,1,8,Organic Loyalist
3254,36,Female,Backpack,Accessories,60,Nebraska,M,Brown,Fall,3.2,0,2-Day Shipping,0,0,8,Venmo,Fortnightly,26,0.5235322501637778,55.95655115050307,2.3996554557680767,0.5887064500327556,1.0026954177897573,Bronze,1,2,3,6,Occasional Buyer
3255,21,Female,Sweater,Clothing,31,Indiana,S,Magenta,Winter,4.9,0,Store Pickup,0,0,11,Bank Transfer,Every 3 Months,4,0.2989531187468407,4.144370227579503,0.4712640708417055,0.6631752391339836,0.5164486303997545,Bronze,2,1,1,4,At-Risk / One-Timer
3256,57,Female,Shorts,Clothing,40,New Jersey,M,Black,Fall,2.8,0,Next Day Air,0,0,36,Bank Transfer,Monthly,12,0.5058143409450253,22.54053608966274,0.4712640708417055,0.4833167143428512,0.6663853295480703,Gold,4,2,2,8,Organic Loyalist
3257,60,Female,Sunglasses,Accessories,26,Wisconsin,L,Teal,Winter,4.7,0,Free Shipping,0,0,50,Venmo,Every 3 Months,4,0.4461538461538462,5.88180117625388,2.3996554557680767,0.6686153846153846,0.43450134770889487,Platinum,5,1,1,7,Occasional Buyer
3258,44,Female,Shirt,Clothing,98,Minnesota,M,Brown,Fall,3.3,0,Express,0,0,39,Venmo,Every 3 Months,4,0.42143798117871967,7.746232131659929,0.4712640708417055,0.4956722116203593,1.6326440573927723,Platinum,4,1,5,10,Organic Loyalist
3259,31,Female,Shoes,Footwear,51,New Jersey,M,Magenta,Spring,4.3,0,Express,0,0,11,Credit Card,Bi-Weekly,26,0.5527992725929946,56.79036099020575,-2.7198160345219193,0.726559854518599,0.8463968082453661,Bronze,2,2,2,6,Occasional Buyer
3260,57,Female,Hat,Accessories,95,Oklahoma,XL,Indigo,Fall,3.7,0,2-Day Shipping,0,0,5,Debit Card,Every 3 Months,4,0.2284365449912879,4.170655723984583,2.3996554557680767,0.505071924382873,1.587601078167116,Bronze,1,1,5,7,Occasional Buyer
3261,39,Female,Scarf,Accessories,36,Wisconsin,M,Violet,Summer,4.5,0,2-Day Shipping,0,0,7,Credit Card,Annually,1,0.22308818280512005,0.8055531153902572,2.3996554557680767,0.5884637904071779,0.6016172506738545,Bronze,1,1,2,4,At-Risk / One-Timer
3262,48,Female,Belt,Accessories,52,Rhode Island,L,Cyan,Winter,3.4,0,Store Pickup,0,0,50,Debit Card,Weekly,52,1.0,206.45517950471034,2.3996554557680767,0.808,0.8690026954177897,Platinum,5,3,3,11,Champion
3263,42,Female,T-shirt,Clothing,35,Indiana,M,Violet,Spring,2.7,0,Standard,0,0,21,Cash,Every 3 Months,4,0.36061768479732753,5.1691212120536765,0.4712640708417055,0.4115081523440809,0.5830871633545616,Silver,3,1,1,5,At-Risk / One-Timer
3264,56,Female,Shorts,Clothing,68,Vermont,S,Black,Fall,4.4,0,Express,0,0,31,Debit Card,Fortnightly,26,0.6525828687777642,71.84073960649745,0.4712640708417055,0.7585165737555528,1.1328550602317196,Gold,4,2,3,9,Organic Loyalist
3265,28,Female,Pants,Clothing,50,Maine,S,Charcoal,Winter,4.0,0,Express,0,0,39,Cash,Bi-Weekly,26,0.6752841350248735,69.03258625803468,0.4712640708417055,0.7150568270049746,0.8329816619350878,Platinum,4,2,2,8,Organic Loyalist
3266,40,Female,Sunglasses,Accessories,100,Alabama,M,White,Winter,3.2,0,Express,0,0,28,Credit Card,Fortnightly,26,0.6425681751459875,77.10376878322288,2.3996554557680767,0.6125136350291975,1.6711590296495957,Gold,3,2,5,10,Organic Loyalist
3267,49,Female,Coat,Outerwear,74,Alabama,S,Gray,Winter,4.2,0,Next Day Air,0,0,33,Bank Transfer,Weekly,52,0.958750448673664,215.24847063179973,3.3361111111111157,0.8957500897347328,1.2943208810192182,Gold,4,3,4,11,Champion
3268,37,Female,Hoodie,Clothing,45,Idaho,L,Pink,Winter,3.0,0,Store Pickup,0,0,42,Credit Card,Quarterly,4,0.4287954449459535,6.566815964584153,0.4712640708417055,0.4611437043738061,0.7496834957415791,Platinum,5,1,2,8,Organic Loyalist
3269,22,Female,Dress,Clothing,97,Arkansas,M,Cyan,Fall,2.8,0,Free Shipping,0,0,5,Bank Transfer,Every 3 Months,4,0.2284365449912879,4.189496518899689,0.4712640708417055,0.3970719243828729,1.6159844241540704,Bronze,1,1,5,7,Occasional Buyer
3270,27,Female,Blouse,Clothing,60,Ohio,M,Blue,Winter,4.9,0,Express,0,0,25,Cash,Monthly,12,0.4699204425293648,23.181403985216672,0.4712640708417055,0.7281379346597192,0.9995779943221055,Silver,3,2,3,8,Organic Loyalist
3271,59,Female,Socks,Clothing,25,Illinois,M,Indigo,Winter,4.7,0,Express,0,0,48,PayPal,Annually,1,0.40746856237704027,1.3275719124332253,0.4712640708417055,0.6493398663215619,0.4164908309675439,Platinum,5,1,1,7,Occasional Buyer
3272,35,Female,Socks,Clothing,55,Nevada,XL,Magenta,Spring,4.4,0,Standard,0,0,30,Credit Card,Weekly,52,0.9493529495208839,198.71693402383113,0.4712640708417055,0.9178705899041768,0.9162798281285967,Gold,3,3,3,9,Organic Loyalist
3273,58,Female,Shoes,Footwear,99,Texas,M,Lavender,Winter,3.1,0,Next Day Air,0,0,34,PayPal,Quarterly,4,0.40785331033135047,7.512935619977937,-2.7198160345219193,0.4689552774508855,1.6430055689468872,Gold,4,1,5,10,Organic Loyalist
3274,58,Female,Belt,Accessories,45,Nevada,S,Orange,Summer,2.6,0,Free Shipping,0,0,34,PayPal,Every 3 Months,4,0.40785331033135047,6.246096270518888,2.3996554557680767,0.4089552774508855,0.7520215633423181,Gold,4,1,2,7,Occasional Buyer
3275,46,Female,Sweater,Clothing,20,Oklahoma,M,Cyan,Spring,3.9,0,Store Pickup,0,0,14,Cash,Fortnightly,26,0.5755005388401039,45.555231888936035,0.4712640708417055,0.6831001077680208,0.33319266477403514,Silver,2,2,1,5,At-Risk / One-Timer
3276,43,Female,Pants,Clothing,88,Alabama,XL,Green,Summer,2.6,0,2-Day Shipping,0,0,2,Debit Card,Weekly,52,0.7117661250818889,166.13268442086584,0.4712640708417055,0.6543532250163778,1.4660477250057546,Bronze,1,3,5,9,Organic Loyalist
3277,39,Female,Scarf,Accessories,99,South Dakota,M,White,Summer,4.0,0,Store Pickup,0,0,41,PayPal,Every 3 Months,4,0.42640159541057726,7.854607657770188,2.3996554557680767,0.5806649344667308,1.6544474393531,Platinum,5,1,5,11,Champion
3278,59,Female,Skirt,Clothing,86,Texas,M,Blue,Spring,4.9,0,Store Pickup,0,0,3,Credit Card,Monthly,12,0.27949468597264415,14.978371046472539,0.4712640708417055,0.6900527833483752,1.432728458528351,Bronze,1,2,5,8,Organic Loyalist
3279,59,Female,Dress,Clothing,70,Montana,M,Black,Summer,3.3,0,2-Day Shipping,0,0,18,Bank Transfer,Weekly,52,0.8995492938099867,199.39351500278894,0.4712640708417055,0.7759098587619974,1.1661743267091231,Silver,2,3,4,9,Organic Loyalist
3280,59,Female,Hat,Accessories,50,Wyoming,S,Red,Fall,3.0,0,Express,0,0,1,Debit Card,Fortnightly,26,0.3705165737555528,37.87697061307317,2.3996554557680767,0.5341033147511105,0.8355795148247979,Bronze,1,2,2,5,At-Risk / One-Timer
3281,45,Female,Handbag,Accessories,57,New York,L,Red,Winter,2.7,0,Next Day Air,0,0,5,PayPal,Monthly,12,0.3207442372989802,15.628364358164237,2.3996554557680767,0.4343026936136422,0.9525606469002695,Bronze,1,2,3,6,Occasional Buyer
3282,27,Female,Pants,Clothing,69,Oregon,L,Gold,Winter,3.1,0,Free Shipping,0,0,41,Bank Transfer,Annually,1,0.39178621079519266,1.6645018524639235,0.4712640708417055,0.4542033960051924,1.1495146934704212,Platinum,5,1,4,10,Organic Loyalist
3283,24,Female,T-shirt,Clothing,94,California,M,Red,Fall,4.8,0,Next Day Air,0,0,5,Credit Card,Monthly,12,0.3207442372989802,17.527557244198395,0.4712640708417055,0.686302693613642,1.5660055244379651,Bronze,1,2,5,8,Organic Loyalist
3284,47,Female,Jacket,Outerwear,24,North Carolina,L,Purple,Spring,2.9,0,Express,0,0,10,Debit Card,Every 3 Months,4,0.2901011110417747,3.7351978123990963,3.3361111111111157,0.4214048375929703,0.41977974519542216,Bronze,1,1,1,3,At-Risk / One-Timer
3285,70,Female,Scarf,Accessories,79,Kentucky,L,White,Spring,4.5,0,2-Day Shipping,0,0,20,Venmo,Annually,1,0.3212696370396398,1.407812106419712,2.3996554557680767,0.6081000812540818,1.3202156334231807,Silver,2,1,4,7,Occasional Buyer
3286,58,Female,Hat,Accessories,31,Hawaii,XL,Magenta,Fall,4.6,0,Free Shipping,0,0,11,Cash,Weekly,52,0.8527992725929945,153.69000695916566,2.3996554557680767,0.9225598545185989,0.5180592991913747,Bronze,2,3,1,6,Occasional Buyer
3287,45,Female,Jacket,Outerwear,67,Illinois,L,Pink,Winter,5.0,0,Express,0,0,4,Venmo,Fortnightly,26,0.46373441375821495,50.875004232210934,3.3361111111111157,0.792746882751643,1.1718851220038868,Bronze,1,2,3,6,Occasional Buyer
3288,24,Female,Skirt,Clothing,63,West Virginia,L,Black,Spring,4.3,0,2-Day Shipping,0,0,38,Credit Card,Weekly,52,0.9727084553941623,210.35979848934426,0.4712640708417055,0.9105416910788324,1.0495568940382107,Gold,4,3,3,10,Organic Loyalist
3289,67,Female,Handbag,Accessories,61,South Carolina,XL,White,Spring,4.9,0,Next Day Air,0,0,19,Credit Card,Bi-Weekly,26,0.6047675612693206,64.89488192393641,2.3996554557680767,0.8089535122538642,1.0194070080862534,Silver,2,2,3,7,Occasional Buyer
3290,31,Female,Backpack,Accessories,50,Montana,M,Maroon,Summer,4.0,0,2-Day Shipping,0,0,16,Venmo,Every 3 Months,4,0.3343877210719573,5.259016851915975,2.3996554557680767,0.5622621595990068,0.8355795148247979,Silver,2,1,2,5,At-Risk / One-Timer
3291,52,Female,Coat,Outerwear,82,North Dakota,L,Black,Spring,3.1,0,Free Shipping,0,0,2,PayPal,Monthly,12,0.25022766354342735,13.268593930317135,3.3361111111111157,0.4681993788625316,1.4342474627510255,Bronze,1,2,4,7,Occasional Buyer
3292,29,Female,Belt,Accessories,51,New Mexico,L,Olive,Fall,2.6,0,2-Day Shipping,0,0,11,Cash,Monthly,12,0.39126081105453303,18.551601864075582,2.3996554557680767,0.43640600836475274,0.8522911051212938,Bronze,2,2,2,6,Occasional Buyer
3293,62,Female,Handbag,Accessories,23,Missouri,L,Gray,Spring,4.9,0,Standard,0,0,18,Bank Transfer,Fortnightly,26,0.5995492938099868,49.54039817155609,2.3996554557680767,0.8079098587619974,0.384366576819407,Silver,2,2,1,5,At-Risk / One-Timer
3294,19,Female,Coat,Outerwear,91,West Virginia,M,Gold,Spring,3.5,0,2-Day Shipping,0,0,47,Credit Card,Fortnightly,26,0.6938324201041003,81.5714513019383,3.3361111111111157,0.65876648402082,1.591664867199309,Platinum,5,2,5,12,Champion
3295,62,Female,Sweater,Clothing,60,South Carolina,S,Magenta,Spring,4.5,0,Store Pickup,0,0,15,Bank Transfer,Bi-Weekly,26,0.5820662950222113,62.21282910499801,0.4712640708417055,0.7564132590044423,0.9995779943221055,Silver,2,2,3,7,Occasional Buyer
3296,70,Female,Blouse,Clothing,34,West Virginia,S,Lavender,Summer,2.8,0,Next Day Air,0,0,15,Cash,Weekly,52,0.8820662950222113,163.07473998984315,0.4712640708417055,0.7124132590044423,0.5664275301158598,Silver,2,3,1,6,Occasional Buyer
3297,20,Female,Blouse,Clothing,23,Alaska,M,Green,Spring,4.2,0,Next Day Air,0,0,47,Venmo,Quarterly,4,0.43998626625794646,5.593200155126231,0.4712640708417055,0.6073818686362047,0.38317156449014045,Platinum,5,1,1,7,Occasional Buyer
3298,67,Female,Belt,Accessories,82,West Virginia,M,Violet,Fall,4.1,0,Free Shipping,0,0,47,PayPal,Monthly,12,0.5322939585656388,28.225465912735736,2.3996554557680767,0.6446126378669739,1.3703504043126684,Platinum,5,2,4,11,Champion
3299,65,Female,Jacket,Outerwear,73,New Mexico,M,Brown,Fall,3.5,0,Express,0,0,6,Bank Transfer,Every 3 Months,4,0.2441188965731355,4.202814485327806,3.3361111111111157,0.4842083946992425,1.2768300583027423,Bronze,1,1,4,6,Occasional Buyer
3300,45,Female,Shorts,Clothing,32,South Dakota,L,Teal,Spring,4.0,0,2-Day Shipping,0,0,18,Venmo,Monthly,12,0.43801083227152526,18.378098244499373,0.4712640708417055,0.6137560126081513,0.5331082636384562,Silver,2,2,1,5,At-Risk / One-Timer
3301,26,Female,Hat,Accessories,80,Oklahoma,M,Charcoal,Spring,4.0,0,Express,0,0,40,Bank Transfer,Bi-Weekly,26,0.677796211082861,77.44206565766478,2.3996554557680767,0.7155592422165722,1.3369272237196765,Platinum,4,2,4,10,Organic Loyalist
3302,36,Female,Pants,Clothing,58,Oklahoma,XL,Charcoal,Summer,2.5,0,Free Shipping,0,0,31,Credit Card,Fortnightly,26,0.6525828687777642,69.1842081500114,0.4712640708417055,0.5305165737555528,0.9662587278447019,Gold,4,2,3,9,Organic Loyalist
3303,36,Female,Blouse,Clothing,82,Alabama,XL,Beige,Winter,4.2,0,Standard,0,0,31,Venmo,Bi-Weekly,26,0.6525828687777642,74.97515169319716,0.4712640708417055,0.7345165737555528,1.3660899255735441,Gold,4,2,4,10,Organic Loyalist
3304,20,Female,Belt,Accessories,60,Mississippi,S,Turquoise,Summer,3.4,0,Next Day Air,0,0,4,Credit Card,Fortnightly,26,0.46373441375821495,49.56519571734584,2.3996554557680767,0.600746882751643,1.0026954177897573,Bronze,1,2,3,6,Occasional Buyer
3305,30,Female,Handbag,Accessories,79,Mississippi,XL,Orange,Fall,4.8,0,Next Day Air,0,0,36,Bank Transfer,Every 3 Months,4,0.413506648637333,7.247988591774109,2.3996554557680767,0.674085945112082,1.3202156334231807,Gold,4,1,4,9,Organic Loyalist
3306,34,Female,Hoodie,Clothing,41,Nebraska,L,Cyan,Summer,4.9,0,Standard,0,0,31,PayPal,Bi-Weekly,26,0.6525828687777642,63.41761821311414,0.4712640708417055,0.8185165737555529,0.6830449627867721,Gold,4,2,2,8,Organic Loyalist
3307,63,Female,Jacket,Outerwear,39,Colorado,L,Orange,Summer,3.6,0,Store Pickup,0,0,6,Venmo,Fortnightly,26,0.49796505041928935,47.7602591273217,3.3361111111111157,0.6315930100838579,0.682142085942561,Bronze,1,2,2,5,At-Risk / One-Timer
3308,18,Female,Scarf,Accessories,36,Pennsylvania,S,Green,Winter,4.0,0,Store Pickup,0,0,1,Cash,Monthly,12,0.2089781122170913,9.05523370506324,2.3996554557680767,0.5679494685972645,0.6016172506738545,Bronze,1,2,2,5,At-Risk / One-Timer
3309,55,Female,Jeans,Clothing,70,Utah,M,Pink,Fall,2.6,0,Express,0,0,29,Cash,Monthly,12,0.4844786510571952,24.782128760611528,0.4712640708417055,0.4550495763652852,1.1661743267091231,Gold,3,2,4,9,Organic Loyalist
3310,48,Female,Handbag,Accessories,47,Massachusetts,M,Blue,Summer,3.1,0,Store Pickup,0,0,19,PayPal,Monthly,12,0.4432290997308591,20.589947267302755,2.3996554557680767,0.506799666100018,0.78544474393531,Silver,2,2,2,6,Occasional Buyer
3311,45,Female,Jacket,Outerwear,27,Iowa,M,Pink,Winter,3.6,0,Free Shipping,0,0,12,PayPal,Fortnightly,26,0.5609423303122735,48.59853863838341,3.3361111111111157,0.6441884660624547,0.4722522133448499,Bronze,2,2,1,5,At-Risk / One-Timer
3312,29,Female,Hat,Accessories,52,Florida,L,Blue,Summer,4.0,0,Express,0,0,18,Bank Transfer,Annually,1,0.31108775534844835,1.2351091994650254,2.3996554557680767,0.5460637049158434,0.8690026954177897,Silver,2,1,3,6,Occasional Buyer
3313,55,Female,Sneakers,Footwear,75,Louisiana,L,Black,Summer,3.9,0,Next Day Air,0,0,45,Cash,Quarterly,4,0.43565651022150625,7.54684869491628,-2.7198160345219193,0.5705159174289166,1.2447011885961266,Platinum,5,1,4,10,Organic Loyalist
3314,55,Female,Hat,Accessories,30,Kansas,XL,Black,Fall,3.9,0,Express,0,0,45,Credit Card,Monthly,12,0.5279642025291986,21.75626779093767,2.3996554557680767,0.6197466866596859,0.5013477088948787,Platinum,5,2,1,8,Organic Loyalist
3315,55,Female,Socks,Clothing,94,Kansas,M,Violet,Spring,3.3,0,Standard,0,0,8,Credit Card,Quarterly,4,0.2696860963176239,4.912469128027141,0.4712640708417055,0.46532183464814014,1.5660055244379651,Bronze,1,1,5,7,Occasional Buyer
3316,48,Female,Scarf,Accessories,68,Kentucky,S,Gold,Summer,2.9,0,Standard,0,0,4,PayPal,Every 3 Months,4,0.20988825991206111,3.554756986129033,2.3996554557680767,0.4053622673670276,1.136388140161725,Bronze,1,1,3,5,At-Risk / One-Timer
3317,42,Female,Socks,Clothing,45,New Mexico,M,Olive,Summer,3.1,0,Free Shipping,0,0,5,Debit Card,Fortnightly,26,0.48228269883744174,48.00867514506733,0.4712640708417055,0.5684565397674883,0.7496834957415791,Bronze,1,2,2,5,At-Risk / One-Timer
3318,21,Female,Hat,Accessories,67,North Carolina,XL,Pink,Summer,4.7,0,Standard,0,0,30,Cash,Quarterly,4,0.39550679567473,6.675375887196142,2.3996554557680767,0.6584859745195614,1.1196765498652292,Gold,3,1,3,7,Occasional Buyer
3319,45,Female,Jacket,Outerwear,46,North Dakota,M,Olive,Summer,3.9,0,Free Shipping,0,0,15,PayPal,Monthly,12,0.42052783348374984,19.429130754477434,3.3361111111111157,0.5982594128505961,0.8045778449578924,Silver,2,2,2,6,Occasional Buyer
3320,23,Female,Shorts,Clothing,31,North Dakota,M,Indigo,Summer,4.3,0,Next Day Air,0,0,17,Credit Card,Every 3 Months,4,0.3402026700731767,4.716210431603755,0.4712640708417055,0.5994251493992507,0.5164486303997545,Silver,2,1,1,4,At-Risk / One-Timer
3321,66,Female,Blouse,Clothing,44,Illinois,XL,Silver,Fall,4.2,0,2-Day Shipping,0,0,45,Cash,Every 3 Months,4,0.43565651022150625,6.633589183537791,0.4712640708417055,0.6065159174289165,0.7330238625028773,Platinum,5,1,2,8,Organic Loyalist
3322,32,Female,Coat,Outerwear,100,Maine,S,Charcoal,Winter,4.3,0,Next Day Air,0,0,3,Venmo,Annually,1,0.15257160904956724,0.7041363632121413,3.3361111111111157,0.5503604756560673,1.7490822716475922,Bronze,1,1,5,7,Occasional Buyer
3323,52,Female,Sweater,Clothing,92,Indiana,XL,Orange,Winter,4.6,0,Next Day Air,0,0,43,PayPal,Weekly,52,0.9849804123990342,232.1551293362989,0.4712640708417055,0.9489960824798068,1.5326862579605618,Platinum,5,3,5,13,Champion
3324,54,Female,Handbag,Accessories,78,North Dakota,M,Yellow,Winter,3.8,0,Free Shipping,0,0,4,Credit Card,Monthly,12,0.3021959522197534,15.845153453409939,2.3996554557680767,0.5625930365977969,1.3035040431266847,Bronze,1,2,4,7,Occasional Buyer
3325,37,Female,T-shirt,Clothing,32,Missouri,S,Red,Fall,3.3,0,Standard,0,0,41,Venmo,Weekly,52,0.9802477492567311,178.22707070410624,0.4712640708417055,0.7920495498513462,0.5331082636384562,Platinum,5,3,1,9,Organic Loyalist
3326,29,Female,Sandals,Footwear,97,Alaska,M,Maroon,Fall,3.7,0,2-Day Shipping,0,0,16,Venmo,Monthly,12,0.4266954133796496,23.476615123723075,-2.7198160345219193,0.5754929288297761,1.6098135372509905,Silver,2,2,5,9,Organic Loyalist
3327,47,Female,Gloves,Accessories,95,North Dakota,M,Magenta,Summer,4.3,0,Standard,0,0,10,Debit Card,Annually,1,0.25548572642639006,1.1661258133601398,2.3996554557680767,0.5709432991314318,1.587601078167116,Bronze,1,1,5,7,Occasional Buyer
3328,47,Female,Shorts,Clothing,64,Connecticut,M,Black,Spring,4.1,0,Express,0,0,2,Debit Card,Quarterly,4,0.15791997123573503,2.6368764703549497,0.4712640708417055,0.5389686096317623,1.0662165272769124,Bronze,1,1,3,5,At-Risk / One-Timer
3329,42,Female,Sandals,Footwear,35,Wisconsin,M,Violet,Spring,3.2,0,Free Shipping,0,0,11,Cash,Bi-Weekly,26,0.5527992725929946,51.5051332250457,-2.7198160345219193,0.5945598545185989,0.5808605546781924,Bronze,2,2,1,5,At-Risk / One-Timer
3330,34,Female,Backpack,Accessories,54,New Jersey,M,Gray,Winter,3.8,0,Express,0,0,1,Debit Card,Bi-Weekly,26,0.3705165737555528,38.60436740392079,2.3996554557680767,0.6301033147511105,0.9024258760107817,Bronze,1,2,3,6,Occasional Buyer
3331,38,Female,Sneakers,Footwear,96,Missouri,M,Black,Spring,3.2,0,2-Day Shipping,0,0,41,Bank Transfer,Quarterly,4,0.42640159541057726,7.802656239104502,-2.7198160345219193,0.48466493446673087,1.5932175214030422,Platinum,5,1,5,11,Champion
3332,55,Female,Sunglasses,Accessories,58,California,M,Pink,Summer,3.5,0,Free Shipping,0,0,39,PayPal,Quarterly,4,0.42143798117871967,6.873716594161054,2.3996554557680767,0.5196722116203594,0.9692722371967656,Platinum,4,1,3,8,Organic Loyalist
3333,27,Female,T-shirt,Clothing,23,Washington,M,Silver,Summer,3.1,0,2-Day Shipping,0,0,1,PayPal,Bi-Weekly,26,0.3705165737555528,30.615562027212025,0.4712640708417055,0.5461033147511105,0.38317156449014045,Bronze,1,2,1,4,At-Risk / One-Timer
3334,55,Female,Jeans,Clothing,35,Minnesota,M,Violet,Spring,4.2,0,Express,0,0,3,PayPal,Monthly,12,0.27949468597264415,12.018894004569765,0.4712640708417055,0.6060527833483751,0.5830871633545616,Bronze,1,2,1,4,At-Risk / One-Timer
3335,66,Female,Shirt,Clothing,23,California,M,Beige,Summer,3.4,0,Free Shipping,0,0,21,Credit Card,Annually,1,0.32600230018194293,1.0360528587954645,0.4712640708417055,0.4770466138825424,0.38317156449014045,Silver,3,1,1,5,At-Risk / One-Timer
3336,44,Female,Hat,Accessories,94,Texas,XL,Cyan,Winter,3.5,0,Express,0,0,48,Bank Transfer,Quarterly,4,0.44208394699242487,8.052783481425449,2.3996554557680767,0.5238014047831003,1.57088948787062,Platinum,5,1,5,11,Champion
3337,39,Female,Blouse,Clothing,45,Montana,M,Brown,Fall,4.0,0,Free Shipping,0,0,24,Debit Card,Annually,1,0.33900728905489147,1.297937340587102,0.4712640708417055,0.551647611657132,0.7496834957415791,Silver,3,1,2,6,Occasional Buyer
3338,23,Female,Jacket,Outerwear,23,Arizona,L,Blue,Winter,4.4,0,2-Day Shipping,0,0,45,Bank Transfer,Bi-Weekly,26,0.68950266406766,56.97319114695883,3.3361111111111157,0.765900532813532,0.4022889224789462,Platinum,5,2,1,8,Organic Loyalist
3339,29,Female,Skirt,Clothing,94,Minnesota,L,White,Winter,2.9,0,2-Day Shipping,0,0,46,Credit Card,Monthly,12,0.5301521129026361,28.970969471766182,0.4712640708417055,0.5001842687343734,1.5660055244379651,Platinum,5,2,5,12,Champion
3340,20,Female,Gloves,Accessories,99,Nebraska,M,Cyan,Fall,3.6,0,Store Pickup,0,0,35,Cash,Fortnightly,26,0.6645653976748835,79.57135565630404,2.3996554557680767,0.6649130795349767,1.6544474393531,Gold,4,2,5,11,Champion
3341,42,Female,T-shirt,Clothing,36,Virginia,XL,Maroon,Fall,4.4,0,Free Shipping,0,0,47,Credit Card,Fortnightly,26,0.6938324201041003,65.1396697673069,0.4712640708417055,0.76676648402082,0.5997467965932632,Platinum,5,2,2,9,Organic Loyalist
3342,55,Female,Jacket,Outerwear,50,Connecticut,XL,Olive,Summer,4.5,0,Standard,0,0,35,Credit Card,Monthly,12,0.5030269361364219,23.733770417423592,3.3361111111111157,0.6867592333811307,0.8745411358237961,Gold,4,2,2,8,Organic Loyalist
3343,66,Female,Jacket,Outerwear,81,New Jersey,M,Violet,Spring,3.8,0,Free Shipping,0,0,45,Credit Card,Weekly,52,0.9895026640676601,226.74394261824304,3.3361111111111157,0.853900532813532,1.4167566400345497,Platinum,5,3,4,12,Champion
3344,24,Female,Shorts,Clothing,31,Kentucky,XL,Green,Winter,3.6,0,2-Day Shipping,0,0,6,Cash,Bi-Weekly,26,0.49796505041928935,44.87119919301779,0.4712640708417055,0.6315930100838579,0.5164486303997545,Bronze,1,2,1,4,At-Risk / One-Timer
3345,62,Female,Hat,Accessories,48,Washington,XL,Magenta,Fall,4.3,0,Free Shipping,0,0,20,Cash,Annually,1,0.3212696370396398,1.2503236945975036,2.3996554557680767,0.5841000812540817,0.802156334231806,Silver,2,1,2,5,At-Risk / One-Timer
3346,28,Female,Handbag,Accessories,91,Florida,M,Turquoise,Summer,4.0,0,2-Day Shipping,0,0,3,Venmo,Bi-Weekly,26,0.44103314751110567,51.85072486140825,2.3996554557680767,0.6682066295022211,1.5207547169811322,Bronze,1,2,5,8,Organic Loyalist
3347,30,Female,Jeans,Clothing,99,Oklahoma,M,Black,Summer,3.4,0,Express,0,0,30,Venmo,Quarterly,4,0.39550679567473,7.285504415187803,0.4712640708417055,0.5024859745195613,1.649303690631474,Gold,3,1,5,9,Organic Loyalist
3348,22,Female,Shoes,Footwear,70,Iowa,XL,Cyan,Summer,4.4,0,Standard,0,0,28,PayPal,Bi-Weekly,26,0.6425681751459875,71.21562317537098,-2.7198160345219193,0.7565136350291976,1.1617211093563848,Gold,3,2,4,9,Organic Loyalist
3349,28,Female,T-shirt,Clothing,74,New Hampshire,L,Gray,Winter,2.8,0,Standard,0,0,15,Cash,Every 3 Months,4,0.3282201411760575,5.668346232603352,0.4712640708417055,0.41702864361982683,1.23281285966393,Silver,2,1,4,7,Occasional Buyer
3350,35,Female,Jewelry,Accessories,79,Georgia,M,Red,Fall,2.8,0,Store Pickup,0,0,29,PayPal,Quarterly,4,0.39217095874950286,6.874014346343654,2.3996554557680767,0.4298188071345159,1.3202156334231807,Gold,3,1,4,8,Organic Loyalist
3351,45,Female,Handbag,Accessories,33,Mississippi,S,Olive,Fall,4.9,0,2-Day Shipping,0,0,15,Cash,Bi-Weekly,26,0.5820662950222113,53.36696574237367,2.3996554557680767,0.8044132590044424,0.5514824797843666,Silver,2,2,1,5,At-Risk / One-Timer
3352,43,Female,Shirt,Clothing,49,New Hampshire,L,Cyan,Spring,4.2,0,2-Day Shipping,0,0,18,Bank Transfer,Fortnightly,26,0.5995492938099868,60.981716387094544,0.4712640708417055,0.7239098587619973,0.8163220286963861,Silver,2,2,2,6,Occasional Buyer
3353,55,Female,Belt,Accessories,96,Washington,M,Teal,Summer,2.9,0,Next Day Air,0,0,7,Bank Transfer,Bi-Weekly,26,0.5115497212666585,60.84499527415213,2.3996554557680767,0.5503099442533317,1.604312668463612,Bronze,1,2,5,8,Organic Loyalist
3354,31,Female,Dress,Clothing,66,Ohio,L,Teal,Fall,4.6,0,Free Shipping,0,0,19,Credit Card,Every 3 Months,4,0.3509214074231668,5.902066607113918,0.4712640708417055,0.6375688968692488,1.099535793754316,Silver,2,1,3,6,Occasional Buyer
3355,42,Female,Skirt,Clothing,45,Maryland,M,Orange,Fall,2.8,0,Next Day Air,0,0,15,PayPal,Weekly,52,0.8820662950222113,175.61000764162966,0.4712640708417055,0.7124132590044423,0.7496834957415791,Silver,2,3,2,7,Occasional Buyer
3356,40,Female,Blouse,Clothing,28,Delaware,M,Peach,Spring,2.6,0,Store Pickup,0,0,3,Bank Transfer,Bi-Weekly,26,0.44103314751110567,38.61231604099885,0.4712640708417055,0.5002066295022212,0.4664697306836492,Bronze,1,2,1,4,At-Risk / One-Timer
3357,39,Female,Jeans,Clothing,48,Tennessee,M,Silver,Summer,3.5,0,Store Pickup,0,0,13,PayPal,Bi-Weekly,26,0.5684816241748422,57.523136425730236,0.4712640708417055,0.6336963248349685,0.7996623954576844,Bronze,2,2,2,6,Occasional Buyer
3358,41,Female,Hoodie,Clothing,67,Arkansas,M,Pink,Winter,3.5,0,Free Shipping,0,0,37,Credit Card,Monthly,12,0.5085274060270781,25.748823696293698,0.4712640708417055,0.5678593273592618,1.1161954269930177,Gold,4,2,3,9,Organic Loyalist
3359,56,Female,T-shirt,Clothing,59,Tennessee,M,Magenta,Fall,3.4,0,2-Day Shipping,0,0,26,Cash,Annually,1,0.3468368367841282,1.4200695166654094,0.4712640708417055,0.48121352120297944,0.9829183610834037,Gold,3,1,3,7,Occasional Buyer
3360,43,Female,Sunglasses,Accessories,74,New Hampshire,L,Red,Fall,3.9,0,Next Day Air,0,0,29,Debit Card,Monthly,12,0.4844786510571952,25.10076980641855,2.3996554557680767,0.6110495763652852,1.236657681940701,Gold,3,2,4,9,Organic Loyalist
3361,22,Female,Jacket,Outerwear,81,Minnesota,M,Maroon,Spring,3.3,0,2-Day Shipping,0,0,47,Cash,Every 3 Months,4,0.43998626625794646,7.755583792203309,3.3361111111111157,0.49938186863620465,1.4167566400345497,Platinum,5,1,4,10,Organic Loyalist
3362,47,Female,Shoes,Footwear,26,Florida,M,Silver,Spring,4.1,0,Free Shipping,0,0,47,Credit Card,Bi-Weekly,26,0.6938324201041003,59.45572019421052,-2.7198160345219193,0.73076648402082,0.43149641204665723,Platinum,5,2,1,8,Organic Loyalist
3363,50,Female,Handbag,Accessories,61,Tennessee,M,Gray,Summer,3.0,0,Next Day Air,0,0,48,Venmo,Fortnightly,26,0.6959301008385788,74.6771232677287,2.3996554557680767,0.5991860201677157,1.0194070080862534,Platinum,5,2,3,10,Organic Loyalist
3364,58,Female,Sweater,Clothing,23,California,M,Turquoise,Winter,3.0,0,Next Day Air,0,0,46,Bank Transfer,Bi-Weekly,26,0.6916905744410977,57.15397686747064,0.4712640708417055,0.5983381148882195,0.38317156449014045,Platinum,5,2,1,8,Organic Loyalist
3365,50,Female,Scarf,Accessories,33,Oregon,M,Peach,Fall,3.2,0,Standard,0,0,7,Credit Card,Monthly,12,0.350011259728197,14.81119067372026,2.3996554557680767,0.5001560980994856,0.5514824797843666,Bronze,1,2,1,4,At-Risk / One-Timer
3366,43,Female,Skirt,Clothing,58,Tennessee,L,Teal,Fall,3.9,0,Express,0,0,45,Credit Card,Every 3 Months,4,0.43565651022150625,7.105622932437947,0.4712640708417055,0.5705159174289166,0.9662587278447019,Platinum,5,1,3,9,Organic Loyalist
3367,38,Female,Gloves,Accessories,65,North Carolina,M,Red,Spring,3.6,0,2-Day Shipping,0,0,47,Debit Card,Quarterly,4,0.43998626625794646,7.373562187416427,2.3996554557680767,0.5353818686362046,1.0862533692722371,Platinum,5,1,3,9,Organic Loyalist
3368,44,Female,T-shirt,Clothing,48,Tennessee,M,Blue,Summer,3.1,0,Store Pickup,0,0,6,Venmo,Fortnightly,26,0.49796505041928935,50.38775276525827,0.4712640708417055,0.5715930100838579,0.7996623954576844,Bronze,1,2,2,5,At-Risk / One-Timer
3369,30,Female,Sandals,Footwear,25,Nebraska,M,Blue,Spring,4.8,0,Express,0,0,29,Bank Transfer,Every 3 Months,4,0.39217095874950286,5.110923372057283,-2.7198160345219193,0.6698188071345159,0.4149003961987089,Gold,3,1,1,5,At-Risk / One-Timer
3370,47,Female,Sweater,Clothing,51,Maine,M,Indigo,Winter,3.8,0,2-Day Shipping,0,0,42,Cash,Monthly,12,0.5211031372536459,24.708065973678526,0.4712640708417055,0.6063744736045753,0.8496412951737896,Platinum,5,2,2,9,Organic Loyalist
3371,30,Female,Belt,Accessories,31,Illinois,M,Charcoal,Summer,2.8,0,Store Pickup,0,0,46,Cash,Fortnightly,26,0.6916905744410977,62.32763829418566,2.3996554557680767,0.5743381148882195,0.5180592991913747,Platinum,5,2,1,8,Organic Loyalist
3372,49,Female,Hoodie,Clothing,99,Colorado,S,Turquoise,Winter,4.0,0,Next Day Air,0,0,28,PayPal,Annually,1,0.354106636684449,1.6307213259197417,0.4712640708417055,0.5546674811830437,1.649303690631474,Gold,3,1,5,9,Organic Loyalist
3373,56,Female,Socks,Clothing,25,Pennsylvania,M,Maroon,Winter,4.6,0,Free Shipping,0,0,14,Credit Card,Every 3 Months,4,0.32165438499395005,4.19192415275287,0.4712640708417055,0.6317154923834054,0.4164908309675439,Silver,2,1,1,4,At-Risk / One-Timer
3374,70,Female,Sandals,Footwear,52,Minnesota,M,Purple,Spring,3.5,0,Store Pickup,0,0,12,Debit Card,Every 3 Months,4,0.30709617646611964,4.877045864424841,-2.7198160345219193,0.4968038506778393,0.8629928240933145,Bronze,2,1,3,6,Occasional Buyer
3375,22,Female,Blouse,Clothing,47,Nevada,S,Lavender,Spring,3.7,0,2-Day Shipping,0,0,41,Debit Card,Annually,1,0.39178621079519266,1.516683175290122,0.4712640708417055,0.5262033960051924,0.7830027622189826,Platinum,5,1,2,8,Organic Loyalist
3376,51,Female,Boots,Footwear,98,Connecticut,XL,Yellow,Fall,4.9,0,Express,0,0,8,Credit Card,Annually,1,0.2350707117022393,1.0801780935282252,-2.7198160345219193,0.6388602961866018,1.6264095530989389,Bronze,1,1,5,7,Occasional Buyer
3377,22,Female,Hat,Accessories,46,Ohio,M,Green,Winter,4.1,0,Store Pickup,0,0,24,Cash,Quarterly,4,0.3736226736702761,5.7540097639044525,2.3996554557680767,0.5821091501186706,0.768733153638814,Silver,3,1,2,6,Occasional Buyer
3378,37,Female,Shirt,Clothing,32,Kentucky,M,Yellow,Winter,4.6,0,Next Day Air,0,0,18,PayPal,Fortnightly,26,0.5995492938099868,54.50454462124119,0.4712640708417055,0.7719098587619972,0.5331082636384562,Silver,2,2,1,5,At-Risk / One-Timer
3379,49,Female,Shorts,Clothing,75,Minnesota,L,Gold,Fall,4.5,0,Next Day Air,0,0,6,Cash,Quarterly,4,0.2441188965731355,4.228855377532754,0.4712640708417055,0.6042083946992425,1.2494724929026317,Bronze,1,1,4,6,Occasional Buyer
3380,61,Female,Handbag,Accessories,51,Tennessee,L,Turquoise,Summer,5.0,0,Store Pickup,0,0,40,Cash,Weekly,52,0.9777962110828611,200.90257912888146,2.3996554557680767,0.9955592422165722,0.8522911051212938,Platinum,4,3,2,9,Organic Loyalist
3381,41,Female,Dress,Clothing,52,North Dakota,L,Blue,Summer,3.8,0,Standard,0,0,6,PayPal,Every 3 Months,4,0.2441188965731355,3.876893124038347,0.4712640708417055,0.5202083946992424,0.8663009284124914,Bronze,1,1,3,5,At-Risk / One-Timer
3382,57,Female,Hat,Accessories,66,Minnesota,L,Turquoise,Winter,4.7,0,Standard,0,0,27,Credit Card,Quarterly,4,0.3851520440842412,6.477783828417412,2.3996554557680767,0.6564150242014637,1.1029649595687332,Gold,3,1,3,7,Occasional Buyer
3383,34,Female,Sweater,Clothing,35,Nebraska,M,Maroon,Spring,2.8,0,Express,0,0,2,Bank Transfer,Weekly,52,0.7117661250818889,132.6326242270884,0.4712640708417055,0.6783532250163778,0.5830871633545616,Bronze,1,3,1,5,At-Risk / One-Timer
3384,27,Female,Coat,Outerwear,43,Delaware,M,Pink,Fall,2.6,0,Next Day Air,0,0,39,Venmo,Bi-Weekly,26,0.6752841350248735,66.44048381647522,3.3361111111111157,0.5470568270049747,0.7521053768084647,Platinum,4,2,2,8,Organic Loyalist
3385,39,Female,Hoodie,Clothing,24,Minnesota,L,Maroon,Summer,3.8,0,Free Shipping,0,0,9,Venmo,Quarterly,4,0.28040483366761404,3.6103533610754868,0.4712640708417055,0.5274655821181382,0.3998311977288422,Bronze,1,1,1,3,At-Risk / One-Timer
3386,62,Female,Jewelry,Accessories,83,Rhode Island,M,Olive,Winter,2.8,0,Standard,0,0,16,Credit Card,Every 3 Months,4,0.3343877210719573,5.926442927410243,2.3996554557680767,0.4182621595990068,1.3870619946091645,Silver,2,1,4,7,Occasional Buyer
3387,34,Female,T-shirt,Clothing,62,Michigan,M,Lavender,Fall,2.6,0,2-Day Shipping,0,0,36,Cash,Quarterly,4,0.413506648637333,6.852855022252465,0.4712640708417055,0.41008594511208196,1.032897260799509,Gold,4,1,3,8,Organic Loyalist
3388,53,Female,Pants,Clothing,78,New Jersey,S,Pink,Spring,3.4,0,2-Day Shipping,0,0,2,Credit Card,Bi-Weekly,26,0.41176612508188887,46.77895588490088,0.4712640708417055,0.5903532250163778,1.299451392618737,Bronze,1,2,4,7,Occasional Buyer
3389,35,Female,Sweater,Clothing,61,South Dakota,M,Cyan,Spring,4.5,0,Store Pickup,0,0,21,Credit Card,Weekly,52,0.9144638386434814,196.2539879219836,0.4712640708417055,0.9228927677286962,1.0162376275608072,Silver,3,3,3,9,Organic Loyalist
3390,38,Female,Pants,Clothing,57,North Carolina,L,Maroon,Fall,3.8,0,Free Shipping,0,0,39,Venmo,Annually,1,0.38682259656333506,1.570671108537011,0.4712640708417055,0.5372106731588209,0.9495990946060002,Platinum,4,1,3,8,Organic Loyalist
3391,32,Female,Socks,Clothing,70,Oregon,S,Red,Summer,3.0,0,Next Day Air,0,0,38,PayPal,Annually,1,0.3842469169326239,1.637921600623862,0.4712640708417055,0.4406955372326786,1.1661743267091231,Gold,4,1,4,9,Organic Loyalist
3392,47,Female,Hoodie,Clothing,57,Montana,M,Silver,Fall,3.7,0,2-Day Shipping,0,0,6,Debit Card,Every 3 Months,4,0.2441188965731355,3.964923469330769,0.4712640708417055,0.5082083946992425,0.9495990946060002,Bronze,1,1,3,5,At-Risk / One-Timer
3393,53,Female,Scarf,Accessories,74,New Jersey,XL,Blue,Winter,4.4,0,Free Shipping,0,0,6,Venmo,Bi-Weekly,26,0.49796505041928935,55.898912839686574,2.3996554557680767,0.7275930100838579,1.236657681940701,Bronze,1,2,4,7,Occasional Buyer
3394,60,Female,Dress,Clothing,90,Arizona,M,Gold,Fall,3.1,0,Next Day Air,0,0,50,Debit Card,Monthly,12,0.5384615384615385,29.147092195955032,0.4712640708417055,0.5258461538461539,1.4993669914831582,Platinum,5,2,5,12,Champion
3395,31,Female,Sandals,Footwear,98,Vermont,S,Yellow,Spring,4.2,0,Store Pickup,0,0,9,PayPal,Annually,1,0.24578944905222938,1.1294319762935436,-2.7198160345219193,0.5570040436565997,1.6264095530989389,Bronze,1,1,5,7,Occasional Buyer
3396,44,Female,Dress,Clothing,43,Colorado,M,Silver,Winter,3.1,0,Free Shipping,0,0,15,Debit Card,Every 3 Months,4,0.3282201411760575,4.9681890235265005,0.4712640708417055,0.45302864361982687,0.7163642292641755,Silver,2,1,2,5,At-Risk / One-Timer
3397,29,Female,Pants,Clothing,37,Tennessee,XL,Black,Winter,5.0,0,Next Day Air,0,0,5,PayPal,Quarterly,4,0.2284365449912879,3.3238304577440907,0.4712640708417055,0.661071924382873,0.616406429831965,Bronze,1,1,2,4,At-Risk / One-Timer
3398,19,Female,Blouse,Clothing,38,New Jersey,L,Yellow,Summer,2.7,0,Standard,0,0,13,Bank Transfer,Bi-Weekly,26,0.5684816241748422,54.14935434626743,0.4712640708417055,0.5376963248349684,0.6330660630706668,Bronze,2,2,2,6,Occasional Buyer
3399,54,Female,Jeans,Clothing,60,Montana,L,Pink,Winter,3.8,0,Standard,0,0,44,Cash,Fortnightly,26,0.6872666639219928,73.45693072729708,0.4712640708417055,0.6934533327843985,0.9995779943221055,Platinum,5,2,3,10,Organic Loyalist
3400,40,Female,Pants,Clothing,55,Montana,XL,Yellow,Winter,3.3,0,Standard,0,0,36,Debit Card,Annually,1,0.3788912640219484,1.525170590235528,0.4712640708417055,0.4756244066505435,0.9162798281285967,Gold,4,1,3,8,Organic Loyalist
3401,39,Female,Sunglasses,Accessories,51,Nevada,M,Lavender,Fall,4.8,0,Free Shipping,0,0,18,Venmo,Fortnightly,26,0.5995492938099868,61.593099909812665,2.3996554557680767,0.7959098587619973,0.8522911051212938,Silver,2,2,2,6,Occasional Buyer
3402,44,Female,Backpack,Accessories,71,Nevada,L,Peach,Winter,3.4,0,Standard,0,0,39,Credit Card,Weekly,52,0.9752841350248735,216.89016006708732,2.3996554557680767,0.8030568270049747,1.186522911051213,Platinum,4,3,4,11,Champion
3403,22,Female,Hoodie,Clothing,61,Louisiana,M,Black,Spring,4.4,0,2-Day Shipping,0,0,11,PayPal,Every 3 Months,4,0.2989531187468407,4.935278783586219,0.4712640708417055,0.6031752391339835,1.0162376275608072,Bronze,2,1,3,6,Occasional Buyer
3404,30,Female,Boots,Footwear,65,Illinois,M,Olive,Summer,3.9,0,Standard,0,0,1,Cash,Bi-Weekly,26,0.3705165737555528,40.360749526092725,-2.7198160345219193,0.6421033147511105,1.0787410301166431,Bronze,1,2,3,6,Occasional Buyer
3405,69,Female,Gloves,Accessories,34,South Carolina,L,Olive,Fall,3.9,0,2-Day Shipping,0,0,34,Credit Card,Annually,1,0.37323792571596587,1.326990735668589,2.3996554557680767,0.5464937389893469,0.5681940700808625,Gold,4,1,1,6,Occasional Buyer
3406,28,Female,Blouse,Clothing,87,Washington,M,White,Summer,4.2,0,Store Pickup,0,0,47,Bank Transfer,Bi-Weekly,26,0.6938324201041003,80.76955737787553,0.4712640708417055,0.74276648402082,1.449388091767053,Platinum,5,2,5,12,Champion
3407,57,Female,Sweater,Clothing,79,Nebraska,M,Red,Spring,4.0,0,Store Pickup,0,0,24,Venmo,Quarterly,4,0.3736226736702761,6.54889802936487,0.4712640708417055,0.5701091501186706,1.3161110258574389,Silver,3,1,4,8,Organic Loyalist
3408,46,Female,Dress,Clothing,46,Alabama,S,Purple,Spring,2.6,0,Store Pickup,0,0,20,Cash,Quarterly,4,0.3558850216550244,5.480839450438498,0.4712640708417055,0.39856161971562026,0.7663431289802809,Silver,2,1,2,5,At-Risk / One-Timer
3409,48,Female,Socks,Clothing,72,Montana,L,Purple,Summer,4.4,0,Standard,0,0,11,Bank Transfer,Annually,1,0.2643377341314561,1.1341303270560792,0.4712640708417055,0.5847137006724451,1.1994935931865265,Bronze,2,1,4,7,Occasional Buyer
3410,24,Female,Shirt,Clothing,93,Minnesota,M,Teal,Summer,3.2,0,Next Day Air,0,0,3,Credit Card,Every 3 Months,4,0.18718699366495184,3.401782766507136,0.4712640708417055,0.43682201411760574,1.5493458911992635,Bronze,1,1,5,7,Occasional Buyer
3411,50,Female,Sandals,Footwear,76,Ohio,L,Teal,Summer,4.3,0,Free Shipping,0,0,38,Bank Transfer,Bi-Weekly,26,0.6727084553941624,75.97498053256747,-2.7198160345219193,0.7505416910788325,1.261297204444075,Gold,4,2,4,10,Organic Loyalist
3412,29,Female,Shoes,Footwear,56,New York,L,Gray,Winter,4.9,0,2-Day Shipping,0,0,45,Cash,Weekly,52,0.9895026640676601,208.03172002518974,-2.7198160345219193,0.9859005328135321,0.9293768874851079,Platinum,5,3,3,11,Champion
3413,61,Female,Sandals,Footwear,83,Indiana,M,Magenta,Fall,3.8,0,Store Pickup,0,0,31,Venmo,Quarterly,4,0.3987367149316104,7.066917339338307,-2.7198160345219193,0.5511319583709374,1.3774693153797135,Gold,4,1,4,9,Organic Loyalist
3414,34,Female,Gloves,Accessories,90,Delaware,XL,Black,Winter,2.5,0,Express,0,0,16,PayPal,Bi-Weekly,26,0.5882338749181111,68.98944953496972,2.3996554557680767,0.5176467749836222,1.5040431266846361,Silver,2,2,5,9,Organic Loyalist
3415,27,Female,Boots,Footwear,94,Connecticut,M,Maroon,Spring,4.9,0,Next Day Air,0,0,3,Bank Transfer,Quarterly,4,0.18718699366495184,3.409706099436004,-2.7198160345219193,0.6408220141176058,1.5600254897071453,Bronze,1,1,5,7,Occasional Buyer
3416,38,Female,Blouse,Clothing,68,New York,M,Gold,Fall,3.0,0,2-Day Shipping,0,0,15,Bank Transfer,Annually,1,0.2936047565606729,1.2431538095342403,0.4712640708417055,0.42256710515828844,1.1328550602317196,Silver,2,1,3,6,Occasional Buyer
3417,25,Female,Sandals,Footwear,53,Alabama,M,Purple,Spring,3.2,0,Store Pickup,0,0,11,Bank Transfer,Every 3 Months,4,0.2989531187468407,4.770076885407131,-2.7198160345219193,0.45917523913398356,0.8795888399412628,Bronze,2,1,3,6,Occasional Buyer
3418,54,Female,Coat,Outerwear,35,Massachusetts,M,Blue,Summer,2.9,0,2-Day Shipping,0,0,22,Debit Card,Fortnightly,26,0.6189860903121072,57.671857809132845,3.3361111111111157,0.5717972180624213,0.6121787950766573,Silver,3,2,1,6,Occasional Buyer
3419,53,Female,Jacket,Outerwear,30,South Carolina,M,Beige,Summer,2.8,0,Free Shipping,0,0,35,Debit Card,Annually,1,0.37610385921334505,1.2915358400961099,3.3361111111111157,0.4150669256888228,0.5247246814942776,Gold,4,1,1,6,Occasional Buyer
3420,23,Female,Jewelry,Accessories,26,West Virginia,L,Indigo,Winter,3.1,0,Store Pickup,0,0,5,Venmo,Bi-Weekly,26,0.48228269883744174,41.3276525652771,2.3996554557680767,0.5684565397674883,0.43450134770889487,Bronze,1,2,1,4,At-Risk / One-Timer
3421,19,Female,Hat,Accessories,60,Kentucky,M,Purple,Winter,3.4,0,Express,0,0,35,PayPal,Bi-Weekly,26,0.6645653976748835,71.03055763272617,2.3996554557680767,0.6409130795349767,1.0026954177897573,Gold,4,2,3,9,Organic Loyalist
3422,57,Female,Shoes,Footwear,30,New Jersey,M,Maroon,Summer,2.9,0,Free Shipping,0,0,27,PayPal,Weekly,52,0.938998197930395,167.67440542983454,-2.7198160345219193,0.7357996395860791,0.49788047543845065,Gold,3,3,1,7,Occasional Buyer
3423,19,Female,Coat,Outerwear,91,New York,L,Beige,Winter,3.2,0,Next Day Air,0,0,9,Venmo,Monthly,12,0.37271252597530635,20.223926909738807,3.3361111111111157,0.5046963513489074,1.591664867199309,Bronze,1,2,5,8,Organic Loyalist
3424,33,Female,Boots,Footwear,71,Massachusetts,M,Brown,Spring,3.8,0,Next Day Air,0,0,21,PayPal,Bi-Weekly,26,0.6144638386434813,68.32427368226524,-2.7198160345219193,0.6788927677286962,1.1783171252043332,Silver,3,2,4,9,Organic Loyalist
3425,33,Female,Scarf,Accessories,64,Florida,L,Green,Summer,3.6,0,2-Day Shipping,0,0,23,Credit Card,Monthly,12,0.4617773848100859,23.131651640123057,2.3996554557680767,0.5705093231158633,1.0695417789757413,Silver,3,2,3,8,Organic Loyalist
3426,38,Female,Hat,Accessories,54,Michigan,M,Blue,Summer,4.3,0,Next Day Air,0,0,3,Debit Card,Bi-Weekly,26,0.44103314751110567,45.95153596302832,2.3996554557680767,0.7042066295022211,0.9024258760107817,Bronze,1,2,3,6,Occasional Buyer
3427,47,Female,Socks,Clothing,35,Oregon,XL,Magenta,Fall,4.8,0,2-Day Shipping,0,0,31,Credit Card,Annually,1,0.3641213303162258,1.304835683084028,0.4712640708417055,0.6526704199093989,0.5830871633545616,Gold,4,1,1,6,Occasional Buyer
3428,39,Female,T-shirt,Clothing,38,Michigan,XL,Turquoise,Winter,2.5,0,Store Pickup,0,0,44,Cash,Annually,1,0.3988051254604543,1.4610471619168421,0.4712640708417055,0.3836071789382447,0.6330660630706668,Platinum,5,1,2,8,Organic Loyalist
3429,32,Female,Jewelry,Accessories,69,Washington,M,Gray,Fall,2.5,0,Next Day Air,0,0,20,Venmo,Monthly,12,0.4481927139627167,22.849735353501497,2.3996554557680767,0.4357923889463895,1.1530997304582211,Silver,2,2,4,8,Organic Loyalist
3430,27,Female,Skirt,Clothing,96,Alaska,S,Purple,Winter,4.6,0,Express,0,0,34,Debit Card,Weekly,52,0.9616994641775043,228.77384903326978,0.4712640708417055,0.9443398928355009,1.5993247909153687,Gold,4,3,5,12,Champion
3431,67,Female,Socks,Clothing,73,Montana,M,Lavender,Winter,4.2,0,Next Day Air,0,0,17,Bank Transfer,Every 3 Months,4,0.3402026700731767,5.85701774750726,0.4712640708417055,0.5874251493992507,1.2161532264252284,Silver,2,1,4,7,Occasional Buyer
3432,46,Female,Belt,Accessories,49,New Mexico,S,Green,Summer,4.2,0,Express,0,0,20,Venmo,Annually,1,0.3212696370396398,1.2568142110446212,2.3996554557680767,0.5721000812540817,0.8188679245283019,Silver,2,1,2,5,At-Risk / One-Timer
3433,36,Female,Boots,Footwear,44,Connecticut,M,Gray,Summer,4.8,0,2-Day Shipping,0,0,46,PayPal,Every 3 Months,4,0.43784442059494383,6.666903728935967,-2.7198160345219193,0.6789534995036042,0.7302246973097276,Platinum,5,1,2,8,Organic Loyalist
3434,62,Female,Socks,Clothing,93,Alaska,M,Yellow,Spring,4.5,0,Free Shipping,0,0,28,PayPal,Annually,1,0.354106636684449,1.6088108348156371,0.4712640708417055,0.6146674811830437,1.5493458911992635,Gold,3,1,5,9,Organic Loyalist
3435,31,Female,Pants,Clothing,72,Ohio,S,Orange,Summer,3.3,0,2-Day Shipping,0,0,6,Venmo,Fortnightly,26,0.49796505041928935,55.54897015026774,0.4712640708417055,0.5955930100838579,1.1994935931865265,Bronze,1,2,4,7,Occasional Buyer
3436,68,Female,Socks,Clothing,91,Montana,M,Beige,Summer,2.7,0,2-Day Shipping,0,0,50,Debit Card,Bi-Weekly,26,0.7,82.29655210229252,0.4712640708417055,0.5640000000000001,1.51602662472186,Platinum,5,2,5,12,Champion
3437,57,Female,Belt,Accessories,83,Nebraska,L,Peach,Winter,2.8,0,2-Day Shipping,0,0,41,Bank Transfer,Monthly,12,0.5187092877182695,27.5796699088579,2.3996554557680767,0.4858957036975,1.3870619946091645,Platinum,5,2,4,11,Champion
3438,22,Female,Jacket,Outerwear,62,Oklahoma,S,Green,Winter,3.5,0,2-Day Shipping,0,0,50,PayPal,Annually,1,0.4115384615384616,1.7050592912457463,3.3361111111111157,0.5061538461538462,1.0844310084215072,Platinum,5,1,3,9,Organic Loyalist
3439,26,Female,Shirt,Clothing,71,Kentucky,M,Violet,Fall,3.0,0,Store Pickup,0,0,33,Credit Card,Monthly,12,0.4972119871352025,25.516915912197206,0.4712640708417055,0.5055962435808866,1.1828339599478248,Gold,4,2,4,10,Organic Loyalist
3440,43,Female,Gloves,Accessories,93,Idaho,M,Gray,Summer,4.5,0,Express,0,0,25,Venmo,Quarterly,4,0.3776127502216725,6.862424151203004,2.3996554557680767,0.6309071654289499,1.554177897574124,Silver,3,1,5,9,Organic Loyalist
3441,45,Female,Handbag,Accessories,63,Maryland,L,Magenta,Fall,4.3,0,2-Day Shipping,0,0,2,PayPal,Weekly,52,0.7117661250818889,153.92790903939965,2.3996554557680767,0.8583532250163778,1.0528301886792453,Bronze,1,3,3,7,Occasional Buyer
3442,64,Female,Sweater,Clothing,96,Tennessee,XL,Charcoal,Fall,4.1,0,Standard,0,0,15,Credit Card,Annually,1,0.2936047565606729,1.3431569031789234,0.4712640708417055,0.5545671051582883,1.5993247909153687,Silver,2,1,5,8,Organic Loyalist
3443,28,Female,Skirt,Clothing,78,Michigan,M,Violet,Spring,4.3,0,Next Day Air,0,0,12,PayPal,Weekly,52,0.8609423303122734,195.61581604660765,0.4712640708417055,0.8881884660624546,1.299451392618737,Bronze,2,3,4,9,Organic Loyalist
3444,47,Female,Dress,Clothing,24,Tennessee,L,Silver,Summer,5.0,0,Free Shipping,0,0,28,Cash,Bi-Weekly,26,0.6425681751459875,53.777026284984466,0.4712640708417055,0.8285136350291975,0.3998311977288422,Gold,3,2,1,6,Occasional Buyer
3445,53,Female,Pants,Clothing,63,Rhode Island,S,Green,Summer,3.8,0,2-Day Shipping,0,0,12,Bank Transfer,Bi-Weekly,26,0.5609423303122735,60.65523277517775,0.4712640708417055,0.6681884660624546,1.0495568940382107,Bronze,2,2,3,7,Occasional Buyer
3446,42,Female,Hat,Accessories,58,Florida,M,Magenta,Fall,4.9,0,Standard,0,0,3,Debit Card,Annually,1,0.15257160904956724,0.6221164487765551,2.3996554557680767,0.6223604756560673,0.9692722371967656,Bronze,1,1,3,5,At-Risk / One-Timer
3447,51,Female,Boots,Footwear,55,Louisiana,S,Purple,Spring,5.0,0,2-Day Shipping,0,0,20,Cash,Weekly,52,0.9097311755011782,190.42337212174343,-2.7198160345219193,0.9819462351002357,0.9127808716371595,Silver,2,3,3,8,Organic Loyalist
3448,62,Female,Sandals,Footwear,58,Arkansas,M,Blue,Fall,4.3,0,Express,0,0,3,Bank Transfer,Bi-Weekly,26,0.44103314751110567,46.75655849748333,-2.7198160345219193,0.7042066295022211,0.9625689191810046,Bronze,1,2,3,6,Occasional Buyer
3449,18,Female,Coat,Outerwear,28,Kentucky,S,Yellow,Winter,4.1,0,Express,0,0,32,Bank Transfer,Fortnightly,26,0.6557133899698174,57.40750505650318,3.3361111111111157,0.7231426779939635,0.4897430360613258,Gold,4,2,1,7,Occasional Buyer
3450,48,Female,Blouse,Clothing,37,Kansas,M,Brown,Spring,4.5,0,Standard,0,0,35,Cash,Monthly,12,0.5030269361364219,21.957645850313003,0.4712640708417055,0.6867592333811307,0.616406429831965,Gold,4,2,2,8,Organic Loyalist
3451,20,Female,Shorts,Clothing,78,Vermont,M,Pink,Spring,3.6,0,Store Pickup,0,0,31,PayPal,Monthly,12,0.4910444072393027,25.747115168132552,0.4712640708417055,0.5763627276017067,1.299451392618737,Gold,4,2,4,10,Organic Loyalist
3452,32,Female,Blouse,Clothing,73,Nevada,XL,Silver,Fall,3.0,0,Free Shipping,0,0,13,Credit Card,Annually,1,0.2800200857133037,1.2052246763146703,0.4712640708417055,0.41985017098881455,1.2161532264252284,Bronze,2,1,4,7,Occasional Buyer
3453,26,Female,Jacket,Outerwear,20,Oklahoma,M,Indigo,Spring,3.7,0,Next Day Air,0,0,3,Venmo,Fortnightly,26,0.44103314751110567,34.91111814781098,3.3361111111111157,0.6322066295022212,0.34981645432951847,Bronze,1,2,1,4,At-Risk / One-Timer
3454,31,Female,Shirt,Clothing,60,Alabama,L,Pink,Winter,4.3,0,Standard,0,0,48,Venmo,Bi-Weekly,26,0.6959301008385788,74.38290243354908,0.4712640708417055,0.7551860201677157,0.9995779943221055,Platinum,5,2,3,10,Organic Loyalist
3455,55,Female,Handbag,Accessories,71,Louisiana,S,Lavender,Fall,4.6,0,Store Pickup,0,0,15,PayPal,Bi-Weekly,26,0.5820662950222113,64.72188327651006,2.3996554557680767,0.7684132590044421,1.186522911051213,Silver,2,2,4,8,Organic Loyalist
3456,49,Female,T-shirt,Clothing,89,Ohio,M,Orange,Fall,4.7,0,Standard,0,0,13,Venmo,Annually,1,0.2800200857133037,1.2600370895794337,0.4712640708417055,0.6238501709888147,1.4827073582444563,Bronze,2,1,5,8,Organic Loyalist
3457,42,Female,Hoodie,Clothing,53,Texas,M,Red,Fall,4.6,0,Express,0,0,21,Venmo,Monthly,12,0.45292537710501984,21.680545242672384,0.4712640708417055,0.6887389215748501,0.8829605616511932,Silver,3,2,3,8,Organic Loyalist
3458,64,Female,Jewelry,Accessories,87,Maryland,M,Gray,Summer,3.0,0,Express,0,0,29,Cash,Fortnightly,26,0.6460171125956566,75.2033412261936,2.3996554557680767,0.5892034225191313,1.4539083557951482,Gold,3,2,5,10,Organic Loyalist
3459,68,Female,Jewelry,Accessories,37,West Virginia,L,Violet,Spring,3.4,0,Standard,0,0,24,Venmo,Quarterly,4,0.3736226736702761,5.4363386668118565,2.3996554557680767,0.4981091501186706,0.6183288409703505,Silver,3,1,2,6,Occasional Buyer
3460,68,Female,Hoodie,Clothing,37,Ohio,L,Green,Fall,3.8,0,Express,0,0,21,PayPal,Annually,1,0.32600230018194293,1.1858614551808022,0.4712640708417055,0.5250466138825424,0.616406429831965,Silver,3,1,2,6,Occasional Buyer
3461,41,Female,Scarf,Accessories,78,Indiana,M,Gold,Spring,3.1,0,Express,0,0,5,Bank Transfer,Bi-Weekly,26,0.48228269883744174,54.79003667064874,2.3996554557680767,0.5684565397674883,1.3035040431266847,Bronze,1,2,4,7,Occasional Buyer
3462,51,Female,Shoes,Footwear,23,Wyoming,S,Maroon,Spring,4.4,0,Standard,0,0,47,Cash,Quarterly,4,0.43998626625794646,5.593200155126231,-2.7198160345219193,0.6313818686362047,0.38170836450281215,Platinum,5,1,1,7,Occasional Buyer
3463,44,Female,Jeans,Clothing,73,Michigan,L,Olive,Spring,4.5,0,Standard,0,0,34,Credit Card,Every 3 Months,4,0.40785331033135047,7.021708784579733,0.4712640708417055,0.6369552774508854,1.2161532264252284,Gold,4,1,4,9,Organic Loyalist
3464,27,Female,Jewelry,Accessories,27,Maine,M,Yellow,Fall,2.8,0,2-Day Shipping,0,0,45,PayPal,Fortnightly,26,0.68950266406766,59.73666106158595,2.3996554557680767,0.5739005328135319,0.45121293800539086,Platinum,5,2,1,8,Organic Loyalist
3465,36,Female,Coat,Outerwear,59,Utah,S,Peach,Winter,2.7,0,Next Day Air,0,0,12,PayPal,Annually,1,0.27248079185073504,1.115630248424029,3.3361111111111157,0.3823423122163009,1.0319585402720794,Bronze,2,1,3,6,Occasional Buyer
3466,19,Female,Backpack,Accessories,53,Iowa,M,Gold,Spring,3.4,0,Standard,0,0,31,Debit Card,Weekly,52,0.9525828687777642,197.59156906241643,2.3996554557680767,0.7985165737555528,0.8857142857142858,Gold,4,3,3,10,Organic Loyalist
3467,49,Female,Socks,Clothing,42,Maryland,S,Purple,Summer,4.6,0,Standard,0,0,43,Bank Transfer,Annually,1,0.39651887393749574,1.49138683452839,0.4712640708417055,0.6351499286336529,0.6997045960254739,Platinum,5,1,2,8,Organic Loyalist
3468,18,Female,Scarf,Accessories,45,Texas,M,Charcoal,Fall,5.0,0,Next Day Air,0,0,5,Credit Card,Annually,1,0.1938211603759033,0.7420717181307352,2.3996554557680767,0.6426103859213345,0.7520215633423181,Bronze,1,1,2,4,At-Risk / One-Timer
3469,36,Female,Sunglasses,Accessories,89,Ohio,S,Indigo,Winter,3.5,0,Standard,0,0,36,Debit Card,Quarterly,4,0.413506648637333,7.44280486513652,2.3996554557680767,0.518085945112082,1.4873315363881403,Gold,4,1,5,10,Organic Loyalist
3470,36,Female,Socks,Clothing,85,North Dakota,L,Magenta,Fall,3.3,0,Store Pickup,0,0,12,Cash,Annually,1,0.27248079185073504,1.2137240784613363,0.4712640708417055,0.45434231221630084,1.4160688252896494,Bronze,2,1,5,8,Organic Loyalist
3471,19,Female,Coat,Outerwear,69,West Virginia,S,Olive,Summer,4.5,0,Free Shipping,0,0,31,Cash,Bi-Weekly,26,0.6525828687777642,72.08487553917656,3.3361111111111157,0.7705165737555528,1.2068667674368387,Gold,4,2,4,10,Organic Loyalist
3472,43,Female,Sandals,Footwear,66,North Carolina,S,Blue,Spring,3.1,0,Store Pickup,0,0,31,Cash,Bi-Weekly,26,0.6525828687777642,71.34166966916204,-2.7198160345219193,0.6025165737555528,1.0953370459645915,Gold,4,2,3,9,Organic Loyalist
3473,31,Female,Blouse,Clothing,42,Georgia,S,White,Summer,4.0,0,Free Shipping,0,0,15,Debit Card,Weekly,52,0.8820662950222113,172.51664824612052,0.4712640708417055,0.8564132590044422,0.6997045960254739,Silver,2,3,2,7,Occasional Buyer
3474,63,Female,Dress,Clothing,40,Kansas,M,Cyan,Spring,2.5,0,Express,0,0,11,Cash,Weekly,52,0.8527992725929945,164.68044097476903,0.4712640708417055,0.6705598545185989,0.6663853295480703,Bronze,2,3,2,7,Occasional Buyer
3475,41,Female,Pants,Clothing,82,Maine,M,Cyan,Winter,4.4,0,Store Pickup,0,0,18,Venmo,Monthly,12,0.43801083227152526,23.226000627554406,0.4712640708417055,0.6617560126081513,1.3660899255735441,Silver,2,2,4,8,Organic Loyalist
3476,48,Female,Sneakers,Footwear,88,South Carolina,M,Orange,Spring,4.4,0,Express,0,0,9,Cash,Quarterly,4,0.28040483366761404,5.034541338596574,-2.7198160345219193,0.5994655821181382,1.4604493946194552,Bronze,1,1,5,7,Occasional Buyer
3477,68,Female,Boots,Footwear,99,South Carolina,XL,Orange,Summer,3.2,0,Free Shipping,0,0,11,Cash,Weekly,52,0.8527992725929945,204.21886080843467,-2.7198160345219193,0.754559854518599,1.6430055689468872,Bronze,2,3,5,10,Organic Loyalist
3478,53,Female,Handbag,Accessories,85,Kentucky,S,Teal,Spring,3.8,0,Store Pickup,0,0,38,Debit Card,Bi-Weekly,26,0.6727084553941624,77.90840432574836,2.3996554557680767,0.6905416910788325,1.4204851752021563,Gold,4,2,5,11,Champion
3479,36,Female,Handbag,Accessories,57,Arizona,M,Magenta,Fall,4.6,0,Store Pickup,0,0,42,PayPal,Quarterly,4,0.4287954449459535,6.964397869539755,2.3996554557680767,0.6531437043738061,0.9525606469002695,Platinum,5,1,3,9,Organic Loyalist
3480,46,Female,Sweater,Clothing,56,New York,S,Orange,Summer,4.9,0,Standard,0,0,41,Cash,Monthly,12,0.5187092877182695,25.166018920162873,0.4712640708417055,0.7378957036975002,0.9329394613672984,Platinum,5,2,3,10,Organic Loyalist
3481,21,Female,Sandals,Footwear,79,New Hampshire,L,Peach,Winter,3.5,0,Free Shipping,0,0,45,PayPal,Monthly,12,0.5279642025291986,27.762638371647643,-2.7198160345219193,0.5717466866596859,1.3110852519879201,Platinum,5,2,4,11,Champion
3482,52,Female,Socks,Clothing,67,Ohio,S,Maroon,Summer,3.4,0,Store Pickup,0,0,41,Debit Card,Bi-Weekly,26,0.6802477492567311,74.62807610485453,0.4712640708417055,0.6440495498513462,1.1161954269930177,Platinum,5,2,3,10,Organic Loyalist
3483,66,Female,Gloves,Accessories,61,Hawaii,M,Gold,Winter,3.9,0,Next Day Air,0,0,35,Debit Card,Weekly,52,0.9645653976748835,207.00633300717263,2.3996554557680767,0.8609130795349766,1.0194070080862534,Gold,4,3,3,10,Organic Loyalist
3484,19,Female,Hoodie,Clothing,37,Texas,L,White,Winter,3.9,0,Express,0,0,21,Credit Card,Every 3 Months,4,0.36061768479732753,5.247111596685324,0.4712640708417055,0.5555081523440809,0.616406429831965,Silver,3,1,2,6,Occasional Buyer
3485,44,Female,Dress,Clothing,75,Illinois,L,Gray,Fall,4.2,0,Free Shipping,0,0,13,Credit Card,Bi-Weekly,26,0.5684816241748422,64.01050040200693,0.4712640708417055,0.7176963248349684,1.2494724929026317,Bronze,2,2,4,8,Organic Loyalist
3486,50,Female,Shirt,Clothing,21,Massachusetts,XL,Brown,Winter,3.4,0,Standard,0,0,23,Debit Card,Fortnightly,26,0.6233158463485474,50.09408931577256,0.4712640708417055,0.6326631692697096,0.34985229801273693,Silver,3,2,1,6,Occasional Buyer
3487,51,Female,Shorts,Clothing,89,North Carolina,L,Charcoal,Winter,4.9,0,Standard,0,0,6,PayPal,Weekly,52,0.7979650504192893,186.71592422403938,0.4712640708417055,0.9475930100838579,1.4827073582444563,Bronze,1,3,5,9,Organic Loyalist
3488,25,Female,Sandals,Footwear,24,West Virginia,L,Beige,Fall,2.9,0,Store Pickup,0,0,39,Bank Transfer,Annually,1,0.38682259656333506,1.2451339045904644,-2.7198160345219193,0.42921067315882083,0.39830438035076055,Platinum,4,1,1,6,Occasional Buyer
3489,62,Female,Sweater,Clothing,27,Delaware,XL,Teal,Spring,4.9,0,Store Pickup,0,0,7,Cash,Quarterly,4,0.2577035674205047,3.434883958587382,0.4712640708417055,0.6549253288687163,0.44981009744494743,Bronze,1,1,1,3,At-Risk / One-Timer
3490,48,Female,Dress,Clothing,26,Idaho,L,Black,Summer,4.6,0,2-Day Shipping,0,0,32,PayPal,Every 3 Months,4,0.4018672361236636,5.297955408222548,0.4712640708417055,0.6477580626093481,0.4331504642062457,Gold,4,1,1,6,Occasional Buyer
3491,62,Female,Boots,Footwear,82,Oregon,M,Violet,Spring,3.6,0,Store Pickup,0,0,43,Credit Card,Quarterly,4,0.43113425855288035,7.620454276422982,-2.7198160345219193,0.5336114670951915,1.3608732995317652,Platinum,5,1,4,10,Organic Loyalist
3492,22,Female,Pants,Clothing,28,Maine,M,Orange,Winter,4.3,0,Express,0,0,15,Cash,Monthly,12,0.42052783348374984,16.992499440996927,0.4712640708417055,0.6462594128505962,0.4664697306836492,Silver,2,2,1,5,At-Risk / One-Timer
3493,48,Female,Gloves,Accessories,65,South Dakota,M,Turquoise,Fall,4.6,0,Standard,0,0,48,Bank Transfer,Annually,1,0.40746856237704027,1.707152594589657,2.3996554557680767,0.6373398663215618,1.0862533692722371,Platinum,5,1,3,9,Organic Loyalist
3494,48,Female,Pants,Clothing,82,New Mexico,XL,Black,Winter,4.7,0,Store Pickup,0,0,35,Credit Card,Weekly,52,0.9645653976748835,221.63755890230496,0.4712640708417055,0.9569130795349767,1.3660899255735441,Gold,4,3,4,11,Champion
3495,62,Female,Scarf,Accessories,38,Washington,M,Silver,Winter,3.5,0,Free Shipping,0,0,41,PayPal,Quarterly,4,0.42640159541057726,6.248594123178727,2.3996554557680767,0.5206649344667308,0.6350404312668464,Platinum,5,1,2,8,Organic Loyalist
3496,24,Female,Shorts,Clothing,33,Georgia,XL,Gray,Spring,2.8,0,Free Shipping,0,0,14,Cash,Weekly,52,0.8755005388401038,160.54118805118787,0.4712640708417055,0.7111001077680208,0.549767896877158,Silver,2,3,1,6,Occasional Buyer
3497,39,Female,Shoes,Footwear,38,Idaho,M,Pink,Summer,4.0,0,Free Shipping,0,0,22,PayPal,Monthly,12,0.4574476287736457,20.11065105465697,-2.7198160345219193,0.6176433719085753,0.6306486022220374,Silver,3,2,2,7,Occasional Buyer
3498,35,Female,Handbag,Accessories,48,Colorado,M,Red,Spring,4.3,0,Store Pickup,0,0,16,Venmo,Every 3 Months,4,0.3343877210719573,5.205507681227192,2.3996554557680767,0.5982621595990067,0.802156334231806,Silver,2,1,2,5,At-Risk / One-Timer
3499,47,Female,Sandals,Footwear,35,Kentucky,M,Lavender,Summer,3.8,0,Standard,0,0,2,Bank Transfer,Bi-Weekly,26,0.41176612508188887,38.364864393586544,-2.7198160345219193,0.6383532250163777,0.5808605546781924,Bronze,1,2,1,4,At-Risk / One-Timer
3500,22,Female,Socks,Clothing,29,New Jersey,L,Indigo,Fall,3.0,0,Next Day Air,0,0,13,PayPal,Every 3 Months,4,0.3146354703286883,4.280549351439902,0.4712640708417055,0.438311709450353,0.48312936392235095,Bronze,2,1,1,4,At-Risk / One-Timer
3501,38,Female,Shirt,Clothing,48,Oregon,S,Silver,Fall,4.6,0,Next Day Air,0,0,38,Debit Card,Fortnightly,26,0.6727084553941624,68.06957095675484,0.4712640708417055,0.7865416910788324,0.7996623954576844,Gold,4,2,2,8,Organic Loyalist
3502,53,Female,Shoes,Footwear,87,Nebraska,M,Silver,Fall,4.8,0,Standard,0,0,43,Bank Transfer,Weekly,52,0.9849804123990342,229.32463122265438,-2.7198160345219193,0.9729960824798068,1.4438533787715069,Platinum,5,3,5,13,Champion
3503,31,Female,Backpack,Accessories,62,Massachusetts,M,Green,Fall,4.7,0,Next Day Air,0,0,26,Bank Transfer,Quarterly,4,0.3814522213995128,6.321631779758051,2.3996554557680767,0.655675059664518,1.0361185983827494,Gold,3,1,3,7,Occasional Buyer
3504,31,Female,Shirt,Clothing,96,Nebraska,M,Pink,Spring,3.9,0,Free Shipping,0,0,39,Cash,Weekly,52,0.9752841350248735,232.00543806224016,0.4712640708417055,0.8630568270049747,1.5993247909153687,Platinum,4,3,5,12,Champion
3505,65,Female,Handbag,Accessories,41,Hawaii,S,Violet,Fall,4.0,0,Next Day Air,0,0,50,Venmo,Monthly,12,0.5384615384615385,24.15109599506177,2.3996554557680767,0.633846153846154,0.6851752021563342,Platinum,5,2,2,9,Organic Loyalist
3506,48,Female,Jewelry,Accessories,42,Indiana,L,Red,Winter,3.7,0,2-Day Shipping,0,0,40,Bank Transfer,Every 3 Months,4,0.42395005723670726,6.378244017307983,2.3996554557680767,0.5441746268319568,0.7018867924528303,Platinum,4,1,2,7,Occasional Buyer
3507,18,Female,Shirt,Clothing,57,Illinois,L,Olive,Winter,3.7,0,2-Day Shipping,0,0,12,Cash,Fortnightly,26,0.5609423303122735,59.21953347533838,0.4712640708417055,0.6561884660624547,0.9495990946060002,Bronze,2,2,3,7,Occasional Buyer
3508,46,Female,Handbag,Accessories,65,Colorado,S,Purple,Spring,4.2,0,Store Pickup,0,0,33,Credit Card,Every 3 Months,4,0.40490429482751017,6.785636795563775,2.3996554557680767,0.6003654743501173,1.0862533692722371,Gold,4,1,3,8,Organic Loyalist
3509,52,Female,Pants,Clothing,54,Pennsylvania,M,Gray,Fall,4.7,0,Standard,0,0,49,Bank Transfer,Weekly,52,0.9979854012719828,207.96152087852755,0.4712640708417055,0.9635970802543966,0.8996201948898949,Platinum,5,3,3,11,Champion
3510,50,Female,T-shirt,Clothing,22,Ohio,L,Brown,Winter,4.3,0,Next Day Air,0,0,43,Venmo,Bi-Weekly,26,0.6849804123990342,55.841555148650315,0.4712640708417055,0.7529960824798069,0.36651193125143866,Platinum,5,2,1,8,Organic Loyalist
3511,49,Female,Sneakers,Footwear,96,Pennsylvania,S,Orange,Fall,4.9,0,2-Day Shipping,0,0,14,Venmo,Monthly,12,0.41396207730164236,22.725082316590672,-2.7198160345219193,0.7169462616141747,1.5932175214030422,Silver,2,2,5,9,Organic Loyalist
3512,69,Female,Jewelry,Accessories,81,Mississippi,M,Blue,Summer,3.9,0,2-Day Shipping,0,0,21,Credit Card,Every 3 Months,4,0.36061768479732753,6.356563570001028,2.3996554557680767,0.5555081523440809,1.3536388140161726,Silver,3,1,4,8,Organic Loyalist
3513,36,Female,Shirt,Clothing,46,Kentucky,M,White,Fall,3.4,0,Free Shipping,0,0,31,Debit Card,Quarterly,4,0.3987367149316104,6.140780826830748,0.4712640708417055,0.5031319583709375,0.7663431289802809,Gold,4,1,2,7,Occasional Buyer
3514,30,Female,Blouse,Clothing,74,Alaska,XL,Charcoal,Spring,4.2,0,Store Pickup,0,0,29,Credit Card,Fortnightly,26,0.6460171125956566,72.5184513240927,0.4712640708417055,0.7332034225191313,1.23281285966393,Gold,3,2,4,9,Organic Loyalist
3515,25,Female,Sneakers,Footwear,50,Georgia,XL,Gray,Winter,4.7,0,Express,0,0,32,Cash,Monthly,12,0.4941749284313559,23.31611580787337,-2.7198160345219193,0.7089888318401174,0.8298007923974178,Gold,4,2,2,8,Organic Loyalist
3516,19,Female,Dress,Clothing,80,South Dakota,XL,Charcoal,Winter,4.0,0,Next Day Air,0,0,16,Debit Card,Bi-Weekly,26,0.5882338749181111,67.20906021397325,0.4712640708417055,0.6976467749836222,1.3327706590961406,Silver,2,2,4,8,Organic Loyalist
3517,34,Female,Boots,Footwear,56,South Carolina,S,White,Summer,4.0,0,Free Shipping,0,0,38,PayPal,Bi-Weekly,26,0.6727084553941624,70.71466411007415,-2.7198160345219193,0.7145416910788325,0.9293768874851079,Gold,4,2,3,9,Organic Loyalist
3518,29,Female,Skirt,Clothing,69,Tennessee,M,Orange,Winter,3.1,0,Next Day Air,0,0,34,Debit Card,Every 3 Months,4,0.40785331033135047,6.9310513935872935,0.4712640708417055,0.4689552774508855,1.1495146934704212,Gold,4,1,4,9,Organic Loyalist
3519,50,Female,Shirt,Clothing,97,Colorado,M,Black,Spring,4.2,0,Standard,0,0,30,PayPal,Quarterly,4,0.39550679567473,7.253543183047376,0.4712640708417055,0.5984859745195613,1.6159844241540704,Gold,3,1,5,9,Organic Loyalist
3520,31,Female,Shorts,Clothing,66,Wisconsin,M,White,Winter,3.7,0,Next Day Air,0,0,14,Bank Transfer,Fortnightly,26,0.5755005388401039,62.91487457102922,0.4712640708417055,0.6591001077680209,1.099535793754316,Silver,2,2,3,7,Occasional Buyer
3521,41,Female,Hat,Accessories,70,Georgia,S,Brown,Spring,3.1,0,Express,0,0,33,Bank Transfer,Monthly,12,0.4972119871352025,25.43346638621944,2.3996554557680767,0.5175962435808866,1.169811320754717,Gold,4,2,4,10,Organic Loyalist
3522,52,Female,Shoes,Footwear,50,Maryland,M,Pink,Winter,3.7,0,Store Pickup,0,0,35,Venmo,Weekly,52,0.9645653976748835,197.21015366088605,-2.7198160345219193,0.8369130795349767,0.8298007923974178,Gold,4,3,2,9,Organic Loyalist
3523,27,Female,Pants,Clothing,85,New Jersey,M,Yellow,Spring,3.2,0,Store Pickup,0,0,13,Cash,Quarterly,4,0.3146354703286883,5.605982626256174,0.4712640708417055,0.46231170945035305,1.4160688252896494,Bronze,2,1,5,8,Organic Loyalist
3524,49,Female,Backpack,Accessories,59,Nevada,M,Cyan,Summer,2.8,0,Standard,0,0,30,Cash,Fortnightly,26,0.6493529495208838,69.12554266367654,2.3996554557680767,0.5658705899041767,0.9859838274932615,Gold,3,2,3,8,Organic Loyalist
3525,69,Female,Pants,Clothing,74,Michigan,L,Silver,Summer,2.9,0,Free Shipping,0,0,30,Credit Card,Monthly,12,0.48781448798242233,25.273599041698915,0.4712640708417055,0.4917167437503306,1.23281285966393,Gold,3,2,4,9,Organic Loyalist
3526,45,Female,Sunglasses,Accessories,38,Wyoming,L,Olive,Winter,3.5,0,Standard,0,0,47,Bank Transfer,Annually,1,0.40537088164256185,1.48510121444345,2.3996554557680767,0.5049203301746662,0.6350404312668464,Platinum,5,1,2,8,Organic Loyalist
3527,20,Female,Sweater,Clothing,99,Massachusetts,M,Olive,Spring,3.8,0,Express,0,0,1,PayPal,Every 3 Months,4,0.116670419909399,2.149148557413903,0.4712640708417055,0.49471869936649515,1.649303690631474,Bronze,1,1,5,7,Occasional Buyer
3528,25,Female,Blouse,Clothing,97,Washington,S,Charcoal,Spring,4.7,0,Free Shipping,0,0,1,Cash,Weekly,52,0.6705165737555528,159.86342759809904,0.4712640708417055,0.8981033147511106,1.6159844241540704,Bronze,1,3,5,9,Organic Loyalist
3529,38,Female,Scarf,Accessories,67,Maine,L,Gray,Summer,4.5,0,Free Shipping,0,0,33,PayPal,Annually,1,0.37028891021212557,1.5624369097813275,2.3996554557680767,0.617903935888579,1.1196765498652292,Gold,4,1,3,8,Organic Loyalist
3530,55,Female,T-shirt,Clothing,20,Montana,S,Maroon,Winter,3.9,0,Next Day Air,0,0,43,Bank Transfer,Weekly,52,0.9849804123990342,155.93733824588037,0.4712640708417055,0.8649960824798067,0.33319266477403514,Platinum,5,3,1,9,Organic Loyalist
3531,62,Female,Sunglasses,Accessories,45,Oklahoma,L,Black,Spring,3.4,0,Express,0,0,37,PayPal,Weekly,52,0.9700658675655396,193.12978556989174,2.3996554557680767,0.802013173513108,0.7520215633423181,Gold,4,3,2,9,Organic Loyalist
3532,54,Female,Shoes,Footwear,52,North Dakota,XL,Violet,Winter,4.6,0,2-Day Shipping,0,0,23,Cash,Quarterly,4,0.3694696925023936,5.8676101297793695,-2.7198160345219193,0.6412785538850941,0.8629928240933145,Silver,3,1,3,7,Occasional Buyer
3533,61,Female,Pants,Clothing,68,Connecticut,L,Indigo,Fall,4.6,0,Standard,0,0,12,Credit Card,Annually,1,0.27248079185073504,1.1537126931530093,0.4712640708417055,0.6103423122163008,1.1328550602317196,Bronze,2,1,3,6,Occasional Buyer
3534,50,Female,Sneakers,Footwear,98,Texas,L,Yellow,Fall,4.7,0,Standard,0,0,30,Venmo,Fortnightly,26,0.6493529495208838,77.5802203302583,-2.7198160345219193,0.7938705899041768,1.6264095530989389,Gold,3,2,5,10,Organic Loyalist
3535,65,Female,Shoes,Footwear,83,Delaware,M,Gray,Fall,3.2,0,Express,0,0,7,Cash,Weekly,52,0.8115497212666585,186.98306318041577,-2.7198160345219193,0.7463099442533317,1.3774693153797135,Bronze,1,3,4,8,Organic Loyalist
3536,68,Female,Shorts,Clothing,51,Mississippi,M,Red,Summer,5.0,0,Express,0,0,20,Debit Card,Monthly,12,0.4481927139627167,21.251023749109763,0.4712640708417055,0.7357923889463894,0.8496412951737896,Silver,2,2,2,6,Occasional Buyer
3537,55,Female,Handbag,Accessories,21,Minnesota,L,Peach,Spring,4.5,0,Express,0,0,10,Venmo,Monthly,12,0.38240880334946703,14.184502148293852,2.3996554557680767,0.6626356068237397,0.3509433962264151,Bronze,1,2,1,4,At-Risk / One-Timer
3538,57,Female,Handbag,Accessories,92,Georgia,M,Gray,Spring,3.5,0,Standard,0,0,40,Credit Card,Every 3 Months,4,0.42395005723670726,7.686383258213573,2.3996554557680767,0.5201746268319568,1.537466307277628,Platinum,4,1,5,10,Organic Loyalist
3539,56,Female,Shoes,Footwear,63,Iowa,S,White,Spring,4.5,0,Store Pickup,0,0,21,Venmo,Monthly,12,0.45292537710501984,22.6039642663964,-2.7198160345219193,0.6767389215748503,1.0455489984207464,Silver,3,2,3,8,Organic Loyalist
3540,29,Female,Jewelry,Accessories,56,New York,S,Green,Spring,3.2,0,Express,0,0,17,Credit Card,Bi-Weekly,26,0.5940488239193306,62.4460161182695,2.3996554557680767,0.6028097647838662,0.9358490566037736,Silver,2,2,3,7,Occasional Buyer
3541,24,Female,Shorts,Clothing,95,Nevada,M,Magenta,Spring,4.6,0,Free Shipping,0,0,5,Bank Transfer,Weekly,52,0.7822826988374417,185.67175232607326,0.4712640708417055,0.9084565397674884,1.582665157676667,Bronze,1,3,5,9,Organic Loyalist
3542,59,Female,Blouse,Clothing,66,Virginia,M,Olive,Winter,4.0,0,Next Day Air,0,0,22,PayPal,Annually,1,0.3305245518505688,1.3897541436935932,0.4712640708417055,0.5499510642162676,1.099535793754316,Silver,3,1,3,7,Occasional Buyer
3543,62,Female,Coat,Outerwear,28,Idaho,S,Olive,Spring,4.2,0,Express,0,0,5,Venmo,Weekly,52,0.7822826988374417,136.97721802262586,3.3361111111111157,0.8604565397674884,0.4897430360613258,Bronze,1,3,1,5,At-Risk / One-Timer
3544,58,Female,Hat,Accessories,83,Colorado,M,Blue,Winter,4.1,0,Standard,0,0,18,PayPal,Every 3 Months,4,0.34570313996383295,6.126989119858529,2.3996554557680767,0.5765252433773819,1.3870619946091645,Silver,2,1,4,7,Occasional Buyer
3545,64,Female,Socks,Clothing,55,Wisconsin,XL,Charcoal,Fall,3.6,0,2-Day Shipping,0,0,42,Cash,Every 3 Months,4,0.4287954449459535,6.904209877170899,0.4712640708417055,0.5331437043738061,0.9162798281285967,Platinum,5,1,3,9,Organic Loyalist
3546,48,Female,Sandals,Footwear,28,Connecticut,M,Yellow,Spring,3.7,0,2-Day Shipping,0,0,22,Debit Card,Annually,1,0.3305245518505688,1.1129739451545684,-2.7198160345219193,0.5139510642162676,0.46468844374255397,Silver,3,1,1,5,At-Risk / One-Timer
3547,60,Female,Scarf,Accessories,79,Kansas,M,Violet,Summer,3.6,0,Free Shipping,0,0,37,Bank Transfer,Bi-Weekly,26,0.6700658675655395,76.34240844510944,2.3996554557680767,0.666013173513108,1.3202156334231807,Gold,4,2,4,10,Organic Loyalist
3548,52,Female,Scarf,Accessories,31,Pennsylvania,L,Magenta,Summer,3.8,0,Standard,0,0,23,Credit Card,Annually,1,0.334854307887009,1.1605165970511606,2.3996554557680767,0.5268170154235556,0.5180592991913747,Silver,3,1,1,5,At-Risk / One-Timer
3549,63,Female,Blouse,Clothing,37,Utah,M,Red,Fall,3.0,0,Standard,0,0,47,Debit Card,Fortnightly,26,0.6938324201041003,65.6207554220436,0.4712640708417055,0.59876648402082,0.616406429831965,Platinum,5,2,2,9,Organic Loyalist
3550,44,Female,T-shirt,Clothing,34,Oregon,M,Cyan,Summer,3.4,0,2-Day Shipping,0,0,11,Bank Transfer,Fortnightly,26,0.5527992725929946,51.10023937736279,0.4712640708417055,0.618559854518599,0.5664275301158598,Bronze,2,2,1,5,At-Risk / One-Timer
3551,63,Female,Shoes,Footwear,74,West Virginia,S,Orange,Winter,4.8,0,Standard,0,0,32,Cash,Weekly,52,0.9557133899698174,214.5666224593933,-2.7198160345219193,0.9671426779939635,1.2281051727481782,Gold,4,3,4,11,Champion
3552,66,Female,Gloves,Accessories,31,Montana,L,Black,Spring,2.6,0,Store Pickup,0,0,20,Venmo,Weekly,52,0.9097311755011782,163.95017583519288,2.3996554557680767,0.6939462351002357,0.5180592991913747,Silver,2,3,1,6,Occasional Buyer
3553,22,Female,Sunglasses,Accessories,66,Kentucky,M,Blue,Winter,2.9,0,Next Day Air,0,0,3,PayPal,Quarterly,4,0.18718699366495184,3.148255082836026,2.3996554557680767,0.4008220141176057,1.1029649595687332,Bronze,1,1,3,5,At-Risk / One-Timer
3554,62,Female,Shoes,Footwear,99,Minnesota,M,Charcoal,Spring,4.9,0,Free Shipping,0,0,32,Bank Transfer,Weekly,52,0.9557133899698174,228.8635861116079,-2.7198160345219193,0.9791426779939635,1.6430055689468872,Gold,4,3,5,12,Champion
3555,39,Female,Dress,Clothing,55,Louisiana,M,Indigo,Spring,5.0,0,Free Shipping,0,0,5,Credit Card,Fortnightly,26,0.48228269883744174,50.475294406617785,0.4712640708417055,0.7964565397674883,0.9162798281285967,Bronze,1,2,3,6,Occasional Buyer
3556,25,Female,Blouse,Clothing,23,Delaware,L,Silver,Spring,4.6,0,Next Day Air,0,0,45,Cash,Quarterly,4,0.43565651022150625,5.538159364101908,0.4712640708417055,0.6545159174289166,0.38317156449014045,Platinum,5,1,1,7,Occasional Buyer
3557,70,Female,Sweater,Clothing,88,Arizona,M,Brown,Fall,4.2,0,Express,0,0,43,Cash,Bi-Weekly,26,0.6849804123990342,79.94032778285904,0.4712640708417055,0.7409960824798069,1.4660477250057546,Platinum,5,2,5,12,Champion
3558,52,Female,Jacket,Outerwear,26,Nevada,M,Peach,Summer,4.9,0,Next Day Air,0,0,1,PayPal,Every 3 Months,4,0.116670419909399,1.5381066844384108,3.3361111111111157,0.6267186993664952,0.454761390628374,Bronze,1,1,1,3,At-Risk / One-Timer
3559,68,Female,Backpack,Accessories,94,Alaska,L,Magenta,Summer,4.8,0,Standard,0,0,9,Venmo,Quarterly,4,0.28040483366761404,5.1077163693281635,2.3996554557680767,0.6474655821181382,1.57088948787062,Bronze,1,1,5,7,Occasional Buyer
3560,18,Female,Shorts,Clothing,25,Utah,M,Beige,Fall,3.0,0,Next Day Air,0,0,13,Venmo,Every 3 Months,4,0.3146354703286883,4.1004509464666405,0.4712640708417055,0.438311709450353,0.4164908309675439,Bronze,2,1,1,4,At-Risk / One-Timer
3561,18,Female,Socks,Clothing,96,Kansas,XL,Violet,Fall,3.5,0,Express,0,0,5,Credit Card,Annually,1,0.1938211603759033,0.8866757902379097,0.4712640708417055,0.46261038592133447,1.5993247909153687,Bronze,1,1,5,7,Occasional Buyer
3562,63,Female,Sneakers,Footwear,29,North Carolina,L,Black,Spring,3.4,0,Standard,0,0,39,Credit Card,Fortnightly,26,0.6752841350248735,59.716140430039424,-2.7198160345219193,0.6430568270049747,0.4812844595905023,Platinum,4,2,1,7,Occasional Buyer
3563,47,Female,Sneakers,Footwear,36,Maryland,M,Cyan,Winter,3.4,0,Free Shipping,0,0,7,Bank Transfer,Weekly,52,0.8115497212666585,152.38285012720664,-2.7198160345219193,0.7703099442533317,0.5974565705261408,Bronze,1,3,2,6,Occasional Buyer
3564,43,Female,Blouse,Clothing,90,Maine,M,Green,Summer,4.9,0,Standard,0,0,8,Credit Card,Every 3 Months,4,0.2696860963176239,4.86606436539909,0.4712640708417055,0.6573218346481402,1.4993669914831582,Bronze,1,1,5,7,Occasional Buyer
3565,60,Female,Gloves,Accessories,38,Illinois,S,Brown,Summer,4.4,0,Free Shipping,0,0,40,Venmo,Annually,1,0.38933467262132265,1.4263515741239197,2.3996554557680767,0.6097130883704184,0.6350404312668464,Platinum,4,1,2,7,Occasional Buyer
3566,49,Female,Handbag,Accessories,52,Pennsylvania,S,Gray,Spring,4.2,0,Store Pickup,0,0,35,PayPal,Monthly,12,0.5030269361364219,23.965965322096025,2.3996554557680767,0.6507592333811306,0.8690026954177897,Gold,4,2,3,9,Organic Loyalist
3567,28,Female,Jeans,Clothing,88,Alaska,S,Orange,Spring,3.1,0,Next Day Air,0,0,14,Venmo,Monthly,12,0.41396207730164236,22.297502830392233,0.4712640708417055,0.5009462616141747,1.4660477250057546,Silver,2,2,5,9,Organic Loyalist
3568,32,Female,Scarf,Accessories,56,New Mexico,S,Silver,Summer,4.0,0,Next Day Air,0,0,26,Credit Card,Monthly,12,0.4737599137072051,22.985227437157235,2.3996554557680767,0.6209058288952872,0.9358490566037736,Gold,3,2,3,8,Organic Loyalist
3569,29,Female,Sandals,Footwear,71,Arkansas,M,Purple,Spring,4.8,0,Next Day Air,0,0,14,PayPal,Quarterly,4,0.32165438499395005,5.50243364134629,-2.7198160345219193,0.6557154923834054,1.1783171252043332,Silver,2,1,4,7,Occasional Buyer
3570,35,Female,Sandals,Footwear,94,Alaska,M,Olive,Fall,3.3,0,Express,0,0,9,Bank Transfer,Fortnightly,26,0.5342509875137679,63.25574388519663,-2.7198160345219193,0.6028501975027536,1.5600254897071453,Bronze,1,2,5,8,Organic Loyalist
3571,23,Female,Dress,Clothing,97,Louisiana,XL,Teal,Winter,4.7,0,Standard,0,0,32,Debit Card,Annually,1,0.367251851508279,1.6838377956470134,0.4712640708417055,0.6412965241478097,1.6159844241540704,Gold,4,1,5,10,Organic Loyalist
3572,70,Female,Skirt,Clothing,27,North Dakota,M,White,Summer,3.2,0,Standard,0,0,15,Bank Transfer,Every 3 Months,4,0.3282201411760575,4.374786539028804,0.4712640708417055,0.4650286436198269,0.44981009744494743,Silver,2,1,1,4,At-Risk / One-Timer
3573,23,Female,Shorts,Clothing,28,Rhode Island,M,Black,Spring,5.0,0,Standard,0,0,25,Credit Card,Monthly,12,0.4699204425293648,18.988333758654345,0.4712640708417055,0.740137934659719,0.4664697306836492,Silver,3,2,1,6,Occasional Buyer
3574,43,Female,Jeans,Clothing,67,Connecticut,L,Maroon,Fall,4.9,0,Free Shipping,0,0,27,PayPal,Monthly,12,0.4774597363919335,24.1757404394054,0.4712640708417055,0.729645793432233,1.1161954269930177,Gold,3,2,3,8,Organic Loyalist
3575,29,Female,Socks,Clothing,70,New York,M,Cyan,Fall,4.9,0,Express,0,0,39,Bank Transfer,Quarterly,4,0.42143798117871967,7.18582080716578,0.4712640708417055,0.6876722116203593,1.1661743267091231,Platinum,4,1,4,9,Organic Loyalist
3576,61,Female,Coat,Outerwear,95,Kentucky,M,Violet,Fall,3.7,0,Express,0,0,49,Venmo,Bi-Weekly,26,0.6979854012719828,82.83205850313489,3.3361111111111157,0.6835970802543966,1.6616281580652126,Platinum,5,2,5,12,Champion
3577,29,Female,Boots,Footwear,24,Maine,L,Yellow,Spring,3.0,0,Express,0,0,12,Venmo,Bi-Weekly,26,0.5609423303122735,46.94569636087265,-2.7198160345219193,0.5721884660624547,0.39830438035076055,Bronze,2,2,1,5,At-Risk / One-Timer
3578,66,Female,Belt,Accessories,35,Missouri,S,Yellow,Winter,2.6,0,Standard,0,0,13,Bank Transfer,Weekly,52,0.8684816241748421,161.83545809244677,2.3996554557680767,0.6856963248349685,0.5849056603773585,Bronze,2,3,1,6,Occasional Buyer
3579,46,Female,Shoes,Footwear,22,Georgia,L,Olive,Winter,2.6,0,Standard,0,0,22,Bank Transfer,Quarterly,4,0.3651399364659534,4.579576635174936,-2.7198160345219193,0.4004126026778061,0.3651123486548638,Silver,3,1,1,5,At-Risk / One-Timer
3580,34,Female,Scarf,Accessories,66,Arizona,L,Olive,Fall,4.8,0,Standard,0,0,19,Credit Card,Every 3 Months,4,0.3509214074231668,5.902066607113918,2.3996554557680767,0.6615688968692488,1.1029649595687332,Silver,2,1,3,6,Occasional Buyer
3581,51,Female,Blouse,Clothing,83,New Hampshire,M,Magenta,Summer,3.2,0,2-Day Shipping,0,0,3,Cash,Bi-Weekly,26,0.44103314751110567,50.80756404981265,0.4712640708417055,0.5722066295022211,1.3827495588122458,Bronze,1,2,4,7,Occasional Buyer
3582,26,Female,Dress,Clothing,95,Georgia,M,Orange,Fall,4.9,0,Next Day Air,0,0,50,Credit Card,Weekly,52,1.0,237.34610595632748,0.4712640708417055,0.988,1.582665157676667,Platinum,5,3,5,13,Champion
3583,23,Female,Shorts,Clothing,41,California,S,Beige,Summer,3.4,0,2-Day Shipping,0,0,15,PayPal,Annually,1,0.2936047565606729,1.0973975783803116,0.4712640708417055,0.47056710515828837,0.6830449627867721,Silver,2,1,2,5,At-Risk / One-Timer
3584,52,Female,Blouse,Clothing,77,Arizona,L,Brown,Summer,2.7,0,Store Pickup,0,0,44,Credit Card,Every 3 Months,4,0.4334205100758389,7.55314784766285,0.4712640708417055,0.4260687173997832,1.2827917593800353,Platinum,5,1,4,10,Organic Loyalist
3585,39,Female,Sneakers,Footwear,52,Florida,L,Indigo,Fall,4.8,0,Express,0,0,48,Debit Card,Monthly,12,0.5343916393001171,25.460289650197407,-2.7198160345219193,0.7290321740138694,0.8629928240933145,Platinum,5,2,3,10,Organic Loyalist
3586,39,Female,Gloves,Accessories,41,New York,XL,Gray,Winter,4.1,0,Standard,0,0,4,Venmo,Bi-Weekly,26,0.46373441375821495,45.065436760669755,2.3996554557680767,0.684746882751643,0.6851752021563342,Bronze,1,2,2,5,At-Risk / One-Timer
3587,33,Female,Hoodie,Clothing,28,Idaho,M,Yellow,Winter,4.6,0,Store Pickup,0,0,12,PayPal,Bi-Weekly,26,0.5609423303122735,49.11032801280876,0.4712640708417055,0.7641884660624546,0.4664697306836492,Bronze,2,2,1,5,At-Risk / One-Timer
3588,33,Female,Sweater,Clothing,90,Virginia,S,Violet,Summer,4.4,0,Standard,0,0,33,Debit Card,Annually,1,0.37028891021212557,1.6703212507881309,0.4712640708417055,0.6059039358885789,1.4993669914831582,Gold,4,1,5,10,Organic Loyalist
3589,23,Female,Sunglasses,Accessories,55,Michigan,M,Magenta,Spring,3.5,0,2-Day Shipping,0,0,40,Cash,Annually,1,0.38933467262132265,1.567208982698057,2.3996554557680767,0.5017130883704184,0.9191374663072777,Platinum,4,1,3,8,Organic Loyalist
3590,31,Female,Belt,Accessories,73,New Hampshire,M,Blue,Spring,4.8,0,Next Day Air,0,0,38,Cash,Every 3 Months,4,0.4188623015480085,7.2112424438077705,2.3996554557680767,0.6751570756942171,1.2199460916442049,Gold,4,1,4,9,Organic Loyalist
3591,27,Female,Dress,Clothing,87,South Dakota,M,Gray,Fall,2.9,0,2-Day Shipping,0,0,19,Venmo,Every 3 Months,4,0.3509214074231668,6.284773345777002,0.4712640708417055,0.4335688968692487,1.449388091767053,Silver,2,1,5,8,Organic Loyalist
3592,48,Female,Jacket,Outerwear,89,South Dakota,M,Gold,Winter,3.2,0,2-Day Shipping,0,0,38,Bank Transfer,Quarterly,4,0.4188623015480085,7.5392025401700815,3.3361111111111157,0.4831570756942171,1.556683221766357,Gold,4,1,5,10,Organic Loyalist
3593,61,Female,Boots,Footwear,82,New Jersey,L,Lavender,Spring,4.4,0,2-Day Shipping,0,0,18,Venmo,Fortnightly,26,0.5995492938099868,68.88213191244692,-2.7198160345219193,0.7479098587619973,1.3608732995317652,Silver,2,2,4,8,Organic Loyalist
3594,63,Female,Sandals,Footwear,80,Wyoming,M,Black,Spring,4.6,0,Next Day Air,0,0,24,PayPal,Monthly,12,0.4659303659779684,24.570087634897238,-2.7198160345219193,0.6913399193494397,1.3276812678358685,Silver,3,2,4,9,Organic Loyalist
3595,19,Female,Scarf,Accessories,87,Alabama,L,Charcoal,Summer,2.6,0,2-Day Shipping,0,0,29,Venmo,Quarterly,4,0.39217095874950286,7.023525884713454,2.3996554557680767,0.40581880713451596,1.4539083557951482,Gold,3,1,5,9,Organic Loyalist
3596,21,Female,Blouse,Clothing,41,South Dakota,M,Violet,Spring,3.1,0,Store Pickup,0,0,14,PayPal,Annually,1,0.28703900037856545,1.0728569509773924,0.4712640708417055,0.43325395392186694,0.6830449627867721,Silver,2,1,2,5,At-Risk / One-Timer
3597,28,Female,Hoodie,Clothing,83,South Carolina,M,Charcoal,Spring,4.3,0,Standard,0,0,44,Cash,Fortnightly,26,0.6872666639219928,79.17396967455474,0.4712640708417055,0.7534533327843985,1.3827495588122458,Platinum,5,2,4,11,Champion
3598,29,Female,Sunglasses,Accessories,71,New Mexico,M,Maroon,Summer,3.1,0,Standard,0,0,18,Bank Transfer,Quarterly,4,0.34570313996383295,5.913827623683159,2.3996554557680767,0.456525243377382,1.186522911051213,Silver,2,1,4,7,Occasional Buyer
3599,23,Female,Hoodie,Clothing,76,Connecticut,XL,Purple,Spring,4.6,0,Store Pickup,0,0,19,Bank Transfer,Bi-Weekly,26,0.6047675612693206,68.30180790167553,0.4712640708417055,0.772953512253864,1.2661321261413336,Silver,2,2,4,8,Organic Loyalist
3600,37,Female,Scarf,Accessories,34,Kansas,S,Peach,Spring,4.6,0,Express,0,0,4,Cash,Weekly,52,0.7637344137582149,141.1977667072972,2.3996554557680767,0.904746882751643,0.5681940700808625,Bronze,1,3,1,5,At-Risk / One-Timer
3601,67,Female,Dress,Clothing,81,South Carolina,XL,Olive,Spring,2.7,0,Free Shipping,0,0,25,Cash,Bi-Weekly,26,0.6314589040678263,72.34921476671413,0.4712640708417055,0.5502917808135653,1.3494302923348425,Silver,3,2,4,9,Organic Loyalist
3602,34,Female,T-shirt,Clothing,47,North Carolina,M,Indigo,Summer,3.0,0,Next Day Air,0,0,3,PayPal,Monthly,12,0.27949468597264415,12.983761330568203,0.4712640708417055,0.46205278334837496,0.7830027622189826,Bronze,1,2,2,5,At-Risk / One-Timer
3603,58,Female,Skirt,Clothing,36,Wyoming,S,Magenta,Summer,3.3,0,Store Pickup,0,0,40,Debit Card,Quarterly,4,0.42395005723670726,6.123395422970281,0.4712640708417055,0.4961746268319568,0.5997467965932632,Platinum,4,1,2,7,Occasional Buyer
3604,45,Female,Jeans,Clothing,51,Louisiana,M,Gold,Spring,2.7,0,Free Shipping,0,0,5,Cash,Weekly,52,0.7822826988374417,160.73145919669113,0.4712640708417055,0.6804565397674884,0.8496412951737896,Bronze,1,3,2,6,Occasional Buyer
3605,63,Female,Hoodie,Clothing,86,Louisiana,M,Orange,Fall,3.3,0,Standard,0,0,17,Debit Card,Annually,1,0.3055872854577921,1.3647247390835697,0.4712640708417055,0.4609636109377122,1.432728458528351,Silver,2,1,5,8,Organic Loyalist
3606,68,Female,Jeans,Clothing,41,Alabama,M,Gold,Fall,4.3,0,Store Pickup,0,0,36,Bank Transfer,Every 3 Months,4,0.413506648637333,6.182204950279742,0.4712640708417055,0.6140859451120819,0.6830449627867721,Gold,4,1,2,7,Occasional Buyer
3607,41,Female,Sandals,Footwear,90,Minnesota,XL,Purple,Fall,4.8,0,Express,0,0,41,Venmo,Annually,1,0.39178621079519266,1.7672925534877093,-2.7198160345219193,0.6582033960051923,1.493641426315352,Platinum,5,1,5,11,Champion
3608,50,Female,Hat,Accessories,93,New Mexico,L,Charcoal,Fall,3.3,0,Standard,0,0,20,Venmo,Bi-Weekly,26,0.6097311755011783,72.02490017428835,2.3996554557680767,0.6179462351002356,1.554177897574124,Silver,2,2,5,9,Organic Loyalist
3609,24,Female,Gloves,Accessories,56,Tennessee,M,Cyan,Fall,4.3,0,Next Day Air,0,0,2,Cash,Every 3 Months,4,0.15791997123573503,2.553914159684137,2.3996554557680767,0.5629686096317623,0.9358490566037736,Bronze,1,1,3,5,At-Risk / One-Timer
3610,21,Female,Socks,Clothing,39,New Mexico,M,Cyan,Summer,3.0,0,2-Day Shipping,0,0,31,Debit Card,Monthly,12,0.4910444072393027,21.736843499071444,0.4712640708417055,0.5043627276017066,0.6497256963093685,Gold,4,2,2,8,Organic Loyalist
3611,18,Female,Jacket,Outerwear,86,Texas,XL,Green,Fall,4.8,0,2-Day Shipping,0,0,23,Bank Transfer,Fortnightly,26,0.6233158463485474,72.3754537660448,3.3361111111111157,0.8006631692697095,1.5042107536169294,Silver,3,2,5,10,Organic Loyalist
3612,63,Female,T-shirt,Clothing,82,Washington,M,Silver,Spring,2.9,0,Standard,0,0,30,Credit Card,Annually,1,0.3608914110593454,1.59472162219405,0.4712640708417055,0.42402443605802287,1.3660899255735441,Gold,3,1,4,8,Organic Loyalist
3613,47,Female,Sandals,Footwear,29,Michigan,M,Teal,Summer,3.6,0,Standard,0,0,26,Cash,Every 3 Months,4,0.3814522213995128,5.189577186612943,-2.7198160345219193,0.5236750596645179,0.4812844595905023,Gold,3,1,1,5,At-Risk / One-Timer
3614,58,Female,Hat,Accessories,27,Minnesota,M,Magenta,Fall,3.5,0,Store Pickup,0,0,40,Venmo,Annually,1,0.38933467262132265,1.2973427520763579,2.3996554557680767,0.5017130883704184,0.45121293800539086,Platinum,4,1,1,6,Occasional Buyer
3615,46,Female,Gloves,Accessories,25,Delaware,L,Maroon,Spring,4.7,0,2-Day Shipping,0,0,19,Bank Transfer,Annually,1,0.3163060228077822,1.0305555578653791,2.3996554557680767,0.6311073584077104,0.41778975741239893,Silver,2,1,1,4,At-Risk / One-Timer
3616,35,Female,Dress,Clothing,31,California,M,Gold,Winter,4.4,0,Free Shipping,0,0,4,Credit Card,Monthly,12,0.3021959522197534,12.567976335465001,0.4712640708417055,0.634593036597797,0.5164486303997545,Bronze,1,2,1,4,At-Risk / One-Timer
3617,42,Female,Hoodie,Clothing,23,Wisconsin,L,Purple,Winter,3.3,0,Store Pickup,0,0,33,Debit Card,Fortnightly,26,0.658750448673664,54.4321540529199,0.4712640708417055,0.6277500897347328,0.38317156449014045,Gold,4,2,1,7,Occasional Buyer
3618,48,Female,Belt,Accessories,47,Kentucky,M,Lavender,Fall,4.3,0,Express,0,0,29,Debit Card,Monthly,12,0.4844786510571952,22.506170924830865,2.3996554557680767,0.6590495763652853,0.78544474393531,Gold,3,2,2,7,Occasional Buyer
3619,28,Female,Gloves,Accessories,67,Nevada,M,Maroon,Fall,4.0,0,2-Day Shipping,0,0,47,PayPal,Bi-Weekly,26,0.6938324201041003,76.11841231098616,2.3996554557680767,0.71876648402082,1.1196765498652292,Platinum,5,2,3,10,Organic Loyalist
3620,44,Female,Scarf,Accessories,75,North Carolina,S,Magenta,Winter,4.9,0,2-Day Shipping,0,0,50,Venmo,Weekly,52,1.0,225.1981336948892,2.3996554557680767,0.988,1.2533692722371967,Platinum,5,3,4,12,Champion
3621,60,Female,Sandals,Footwear,82,Louisiana,M,Turquoise,Summer,2.9,0,Express,0,0,28,Credit Card,Fortnightly,26,0.6425681751459875,73.824564985934,-2.7198160345219193,0.5765136350291975,1.3608732995317652,Gold,3,2,4,9,Organic Loyalist
3622,38,Female,Sneakers,Footwear,32,New Jersey,XL,Silver,Summer,4.0,0,2-Day Shipping,0,0,5,Cash,Fortnightly,26,0.48228269883744174,43.84393268448898,-2.7198160345219193,0.6764565397674883,0.5310725071343474,Bronze,1,2,1,4,At-Risk / One-Timer
3623,46,Female,Dress,Clothing,41,Wisconsin,M,Purple,Fall,4.3,0,Store Pickup,0,0,12,Credit Card,Annually,1,0.27248079185073504,1.0184431772662867,0.4712640708417055,0.5743423122163008,0.6830449627867721,Bronze,2,1,2,5,At-Risk / One-Timer
3624,39,Female,Jewelry,Accessories,89,Arkansas,M,Violet,Winter,2.7,0,2-Day Shipping,0,0,4,PayPal,Weekly,52,0.7637344137582149,178.70629403084803,2.3996554557680767,0.676746882751643,1.4873315363881403,Bronze,1,3,5,9,Organic Loyalist
3625,22,Female,Hat,Accessories,82,Texas,XL,Peach,Fall,5.0,0,Store Pickup,0,0,22,Bank Transfer,Bi-Weekly,26,0.6189860903121072,71.11522265984217,2.3996554557680767,0.8237972180624213,1.3703504043126684,Silver,3,2,4,9,Organic Loyalist
3626,44,Female,Scarf,Accessories,99,Illinois,L,Green,Winter,4.4,0,Express,0,0,32,PayPal,Weekly,52,0.9557133899698174,228.8635861116079,2.3996554557680767,0.9191426779939634,1.6544474393531,Gold,4,3,5,12,Champion
3627,69,Female,Blouse,Clothing,98,Mississippi,L,Teal,Fall,3.5,0,Express,0,0,32,Venmo,Quarterly,4,0.4018672361236636,7.386512455322284,0.4712640708417055,0.5157580626093481,1.6326440573927723,Gold,4,1,5,10,Organic Loyalist
3628,39,Female,Belt,Accessories,54,Delaware,M,Silver,Winter,3.3,0,Next Day Air,0,0,48,Cash,Every 3 Months,4,0.44208394699242487,7.086310685765188,2.3996554557680767,0.4998014047831003,0.9024258760107817,Platinum,5,1,3,9,Organic Loyalist
3629,53,Female,Blouse,Clothing,88,Georgia,L,Purple,Summer,3.8,0,Free Shipping,0,0,35,Credit Card,Monthly,12,0.5030269361364219,27.094860005962435,0.4712640708417055,0.6027592333811306,1.4660477250057546,Gold,4,2,5,11,Champion
3630,52,Female,T-shirt,Clothing,43,Kansas,L,Lavender,Summer,4.5,0,Standard,0,0,44,Debit Card,Fortnightly,26,0.6872666639219928,67.61943201913094,0.4712640708417055,0.7774533327843985,0.7163642292641755,Platinum,5,2,2,9,Organic Loyalist
3631,65,Female,Hat,Accessories,73,Oklahoma,M,Lavender,Winter,4.8,0,Store Pickup,0,0,29,Cash,Weekly,52,0.9460171125956567,211.72940005863177,2.3996554557680767,0.9652034225191314,1.2199460916442049,Gold,3,3,4,10,Organic Loyalist
3632,48,Female,Hat,Accessories,50,New Jersey,M,Peach,Fall,2.9,0,Store Pickup,0,0,26,Credit Card,Monthly,12,0.4737599137072051,22.352896469655043,2.3996554557680767,0.48890582889528716,0.8355795148247979,Gold,3,2,2,7,Occasional Buyer
3633,27,Female,Sneakers,Footwear,73,Utah,L,Green,Spring,3.2,0,Express,0,0,3,Debit Card,Quarterly,4,0.18718699366495184,3.2226600213405976,-2.7198160345219193,0.43682201411760574,1.2115091569002299,Bronze,1,1,4,6,Occasional Buyer
3634,39,Female,Gloves,Accessories,51,Montana,M,Orange,Spring,2.8,0,Free Shipping,0,0,1,Bank Transfer,Bi-Weekly,26,0.3705165737555528,38.06403340173044,2.3996554557680767,0.5101033147511105,0.8522911051212938,Bronze,1,2,2,5,At-Risk / One-Timer
3635,59,Female,Socks,Clothing,22,Ohio,M,Pink,Winter,3.3,0,Standard,0,0,17,PayPal,Annually,1,0.3055872854577921,0.9581671660143971,0.4712640708417055,0.4609636109377122,0.36651193125143866,Silver,2,1,1,4,At-Risk / One-Timer
3636,52,Female,Sandals,Footwear,32,Colorado,L,Cyan,Fall,3.3,0,Free Shipping,0,0,17,Credit Card,Fortnightly,26,0.5940488239193306,54.00450132256943,-2.7198160345219193,0.6148097647838662,0.5310725071343474,Silver,2,2,1,5,At-Risk / One-Timer
3637,50,Female,Sandals,Footwear,38,California,L,Lavender,Summer,4.2,0,2-Day Shipping,0,0,36,Cash,Weekly,52,0.9673528024834868,184.28574452363554,-2.7198160345219193,0.8974705604966973,0.6306486022220374,Gold,4,3,2,9,Organic Loyalist
3638,32,Female,Boots,Footwear,66,Utah,L,Yellow,Winter,3.6,0,Express,0,0,32,Credit Card,Fortnightly,26,0.6557133899698174,71.68390453228996,-2.7198160345219193,0.6631426779939635,1.0953370459645915,Gold,4,2,3,9,Organic Loyalist
3639,40,Female,Backpack,Accessories,20,Kansas,M,Olive,Spring,4.6,0,Express,0,0,50,PayPal,Bi-Weekly,26,0.7,55.4103083665663,2.3996554557680767,0.7919999999999999,0.33423180592991913,Platinum,5,2,1,8,Organic Loyalist
3640,26,Female,Coat,Outerwear,44,Illinois,M,Brown,Summer,3.6,0,2-Day Shipping,0,0,39,Venmo,Annually,1,0.38682259656333506,1.472503068533205,3.3361111111111157,0.5132106731588209,0.7695961995249406,Platinum,4,1,2,7,Occasional Buyer
3641,47,Female,Sunglasses,Accessories,31,Minnesota,L,Pink,Spring,4.0,0,Next Day Air,0,0,17,PayPal,Monthly,12,0.43251036238086904,17.987600294835577,2.3996554557680767,0.61265591863002,0.5180592991913747,Silver,2,2,1,5,At-Risk / One-Timer
3642,51,Female,Jacket,Outerwear,45,New York,M,Cyan,Fall,2.7,0,Free Shipping,0,0,39,Bank Transfer,Every 3 Months,4,0.42143798117871967,6.454139603174553,3.3361111111111157,0.42367221162035934,0.7870870222414165,Platinum,4,1,2,7,Occasional Buyer
3643,47,Female,Dress,Clothing,71,Arizona,L,Maroon,Summer,4.4,0,Store Pickup,0,0,5,PayPal,Annually,1,0.1938211603759033,0.8289083897280028,0.4712640708417055,0.5706103859213345,1.1828339599478248,Bronze,1,1,4,6,Occasional Buyer
3644,53,Female,Scarf,Accessories,96,Tennessee,XL,Magenta,Fall,3.2,0,Standard,0,0,47,Debit Card,Annually,1,0.40537088164256185,1.8544546226158232,2.3996554557680767,0.4689203301746662,1.604312668463612,Platinum,5,1,5,11,Champion
3645,35,Female,Blouse,Clothing,32,Arkansas,M,Violet,Winter,2.6,0,Next Day Air,0,0,18,Venmo,Weekly,52,0.8995492938099867,163.55460720135946,0.4712640708417055,0.6919098587619974,0.5331082636384562,Silver,2,3,1,6,Occasional Buyer
3646,38,Female,Backpack,Accessories,90,Colorado,L,Silver,Summer,3.4,0,Free Shipping,0,0,31,Credit Card,Every 3 Months,4,0.3987367149316104,7.194581204586215,2.3996554557680767,0.5031319583709375,1.5040431266846361,Gold,4,1,5,10,Organic Loyalist
3647,69,Female,Jewelry,Accessories,68,Nevada,M,Maroon,Spring,5.0,0,2-Day Shipping,0,0,39,Debit Card,Fortnightly,26,0.6752841350248735,74.33984866256392,2.3996554557680767,0.8350568270049746,1.136388140161725,Platinum,4,2,3,9,Organic Loyalist
3648,47,Female,Shorts,Clothing,45,Kansas,M,Gray,Winter,2.9,0,Store Pickup,0,0,12,Bank Transfer,Weekly,52,0.8609423303122734,171.40445118281463,0.4712640708417055,0.7201884660624547,0.7496834957415791,Bronze,2,3,2,7,Occasional Buyer
3649,31,Female,Skirt,Clothing,67,New York,M,White,Winter,5.0,0,Free Shipping,0,0,45,Cash,Bi-Weekly,26,0.68950266406766,75.64340689809656,0.4712640708417055,0.8379005328135319,1.1161954269930177,Platinum,5,2,3,10,Organic Loyalist
3650,68,Female,Skirt,Clothing,57,Minnesota,M,Brown,Fall,4.4,0,Standard,0,0,33,Credit Card,Fortnightly,26,0.658750448673664,69.5452850302937,0.4712640708417055,0.7597500897347328,0.9495990946060002,Gold,4,2,3,9,Organic Loyalist
3651,51,Female,Jeans,Clothing,60,Ohio,M,Silver,Summer,3.5,0,2-Day Shipping,0,0,3,PayPal,Annually,1,0.15257160904956724,0.6272026400567342,0.4712640708417055,0.45436047565606724,0.9995779943221055,Bronze,1,1,3,5,At-Risk / One-Timer
3652,20,Female,Handbag,Accessories,32,Arizona,M,Yellow,Spring,3.8,0,Express,0,0,5,Venmo,Every 3 Months,4,0.2284365449912879,3.1949204275092637,2.3996554557680767,0.517071924382873,0.5347708894878707,Bronze,1,1,1,3,At-Risk / One-Timer
3653,27,Female,Handbag,Accessories,29,Kentucky,S,Magenta,Fall,3.8,0,Store Pickup,0,0,23,Debit Card,Monthly,12,0.4617773848100859,18.84715238552234,2.3996554557680767,0.5945093231158634,0.4846361185983828,Silver,3,2,1,6,Occasional Buyer
3654,67,Female,Coat,Outerwear,20,Minnesota,M,Blue,Spring,3.9,0,Next Day Air,0,0,39,Credit Card,Fortnightly,26,0.6752841350248735,53.45386022396891,3.3361111111111157,0.7030568270049746,0.34981645432951847,Platinum,4,2,1,7,Occasional Buyer
3655,21,Female,Jewelry,Accessories,98,Arkansas,M,Green,Winter,3.3,0,Next Day Air,0,0,10,Credit Card,Annually,1,0.25548572642639006,1.1739875329279603,2.3996554557680767,0.45094329913143183,1.6377358490566039,Bronze,1,1,5,7,Occasional Buyer
3656,20,Female,Sweater,Clothing,27,Wyoming,M,Yellow,Fall,2.9,0,Next Day Air,0,0,4,Credit Card,Bi-Weekly,26,0.46373441375821495,40.176705531263025,0.4712640708417055,0.540746882751643,0.44981009744494743,Bronze,1,2,1,4,At-Risk / One-Timer
3657,35,Female,Jacket,Outerwear,67,North Dakota,XL,Cyan,Spring,3.7,0,2-Day Shipping,0,0,18,Credit Card,Monthly,12,0.43801083227152526,22.178280980643606,3.3361111111111157,0.5777560126081512,1.1718851220038868,Silver,2,2,3,7,Occasional Buyer
3658,58,Female,Shoes,Footwear,82,Alabama,L,Gold,Winter,3.7,0,Express,0,0,1,Debit Card,Every 3 Months,4,0.116670419909399,2.062191956897332,-2.7198160345219193,0.4827186993664952,1.3608732995317652,Bronze,1,1,4,6,Occasional Buyer
3659,28,Female,T-shirt,Clothing,72,Mississippi,M,Magenta,Fall,4.6,0,Standard,0,0,18,PayPal,Fortnightly,26,0.5995492938099868,66.88089012958362,0.4712640708417055,0.7719098587619972,1.1994935931865265,Silver,2,2,4,8,Organic Loyalist
3660,27,Female,Sandals,Footwear,77,Illinois,S,Gray,Fall,4.9,0,Store Pickup,0,0,46,Bank Transfer,Annually,1,0.4032290359795592,1.7567515002296805,-2.7198160345219193,0.6724919610420658,1.2778932202920232,Platinum,5,1,4,10,Organic Loyalist
3661,19,Female,Shoes,Footwear,74,Arkansas,L,Indigo,Winter,3.1,0,2-Day Shipping,0,0,13,Bank Transfer,Fortnightly,26,0.5684816241748422,63.81472903360612,-2.7198160345219193,0.5856963248349685,1.2281051727481782,Bronze,2,2,4,8,Organic Loyalist
3662,63,Female,Sandals,Footwear,39,Kansas,S,White,Winter,3.5,0,Next Day Air,0,0,5,Credit Card,Fortnightly,26,0.48228269883744174,46.256151209217514,-2.7198160345219193,0.6164565397674884,0.6472446180699859,Bronze,1,2,2,5,At-Risk / One-Timer
3663,69,Female,Shorts,Clothing,80,Rhode Island,M,Indigo,Spring,4.9,0,Next Day Air,0,0,11,Debit Card,Weekly,52,0.8527992725929945,194.8743182126809,0.4712640708417055,0.9585598545185989,1.3327706590961406,Bronze,2,3,4,9,Organic Loyalist
3664,65,Female,Backpack,Accessories,59,Florida,M,Green,Summer,4.4,0,Express,0,0,49,Credit Card,Weekly,52,0.9979854012719828,212.47699724549915,2.3996554557680767,0.9275970802543966,0.9859838274932615,Platinum,5,3,3,11,Champion
3665,63,Female,Jacket,Outerwear,68,Missouri,M,Turquoise,Fall,4.4,0,Store Pickup,0,0,1,Debit Card,Fortnightly,26,0.3705165737555528,40.78897250998639,3.3361111111111157,0.7021033147511105,1.1893759447203627,Bronze,1,2,3,6,Occasional Buyer
3666,28,Female,Socks,Clothing,77,North Carolina,M,Peach,Fall,3.4,0,Next Day Air,0,0,11,Credit Card,Quarterly,4,0.2989531187468407,5.209806764842971,0.4712640708417055,0.4831752391339835,1.2827917593800353,Bronze,2,1,4,7,Occasional Buyer
3667,67,Female,Jewelry,Accessories,50,Alabama,M,Olive,Winter,3.0,0,2-Day Shipping,0,0,47,Cash,Every 3 Months,4,0.43998626625794646,6.919797118878656,2.3996554557680767,0.4633818686362047,0.8355795148247979,Platinum,5,1,2,8,Organic Loyalist
3668,51,Female,Pants,Clothing,45,Washington,L,Cyan,Fall,2.6,0,Next Day Air,0,0,20,Venmo,Monthly,12,0.4481927139627167,20.591630139389437,0.4712640708417055,0.4477923889463895,0.7496834957415791,Silver,2,2,2,6,Occasional Buyer
3669,59,Female,Blouse,Clothing,71,Michigan,XL,Magenta,Summer,3.2,0,Store Pickup,0,0,18,Venmo,Annually,1,0.31108775534844835,1.3304184633394647,0.4712640708417055,0.4500637049158435,1.1828339599478248,Silver,2,1,4,7,Occasional Buyer
3670,25,Female,Socks,Clothing,52,Washington,S,Silver,Fall,4.6,0,Store Pickup,0,0,43,PayPal,Quarterly,4,0.43113425855288035,6.846915441551163,0.4712640708417055,0.6536114670951915,0.8663009284124914,Platinum,5,1,3,9,Organic Loyalist
3671,31,Female,Shoes,Footwear,50,Vermont,S,White,Winter,3.8,0,Free Shipping,0,0,4,PayPal,Every 3 Months,4,0.20988825991206111,3.3009761613205897,-2.7198160345219193,0.5133622673670276,0.8298007923974178,Bronze,1,1,2,4,At-Risk / One-Timer
3672,62,Female,Handbag,Accessories,66,Illinois,L,Pink,Summer,4.8,0,2-Day Shipping,0,0,20,Venmo,Quarterly,4,0.3558850216550244,5.9855484956187,2.3996554557680767,0.6625616197156203,1.1029649595687332,Silver,2,1,3,6,Occasional Buyer
3673,51,Female,Sandals,Footwear,81,New York,S,Pink,Fall,4.5,0,Free Shipping,0,0,7,PayPal,Monthly,12,0.350011259728197,18.508816260041442,-2.7198160345219193,0.6561560980994856,1.3442772836838168,Bronze,1,2,4,7,Occasional Buyer
3674,32,Female,Socks,Clothing,28,Rhode Island,M,Pink,Summer,4.2,0,2-Day Shipping,0,0,31,Bank Transfer,Fortnightly,26,0.6525828687777642,57.13342889165537,0.4712640708417055,0.7345165737555528,0.4664697306836492,Gold,4,2,1,7,Occasional Buyer
3675,35,Female,Handbag,Accessories,65,Washington,M,Blue,Winter,2.7,0,2-Day Shipping,0,0,41,Venmo,Fortnightly,26,0.6802477492567311,74.10008341908292,2.3996554557680767,0.5600495498513463,1.0862533692722371,Platinum,5,2,3,10,Organic Loyalist
3676,70,Female,Hat,Accessories,80,Virginia,M,White,Winter,4.5,0,Express,0,0,3,Bank Transfer,Monthly,12,0.27949468597264415,14.738702238095097,2.3996554557680767,0.6420527833483751,1.3369272237196765,Bronze,1,2,4,7,Occasional Buyer
3677,19,Female,Jewelry,Accessories,94,Wisconsin,S,Teal,Spring,4.9,0,Free Shipping,0,0,16,PayPal,Monthly,12,0.4266954133796496,23.317420592898316,2.3996554557680767,0.7194929288297762,1.57088948787062,Silver,2,2,5,9,Organic Loyalist
3678,32,Female,Backpack,Accessories,30,Michigan,M,Gray,Fall,2.8,0,Standard,0,0,43,Cash,Annually,1,0.39651887393749574,1.361640739438219,2.3996554557680767,0.41914992863365297,0.5013477088948787,Platinum,5,1,1,7,Occasional Buyer
3679,56,Female,Shirt,Clothing,45,Texas,S,Beige,Fall,3.5,0,Standard,0,0,29,Bank Transfer,Fortnightly,26,0.6460171125956566,64.30756436322629,0.4712640708417055,0.6492034225191313,0.7496834957415791,Gold,3,2,2,7,Occasional Buyer
3680,53,Female,Coat,Outerwear,91,Idaho,M,Violet,Summer,2.5,0,Store Pickup,0,0,5,Cash,Bi-Weekly,26,0.48228269883744174,56.700290361299686,3.3361111111111157,0.4964565397674884,1.591664867199309,Bronze,1,2,5,8,Organic Loyalist
3681,22,Female,Sunglasses,Accessories,36,Iowa,S,Blue,Winter,2.9,0,Standard,0,0,30,Debit Card,Quarterly,4,0.39550679567473,5.712570292297608,2.3996554557680767,0.4424859745195614,0.6016172506738545,Gold,3,1,2,6,Occasional Buyer
3682,26,Female,Gloves,Accessories,73,Connecticut,XL,Magenta,Fall,4.2,0,Next Day Air,0,0,33,Debit Card,Monthly,12,0.4972119871352025,25.680393093015674,2.3996554557680767,0.6495962435808867,1.2199460916442049,Gold,4,2,4,10,Organic Loyalist
3683,42,Female,Shirt,Clothing,60,Wyoming,M,Maroon,Fall,4.6,0,Store Pickup,0,0,46,Venmo,Bi-Weekly,26,0.6916905744410977,73.92977031868826,0.4712640708417055,0.7903381148882195,0.9995779943221055,Platinum,5,2,3,10,Organic Loyalist
3684,30,Female,Socks,Clothing,77,Mississippi,M,Purple,Winter,3.0,0,Free Shipping,0,0,17,Venmo,Fortnightly,26,0.5940488239193306,67.29054162100188,0.4712640708417055,0.5788097647838661,1.2827917593800353,Silver,2,2,4,8,Organic Loyalist
3685,29,Female,Skirt,Clothing,86,Pennsylvania,L,Charcoal,Spring,4.4,0,Free Shipping,0,0,47,Credit Card,Bi-Weekly,26,0.6938324201041003,80.56338778614514,0.4712640708417055,0.76676648402082,1.432728458528351,Platinum,5,2,5,12,Champion
3686,47,Female,Shorts,Clothing,42,Tennessee,L,Red,Summer,2.6,0,Standard,0,0,17,Cash,Bi-Weekly,26,0.5940488239193306,58.092749136578284,0.4712640708417055,0.5308097647838661,0.6997045960254739,Silver,2,2,2,6,Occasional Buyer
3687,59,Female,Sandals,Footwear,70,Louisiana,M,Charcoal,Spring,4.8,0,Free Shipping,0,0,17,Cash,Bi-Weekly,26,0.5940488239193306,65.83823916022574,-2.7198160345219193,0.7948097647838661,1.1617211093563848,Silver,2,2,4,8,Organic Loyalist
3688,34,Female,Shirt,Clothing,44,Arkansas,L,Lavender,Summer,2.9,0,Next Day Air,0,0,28,Bank Transfer,Every 3 Months,4,0.38872202129983363,5.918934149719104,0.4712640708417055,0.44112901964458207,0.7330238625028773,Gold,3,1,2,6,Occasional Buyer
3689,52,Female,Sunglasses,Accessories,91,West Virginia,L,White,Spring,3.0,0,Next Day Air,0,0,8,Cash,Monthly,12,0.3619937886253162,19.642312540423916,2.3996554557680767,0.4785526038789094,1.5207547169811322,Bronze,1,2,5,8,Organic Loyalist
3690,47,Female,Jewelry,Accessories,30,South Carolina,L,Red,Fall,4.5,0,Standard,0,0,8,Bank Transfer,Quarterly,4,0.2696860963176239,3.704394415929077,2.3996554557680767,0.6093218346481402,0.5013477088948787,Bronze,1,1,1,3,At-Risk / One-Timer
3691,24,Female,Blouse,Clothing,23,Kansas,S,Violet,Fall,3.7,0,Store Pickup,0,0,4,Bank Transfer,Bi-Weekly,26,0.46373441375821495,38.31809617761981,0.4712640708417055,0.636746882751643,0.38317156449014045,Bronze,1,2,1,4,At-Risk / One-Timer
3692,63,Female,Sandals,Footwear,21,Michigan,XL,Orange,Summer,4.8,0,Next Day Air,0,0,24,PayPal,Weekly,52,0.9274688275164299,149.0759670410268,-2.7198160345219193,0.961493765503286,0.34851633280691546,Silver,3,3,1,7,Occasional Buyer
3693,59,Female,Coat,Outerwear,34,Alabama,L,Turquoise,Spring,4.8,0,Free Shipping,0,0,29,Cash,Fortnightly,26,0.6460171125956566,59.71720791285485,3.3361111111111157,0.8052034225191312,0.5946879723601813,Gold,3,2,1,6,Occasional Buyer
3694,66,Female,Blouse,Clothing,46,South Dakota,M,Violet,Summer,4.7,0,2-Day Shipping,0,0,10,Venmo,Weekly,52,0.8439472648879285,168.9647199696571,0.4712640708417055,0.9327894529775858,0.7663431289802809,Bronze,1,3,2,6,Occasional Buyer
3695,45,Female,Sweater,Clothing,41,Rhode Island,M,Blue,Winter,2.6,0,Express,0,0,11,PayPal,Bi-Weekly,26,0.5527992725929946,53.72070720067953,0.4712640708417055,0.522559854518599,0.6830449627867721,Bronze,2,2,2,6,Occasional Buyer
3696,38,Female,Skirt,Clothing,33,Florida,M,White,Fall,4.6,0,Standard,0,0,18,Bank Transfer,Fortnightly,26,0.5995492938099868,54.96990101857889,0.4712640708417055,0.7719098587619972,0.549767896877158,Silver,2,2,1,5,At-Risk / One-Timer
3697,63,Female,Blouse,Clothing,48,Connecticut,L,Turquoise,Fall,3.4,0,Next Day Air,0,0,26,Bank Transfer,Annually,1,0.3468368367841282,1.3498266415289524,0.4712640708417055,0.48121352120297944,0.7996623954576844,Gold,3,1,2,6,Occasional Buyer
3698,55,Female,Hoodie,Clothing,66,Pennsylvania,L,Pink,Winter,3.0,0,Standard,0,0,39,Cash,Weekly,52,0.9752841350248735,213.24004022610578,0.4712640708417055,0.7550568270049748,1.099535793754316,Platinum,4,3,3,10,Organic Loyalist
3699,25,Female,Skirt,Clothing,54,California,XL,Maroon,Spring,4.0,0,2-Day Shipping,0,0,4,Venmo,Annually,1,0.1752728752966765,0.7023768096474844,0.4712640708417055,0.5189007289054891,0.8996201948898949,Bronze,1,1,3,5,At-Risk / One-Timer
3700,51,Female,Backpack,Accessories,55,Oklahoma,M,Olive,Fall,2.6,0,Store Pickup,0,0,24,Bank Transfer,Weekly,52,0.9274688275164299,194.1361870732652,2.3996554557680767,0.697493765503286,0.9191374663072777,Silver,3,3,3,9,Organic Loyalist
3701,28,Female,Handbag,Accessories,84,North Dakota,XL,Charcoal,Summer,3.4,0,Store Pickup,0,0,2,Bank Transfer,Every 3 Months,4,0.15791997123573503,2.8063334345414117,2.3996554557680767,0.4549686096317624,1.4037735849056605,Bronze,1,1,4,6,Occasional Buyer
3702,46,Female,Sandals,Footwear,66,New Mexico,M,Charcoal,Spring,4.5,0,Store Pickup,0,0,36,Cash,Annually,1,0.3788912640219484,1.5931213013848002,-2.7198160345219193,0.6196244066505435,1.0953370459645915,Gold,4,1,3,8,Organic Loyalist
3703,58,Female,Shoes,Footwear,65,South Carolina,M,Indigo,Spring,2.7,0,Store Pickup,0,0,36,Venmo,Weekly,52,0.9673528024834868,210.7494613191496,-2.7198160345219193,0.7174705604966973,1.0787410301166431,Gold,4,3,3,10,Organic Loyalist
3704,30,Female,Sandals,Footwear,83,Michigan,S,Teal,Fall,2.9,0,Standard,0,0,23,PayPal,Every 3 Months,4,0.3694696925023936,6.548210080812315,-2.7198160345219193,0.43727855388509407,1.3774693153797135,Silver,3,1,4,8,Organic Loyalist
3705,68,Female,Sunglasses,Accessories,61,Missouri,L,Black,Winter,4.0,0,Store Pickup,0,0,36,Credit Card,Quarterly,4,0.413506648637333,6.826390032143585,2.3996554557680767,0.578085945112082,1.0194070080862534,Gold,4,1,3,8,Organic Loyalist
3706,28,Female,Skirt,Clothing,65,Colorado,L,Teal,Summer,3.2,0,Free Shipping,0,0,2,Debit Card,Annually,1,0.12330458662035042,0.5166036460475593,0.4712640708417055,0.41250707117022395,1.0828761605156143,Bronze,1,1,3,5,At-Risk / One-Timer
3707,26,Female,Sandals,Footwear,55,Kansas,M,Green,Spring,4.0,0,Store Pickup,0,0,17,Cash,Bi-Weekly,26,0.5940488239193306,62.172641381315515,-2.7198160345219193,0.698809764783866,0.9127808716371595,Silver,2,2,3,7,Occasional Buyer
3708,35,Female,Gloves,Accessories,79,Illinois,M,Gold,Fall,3.4,0,2-Day Shipping,0,0,19,Venmo,Weekly,52,0.9047675612693207,206.16520868689696,2.3996554557680767,0.7889535122538641,1.3202156334231807,Silver,2,3,4,9,Organic Loyalist
3709,40,Female,Hoodie,Clothing,96,South Carolina,M,Red,Fall,4.9,0,Express,0,0,41,PayPal,Monthly,12,0.5187092877182695,28.47534087811725,0.4712640708417055,0.7378957036975002,1.5993247909153687,Platinum,5,2,5,12,Champion
3710,31,Female,Socks,Clothing,43,Utah,M,Silver,Fall,3.6,0,Free Shipping,0,0,27,PayPal,Quarterly,4,0.3851520440842412,5.8299534908240584,0.4712640708417055,0.5244150242014636,0.7163642292641755,Gold,3,1,2,6,Occasional Buyer
3711,60,Female,Jewelry,Accessories,40,Hawaii,M,Yellow,Summer,3.6,0,2-Day Shipping,0,0,32,Bank Transfer,Fortnightly,26,0.6557133899698174,63.311012147653464,2.3996554557680767,0.6631426779939635,0.6684636118598383,Gold,4,2,2,8,Organic Loyalist
3712,69,Female,Hat,Accessories,62,Texas,XL,Peach,Fall,3.2,0,Free Shipping,0,0,33,Cash,Annually,1,0.37028891021212557,1.5341568426975336,2.3996554557680767,0.461903935888579,1.0361185983827494,Gold,4,1,3,8,Organic Loyalist
3713,51,Female,Blouse,Clothing,72,Oregon,M,Turquoise,Spring,3.7,0,2-Day Shipping,0,0,24,PayPal,Quarterly,4,0.3736226736702761,6.412051710702961,0.4712640708417055,0.5341091501186706,1.1994935931865265,Silver,3,1,4,8,Organic Loyalist
3714,49,Female,Shoes,Footwear,87,Arizona,M,Peach,Spring,2.6,0,Express,0,0,31,Debit Card,Every 3 Months,4,0.3987367149316104,7.141114292189605,-2.7198160345219193,0.40713195837093746,1.4438533787715069,Gold,4,1,5,10,Organic Loyalist
3715,18,Female,Hat,Accessories,31,New York,S,Peach,Winter,3.9,0,Express,0,0,35,Credit Card,Weekly,52,0.9645653976748835,173.83230432464725,2.3996554557680767,0.8609130795349766,0.5180592991913747,Gold,4,3,1,8,Organic Loyalist
3716,63,Female,Sunglasses,Accessories,34,Nebraska,S,Orange,Fall,3.4,0,Free Shipping,0,0,2,Bank Transfer,Monthly,12,0.25022766354342735,10.675757262121795,2.3996554557680767,0.5041993788625316,0.5681940700808625,Bronze,1,2,1,4,At-Risk / One-Timer
3717,57,Female,Shirt,Clothing,53,Vermont,M,Charcoal,Fall,3.4,0,Next Day Air,0,0,42,Debit Card,Every 3 Months,4,0.4287954449459535,6.841832756515353,0.4712640708417055,0.5091437043738061,0.8829605616511932,Platinum,5,1,3,9,Organic Loyalist
3718,45,Female,T-shirt,Clothing,85,Maryland,XL,White,Summer,4.2,0,Express,0,0,47,Bank Transfer,Every 3 Months,4,0.43998626625794646,7.839406541979038,0.4712640708417055,0.6073818686362047,1.4160688252896494,Platinum,5,1,5,11,Champion
3719,36,Female,Pants,Clothing,50,Tennessee,L,Turquoise,Fall,2.9,0,Standard,0,0,44,Bank Transfer,Bi-Weekly,26,0.6872666639219928,70.25752982886107,0.4712640708417055,0.5854533327843985,0.8329816619350878,Platinum,5,2,2,9,Organic Loyalist
3720,20,Female,Pants,Clothing,91,Pennsylvania,M,Red,Summer,4.1,0,Free Shipping,0,0,8,Bank Transfer,Every 3 Months,4,0.2696860963176239,4.8778540388719165,0.4712640708417055,0.5613218346481401,1.51602662472186,Bronze,1,1,5,7,Occasional Buyer
3721,21,Female,Hat,Accessories,56,South Carolina,M,Peach,Fall,3.6,0,Free Shipping,0,0,13,Credit Card,Quarterly,4,0.3146354703286883,5.088349348872494,2.3996554557680767,0.5103117094503531,0.9358490566037736,Bronze,2,1,3,6,Occasional Buyer
3722,62,Female,Coat,Outerwear,60,Connecticut,L,Pink,Fall,4.0,0,Next Day Air,0,0,10,Cash,Annually,1,0.25548572642639006,1.0502695954355796,3.3361111111111157,0.5349432991314318,1.0494493629885553,Bronze,1,1,3,5,At-Risk / One-Timer
3723,23,Female,Jacket,Outerwear,34,Kentucky,XL,Yellow,Fall,4.0,0,Standard,0,0,1,Credit Card,Fortnightly,26,0.3705165737555528,34.250199938539104,3.3361111111111157,0.6541033147511105,0.5946879723601813,Bronze,1,2,1,4,At-Risk / One-Timer
3724,26,Female,Sandals,Footwear,30,Rhode Island,M,Beige,Spring,3.6,0,Free Shipping,0,0,1,Debit Card,Monthly,12,0.2089781122170913,8.611537960451432,-2.7198160345219193,0.5199494685972644,0.49788047543845065,Bronze,1,2,1,4,At-Risk / One-Timer
3725,30,Female,Gloves,Accessories,71,Colorado,L,Green,Winter,3.1,0,Express,0,0,18,Bank Transfer,Annually,1,0.31108775534844835,1.3304184633394647,2.3996554557680767,0.4380637049158435,1.186522911051213,Silver,2,1,4,7,Occasional Buyer
3726,18,Female,Dress,Clothing,100,Oklahoma,S,Turquoise,Winter,4.4,0,Next Day Air,0,0,2,PayPal,Annually,1,0.12330458662035042,0.5690655275322095,0.4712640708417055,0.5565070711702239,1.6659633238701756,Bronze,1,1,5,7,Occasional Buyer
3727,47,Female,Belt,Accessories,85,Idaho,XL,Orange,Fall,4.3,0,Next Day Air,0,0,36,Debit Card,Every 3 Months,4,0.413506648637333,7.367608889362213,2.3996554557680767,0.6140859451120819,1.4204851752021563,Gold,4,1,5,10,Organic Loyalist
3728,41,Female,Socks,Clothing,83,Maine,M,Gold,Summer,3.5,0,Next Day Air,0,0,17,Debit Card,Bi-Weekly,26,0.5940488239193306,68.43515921722697,0.4712640708417055,0.6388097647838662,1.3827495588122458,Silver,2,2,4,8,Organic Loyalist
3729,62,Female,Jacket,Outerwear,31,Vermont,L,Red,Winter,3.0,0,Standard,0,0,1,Debit Card,Annually,1,0.08205503529401438,0.2843810818239644,3.3361111111111157,0.3802571609049567,0.5422155042107536,Bronze,1,1,1,3,At-Risk / One-Timer
3730,28,Female,Boots,Footwear,82,Rhode Island,M,Teal,Spring,4.7,0,2-Day Shipping,0,0,50,Cash,Quarterly,4,0.4461538461538462,7.885930930837007,-2.7198160345219193,0.6686153846153846,1.3608732995317652,Platinum,5,1,4,10,Organic Loyalist
3731,46,Female,Shirt,Clothing,79,Florida,M,Teal,Summer,2.5,0,2-Day Shipping,0,0,3,Credit Card,Bi-Weekly,26,0.44103314751110567,50.248093978360714,0.4712640708417055,0.48820662950222116,1.3161110258574389,Bronze,1,2,4,7,Occasional Buyer
3732,54,Female,Hat,Accessories,62,West Virginia,M,Lavender,Spring,3.1,0,2-Day Shipping,0,0,45,PayPal,Quarterly,4,0.43565651022150625,7.219934465109081,2.3996554557680767,0.47451591742891663,1.0361185983827494,Platinum,5,1,3,9,Organic Loyalist
3733,36,Female,Shoes,Footwear,92,Indiana,L,Pink,Spring,3.3,0,Free Shipping,0,0,28,PayPal,Annually,1,0.354106636684449,1.605023561958138,-2.7198160345219193,0.4706674811830436,1.5268334580112486,Gold,3,1,5,9,Organic Loyalist
3734,25,Female,Socks,Clothing,58,Illinois,M,Maroon,Fall,4.7,0,Next Day Air,0,0,6,Debit Card,Every 3 Months,4,0.2441188965731355,3.981615766167631,0.4712640708417055,0.6282083946992425,0.9662587278447019,Bronze,1,1,3,5,At-Risk / One-Timer
3735,38,Female,Hoodie,Clothing,88,California,M,Beige,Spring,3.4,0,Next Day Air,0,0,33,Debit Card,Every 3 Months,4,0.40490429482751017,7.269872576094029,0.4712640708417055,0.5043654743501174,1.4660477250057546,Gold,4,1,5,10,Organic Loyalist
3736,38,Female,Sandals,Footwear,44,Massachusetts,L,Orange,Spring,3.1,0,2-Day Shipping,0,0,29,PayPal,Annually,1,0.35755557413411826,1.3610933920646386,-2.7198160345219193,0.4473572686729775,0.7302246973097276,Gold,3,1,2,6,Occasional Buyer
3737,42,Female,Jeans,Clothing,56,Idaho,M,Red,Spring,4.6,0,Store Pickup,0,0,2,PayPal,Every 3 Months,4,0.15791997123573503,2.553914159684137,0.4712640708417055,0.5989686096317623,0.9329394613672984,Bronze,1,1,3,5,At-Risk / One-Timer
3738,19,Female,Jewelry,Accessories,23,Kentucky,S,Maroon,Winter,4.9,0,Free Shipping,0,0,43,PayPal,Bi-Weekly,26,0.6849804123990342,56.59952020678971,2.3996554557680767,0.8249960824798069,0.384366576819407,Platinum,5,2,1,8,Organic Loyalist
3739,34,Female,Shorts,Clothing,45,Delaware,M,Brown,Spring,2.7,0,Free Shipping,0,0,48,Cash,Fortnightly,26,0.6959301008385788,69.27613662146874,0.4712640708417055,0.5631860201677158,0.7496834957415791,Platinum,5,2,2,9,Organic Loyalist
3740,38,Female,Sunglasses,Accessories,31,Idaho,M,Olive,Fall,4.2,0,Free Shipping,0,0,43,Credit Card,Weekly,52,0.9849804123990342,177.51146289790233,2.3996554557680767,0.9009960824798068,0.5180592991913747,Platinum,5,3,1,9,Organic Loyalist
3741,42,Female,Pants,Clothing,96,Virginia,M,Silver,Summer,2.6,0,Store Pickup,0,0,26,Debit Card,Bi-Weekly,26,0.6352983752456667,75.56396774840454,0.4712640708417055,0.5390596750491334,1.5993247909153687,Gold,3,2,5,10,Organic Loyalist
3742,58,Female,Shirt,Clothing,96,Arizona,M,Purple,Spring,3.2,0,2-Day Shipping,0,0,26,Debit Card,Bi-Weekly,26,0.6352983752456667,75.56396774840454,0.4712640708417055,0.6110596750491333,1.5993247909153687,Gold,3,2,5,10,Organic Loyalist
3743,56,Female,Shirt,Clothing,80,Maryland,M,Gray,Fall,4.4,0,Standard,0,0,50,Credit Card,Bi-Weekly,26,0.7,79.97897461503838,0.4712640708417055,0.768,1.3327706590961406,Platinum,5,2,4,11,Champion
3744,62,Female,Pants,Clothing,28,Idaho,L,Cyan,Fall,3.6,0,Free Shipping,0,0,36,Debit Card,Quarterly,4,0.413506648637333,5.569596854512694,0.4712640708417055,0.530085945112082,0.4664697306836492,Gold,4,1,1,6,Occasional Buyer
3745,24,Female,Hoodie,Clothing,51,New Jersey,M,Gray,Summer,2.7,0,Next Day Air,0,0,26,Bank Transfer,Fortnightly,26,0.6352983752456667,65.2656865799751,0.4712640708417055,0.5510596750491334,0.8496412951737896,Gold,3,2,2,7,Occasional Buyer
3746,60,Female,Socks,Clothing,41,Washington,L,Gold,Spring,4.3,0,Express,0,0,2,Debit Card,Monthly,12,0.25022766354342735,11.223220028163615,0.4712640708417055,0.6121993788625317,0.6830449627867721,Bronze,1,2,2,5,At-Risk / One-Timer
3747,53,Female,Coat,Outerwear,99,Idaho,XL,Cyan,Summer,2.6,0,Next Day Air,0,0,49,PayPal,Monthly,12,0.5364469397335212,29.64515343870435,3.3361111111111157,0.4654432341005504,1.7315914489311164,Platinum,5,2,5,12,Champion
3748,26,Female,Sweater,Clothing,53,Rhode Island,L,Olive,Spring,4.3,0,Store Pickup,0,0,32,Bank Transfer,Bi-Weekly,26,0.6557133899698174,68.00638654441269,0.4712640708417055,0.7471426779939635,0.8829605616511932,Gold,4,2,3,9,Organic Loyalist
3749,34,Female,Backpack,Accessories,25,Delaware,M,Violet,Fall,3.9,0,2-Day Shipping,0,0,3,Venmo,Annually,1,0.15257160904956724,0.49709303124476206,2.3996554557680767,0.5023604756560672,0.41778975741239893,Bronze,1,1,1,3,At-Risk / One-Timer
3750,24,Female,Blouse,Clothing,95,Alaska,L,Yellow,Winter,2.9,0,2-Day Shipping,0,0,38,Venmo,Every 3 Months,4,0.4188623015480085,7.647333554178832,0.4712640708417055,0.4471570756942171,1.582665157676667,Gold,4,1,5,10,Organic Loyalist
3751,42,Female,Hoodie,Clothing,88,Arizona,M,Gold,Fall,3.1,0,Free Shipping,0,0,5,PayPal,Monthly,12,0.3207442372989802,17.276450987066383,0.4712640708417055,0.4823026936136422,1.4660477250057546,Bronze,1,2,5,8,Organic Loyalist
3752,36,Female,Jewelry,Accessories,97,Alabama,S,Silver,Fall,4.2,0,Free Shipping,0,0,8,Credit Card,Every 3 Months,4,0.2696860963176239,4.946007924263701,2.3996554557680767,0.5733218346481401,1.6210242587601078,Bronze,1,1,5,7,Occasional Buyer
3753,24,Female,Coat,Outerwear,81,Washington,L,Pink,Winter,4.1,0,2-Day Shipping,0,0,43,Venmo,Weekly,52,0.9849804123990342,225.7076713578495,3.3361111111111157,0.8889960824798068,1.4167566400345497,Platinum,5,3,4,12,Champion
3754,39,Female,Sunglasses,Accessories,26,Louisiana,S,Turquoise,Winter,4.2,0,Next Day Air,0,0,22,Bank Transfer,Fortnightly,26,0.6189860903121072,53.04200657585773,2.3996554557680767,0.7277972180624215,0.43450134770889487,Silver,3,2,1,6,Occasional Buyer
3755,46,Female,Shoes,Footwear,41,Nebraska,M,Turquoise,Summer,4.4,0,Express,0,0,10,Cash,Every 3 Months,4,0.2901011110417747,4.3372084358843646,-2.7198160345219193,0.6014048375929703,0.6804366497658826,Bronze,1,1,2,4,At-Risk / One-Timer
3756,64,Female,Skirt,Clothing,93,Pennsylvania,M,Peach,Fall,3.4,0,Free Shipping,0,0,26,Credit Card,Monthly,12,0.4737599137072051,25.829171327935587,0.4712640708417055,0.5489058288952872,1.5493458911992635,Gold,3,2,5,10,Organic Loyalist
3757,64,Female,Skirt,Clothing,69,South Carolina,L,Teal,Spring,4.8,0,Express,0,0,42,Debit Card,Bi-Weekly,26,0.6826415987921073,75.40518919682413,0.4712640708417055,0.8125283197584214,1.1495146934704212,Platinum,5,2,4,11,Champion
3758,61,Female,Skirt,Clothing,44,California,L,Red,Fall,4.5,0,2-Day Shipping,0,0,33,Cash,Weekly,52,0.958750448673664,189.78124724085802,0.4712640708417055,0.9317500897347328,0.7330238625028773,Gold,4,3,2,9,Organic Loyalist
3759,61,Female,Sandals,Footwear,54,Indiana,S,Black,Spring,2.7,0,Store Pickup,0,0,23,Bank Transfer,Quarterly,4,0.3694696925023936,5.922352638809914,-2.7198160345219193,0.4132785538850941,0.8961848557892111,Silver,3,1,3,7,Occasional Buyer
3760,44,Female,Sneakers,Footwear,61,Missouri,M,Pink,Spring,3.5,0,Store Pickup,0,0,30,Venmo,Quarterly,4,0.39550679567473,6.529238783792726,-2.7198160345219193,0.5144859745195614,1.0123569667248498,Gold,3,1,3,7,Occasional Buyer
3761,65,Female,Socks,Clothing,80,Connecticut,M,Peach,Fall,3.1,0,Next Day Air,0,0,36,PayPal,Weekly,52,0.9673528024834868,221.05110066746582,0.4712640708417055,0.7654705604966974,1.3327706590961406,Gold,4,3,4,11,Champion
3762,60,Female,Backpack,Accessories,30,Nevada,M,Green,Summer,2.8,0,Next Day Air,0,0,3,Venmo,Every 3 Months,4,0.18718699366495184,2.571190964365947,2.3996554557680767,0.3888220141176057,0.5013477088948787,Bronze,1,1,1,3,At-Risk / One-Timer
3763,65,Female,Shorts,Clothing,94,New York,L,Green,Fall,2.9,0,Store Pickup,0,0,13,PayPal,Annually,1,0.2800200857133037,1.2751769975138165,0.4712640708417055,0.40785017098881454,1.5660055244379651,Bronze,2,1,5,8,Organic Loyalist
3764,27,Female,Shirt,Clothing,24,Oklahoma,XL,Red,Winter,4.5,0,Standard,0,0,38,Cash,Every 3 Months,4,0.4188623015480085,5.393062945606156,0.4712640708417055,0.6391570756942171,0.3998311977288422,Gold,4,1,1,6,Occasional Buyer
3765,36,Female,Socks,Clothing,21,South Dakota,M,Maroon,Fall,3.5,0,Next Day Air,0,0,19,Venmo,Monthly,12,0.4432290997308591,16.44047956598247,0.4712640708417055,0.554799666100018,0.34985229801273693,Silver,2,2,1,5,At-Risk / One-Timer
3766,22,Female,Jewelry,Accessories,52,Missouri,M,Green,Summer,4.3,0,Standard,0,0,14,Bank Transfer,Bi-Weekly,26,0.5755005388401039,59.40753352564559,2.3996554557680767,0.7311001077680208,0.8690026954177897,Silver,2,2,3,7,Occasional Buyer
3767,62,Female,Handbag,Accessories,59,Texas,M,Black,Fall,4.9,0,Next Day Air,0,0,43,Debit Card,Annually,1,0.39651887393749574,1.6234848953244163,2.3996554557680767,0.6711499286336531,0.9859838274932615,Platinum,5,1,3,9,Organic Loyalist
3768,59,Female,Shorts,Clothing,51,New York,XL,Black,Summer,3.1,0,Free Shipping,0,0,10,Bank Transfer,Fortnightly,26,0.5439472648879285,55.88097355432736,0.4712640708417055,0.5807894529775857,0.8496412951737896,Bronze,1,2,2,5,At-Risk / One-Timer
3769,50,Female,Sweater,Clothing,35,Vermont,M,Yellow,Winter,4.0,0,Free Shipping,0,0,34,Bank Transfer,Quarterly,4,0.40785331033135047,5.846200246737646,0.4712640708417055,0.5769552774508855,0.5830871633545616,Gold,4,1,1,6,Occasional Buyer
3770,51,Female,Gloves,Accessories,87,Arizona,L,Green,Summer,3.6,0,Standard,0,0,31,Venmo,Annually,1,0.3641213303162258,1.6302938371616174,2.3996554557680767,0.508670419909399,1.4539083557951482,Gold,4,1,5,10,Organic Loyalist
3771,23,Female,Pants,Clothing,42,Montana,L,Black,Summer,4.0,0,Store Pickup,0,0,34,Bank Transfer,Weekly,52,0.9616994641775043,188.09149506819705,0.4712640708417055,0.8723398928355008,0.6997045960254739,Gold,4,3,2,9,Organic Loyalist
3772,21,Female,T-shirt,Clothing,86,Oklahoma,M,Red,Winter,2.6,0,Express,0,0,28,Venmo,Bi-Weekly,26,0.6425681751459875,74.61091118451168,0.4712640708417055,0.5405136350291976,1.432728458528351,Gold,3,2,5,10,Organic Loyalist
3773,44,Female,Pants,Clothing,26,New Hampshire,L,Yellow,Fall,3.1,0,Next Day Air,0,0,35,Cash,Annually,1,0.37610385921334505,1.2395769646418446,0.4712640708417055,0.45106692568882284,0.4331504642062457,Gold,4,1,1,6,Occasional Buyer
3774,25,Female,Sweater,Clothing,60,Wisconsin,M,Violet,Summer,3.5,0,Store Pickup,0,0,41,Cash,Quarterly,4,0.42640159541057726,7.011532696860579,0.4712640708417055,0.5206649344667308,0.9995779943221055,Platinum,5,1,3,9,Organic Loyalist
3775,57,Female,Gloves,Accessories,83,Alaska,S,Cyan,Winter,3.9,0,Standard,0,0,48,PayPal,Fortnightly,26,0.6959301008385788,80.17200832202369,2.3996554557680767,0.7071860201677157,1.3870619946091645,Platinum,5,2,4,11,Champion
3776,41,Female,Belt,Accessories,63,South Dakota,S,Pink,Spring,2.7,0,2-Day Shipping,0,0,45,Cash,Quarterly,4,0.43565651022150625,7.247377962062929,2.3996554557680767,0.42651591742891665,1.0528301886792453,Platinum,5,1,3,9,Organic Loyalist
3777,19,Female,Sneakers,Footwear,25,Alaska,L,Olive,Spring,4.1,0,Standard,0,0,10,Credit Card,Fortnightly,26,0.5439472648879285,46.07805021553797,-2.7198160345219193,0.7007894529775857,0.4149003961987089,Bronze,1,2,1,4,At-Risk / One-Timer
3778,43,Female,Shorts,Clothing,65,Utah,M,Maroon,Fall,4.3,0,Express,0,0,9,Cash,Weekly,52,0.8342509875137678,181.75162750561884,0.4712640708417055,0.8828501975027535,1.0828761605156143,Bronze,1,3,3,7,Occasional Buyer
3779,25,Female,Sneakers,Footwear,60,South Dakota,M,Cyan,Fall,2.9,0,Free Shipping,0,0,30,Debit Card,Annually,1,0.3608914110593454,1.4835790695284903,-2.7198160345219193,0.42402443605802287,0.9957609508769013,Gold,3,1,3,7,Occasional Buyer
3780,60,Female,Jeans,Clothing,75,California,XL,Lavender,Spring,4.0,0,Express,0,0,45,PayPal,Annually,1,0.40104112560612165,1.7368021734883892,0.4712640708417055,0.5640543789673782,1.2494724929026317,Platinum,5,1,4,10,Organic Loyalist
3781,54,Female,Sneakers,Footwear,57,Mississippi,L,Yellow,Fall,4.1,0,Free Shipping,0,0,41,Venmo,Quarterly,4,0.42640159541057726,6.925517511082882,-2.7198160345219193,0.5926649344667307,0.9459729033330563,Platinum,5,1,3,9,Organic Loyalist
3782,52,Female,Boots,Footwear,99,Tennessee,M,Pink,Winter,3.7,0,Standard,0,0,40,PayPal,Fortnightly,26,0.677796211082861,81.15553948981656,-2.7198160345219193,0.6795592422165723,1.6430055689468872,Platinum,4,2,5,11,Champion
3783,40,Female,Jacket,Outerwear,45,Alabama,L,Orange,Spring,2.8,0,Free Shipping,0,0,42,PayPal,Fortnightly,26,0.6826415987921073,67.95333698662502,3.3361111111111157,0.5725283197584214,0.7870870222414165,Platinum,5,2,2,9,Organic Loyalist
3784,39,Female,Gloves,Accessories,66,Maine,XL,Orange,Summer,3.2,0,Free Shipping,0,0,17,Debit Card,Fortnightly,26,0.5940488239193306,64.9426103427788,2.3996554557680767,0.6028097647838662,1.1029649595687332,Silver,2,2,3,7,Occasional Buyer
3785,54,Female,Socks,Clothing,53,Virginia,M,Violet,Winter,4.5,0,Next Day Air,0,0,4,Venmo,Annually,1,0.1752728752966765,0.6991607033538921,0.4712640708417055,0.5789007289054892,0.8829605616511932,Bronze,1,1,3,5,At-Risk / One-Timer
3786,64,Female,Jeans,Clothing,94,New Hampshire,L,Lavender,Winter,3.8,0,Standard,0,0,6,Cash,Monthly,12,0.3364265888808278,18.384543225892767,0.4712640708417055,0.5694391639300117,1.5660055244379651,Bronze,1,2,5,8,Organic Loyalist
3787,31,Female,Boots,Footwear,47,Tennessee,L,Yellow,Fall,3.6,0,2-Day Shipping,0,0,22,Venmo,Weekly,52,0.9189860903121072,184.99415385497903,-2.7198160345219193,0.8157972180624214,0.7800127448535726,Silver,3,3,2,8,Organic Loyalist
3788,37,Female,Blouse,Clothing,80,New York,M,Pink,Fall,3.6,0,2-Day Shipping,0,0,46,PayPal,Every 3 Months,4,0.43784442059494383,7.696340175845979,0.4712640708417055,0.5349534995036042,1.3327706590961406,Platinum,5,1,4,10,Organic Loyalist
3789,43,Female,Hat,Accessories,65,Kansas,XL,Teal,Spring,3.2,0,Next Day Air,0,0,27,Debit Card,Monthly,12,0.4774597363919335,24.004697384413813,2.3996554557680767,0.5256457934322328,1.0862533692722371,Gold,3,2,3,8,Organic Loyalist
3790,56,Female,Shirt,Clothing,75,North Dakota,M,Magenta,Summer,3.8,0,Express,0,0,18,Bank Transfer,Every 3 Months,4,0.34570313996383295,5.9885924563321735,0.4712640708417055,0.540525243377382,1.2494724929026317,Silver,2,1,4,7,Occasional Buyer
3791,27,Female,Handbag,Accessories,45,Alaska,XL,Beige,Summer,4.4,0,Standard,0,0,31,Credit Card,Weekly,52,0.9525828687777642,189.64910665942216,2.3996554557680767,0.9185165737555528,0.7520215633423181,Gold,4,3,2,9,Organic Loyalist
3792,40,Female,Sunglasses,Accessories,51,Texas,M,Gray,Spring,3.7,0,Store Pickup,0,0,1,Venmo,Weekly,52,0.6705165737555528,137.76746881333116,2.3996554557680767,0.7781033147511106,0.8522911051212938,Bronze,1,3,2,6,Occasional Buyer
3793,43,Female,Scarf,Accessories,58,Massachusetts,S,Turquoise,Summer,2.6,0,Express,0,0,2,PayPal,Fortnightly,26,0.41176612508188887,43.65378662198757,2.3996554557680767,0.4943532250163778,0.9692722371967656,Bronze,1,2,3,6,Occasional Buyer
3794,62,Female,Sunglasses,Accessories,20,Delaware,M,Pink,Fall,4.0,0,Standard,0,0,46,Bank Transfer,Annually,1,0.4032290359795592,1.2276398475813535,2.3996554557680767,0.5644919610420657,0.33423180592991913,Platinum,5,1,1,7,Occasional Buyer
3795,44,Female,Scarf,Accessories,82,South Dakota,M,Violet,Summer,3.6,0,2-Day Shipping,0,0,27,Venmo,Weekly,52,0.938998197930395,215.76273511845815,2.3996554557680767,0.819799639586079,1.3703504043126684,Gold,3,3,4,10,Organic Loyalist
3796,45,Female,Gloves,Accessories,92,Arkansas,M,Charcoal,Spring,2.5,0,Express,0,0,3,Cash,Weekly,52,0.7410331475111056,174.65793637856717,2.3996554557680767,0.6482066295022211,1.537466307277628,Bronze,1,3,5,9,Organic Loyalist
3797,40,Female,Shorts,Clothing,81,Utah,M,Lavender,Fall,3.2,0,Free Shipping,0,0,47,Bank Transfer,Quarterly,4,0.43998626625794646,7.755583792203309,0.4712640708417055,0.4873818686362047,1.3494302923348425,Platinum,5,1,4,10,Organic Loyalist
3798,68,Female,Sunglasses,Accessories,44,California,M,Gray,Summer,2.5,0,Next Day Air,0,0,20,Cash,Quarterly,4,0.3558850216550244,5.418936650421117,2.3996554557680767,0.38656161971562025,0.7353099730458221,Silver,2,1,2,5,At-Risk / One-Timer
3799,63,Female,Jewelry,Accessories,72,Rhode Island,S,Brown,Winter,3.2,0,Next Day Air,0,0,23,Credit Card,Annually,1,0.334854307887009,1.4366788266830277,2.3996554557680767,0.4548170154235556,1.203234501347709,Silver,3,1,4,8,Organic Loyalist
3800,60,Female,Jacket,Outerwear,26,Oklahoma,L,Violet,Winter,2.6,0,Store Pickup,0,0,13,Credit Card,Monthly,12,0.40694316263638064,16.094619333424546,3.3361111111111157,0.4395424786811223,0.454761390628374,Bronze,2,2,1,5,At-Risk / One-Timer
3801,19,Female,Sweater,Clothing,26,Vermont,M,Turquoise,Fall,4.8,0,Next Day Air,0,0,12,Venmo,Bi-Weekly,26,0.5609423303122735,48.068134710584786,0.4712640708417055,0.7881884660624546,0.4331504642062457,Bronze,2,2,1,5,At-Risk / One-Timer
3802,26,Female,Blouse,Clothing,84,Kentucky,M,Peach,Spring,5.0,0,Store Pickup,0,0,36,PayPal,Fortnightly,26,0.6673528024834868,77.08520992836551,0.4712640708417055,0.8334705604966973,1.3994091920509477,Gold,4,2,4,10,Organic Loyalist
3803,70,Female,Scarf,Accessories,72,Illinois,S,Turquoise,Spring,3.2,0,2-Day Shipping,0,0,1,Bank Transfer,Monthly,12,0.2089781122170913,10.759345374662248,2.3996554557680767,0.47194946859726444,1.203234501347709,Bronze,1,2,4,7,Occasional Buyer
3804,48,Female,Handbag,Accessories,55,Connecticut,M,Violet,Spring,3.6,0,Standard,0,0,14,Debit Card,Weekly,52,0.8755005388401038,183.2582738614964,2.3996554557680767,0.8071001077680208,0.9191374663072777,Silver,2,3,3,8,Organic Loyalist
3805,37,Female,Hat,Accessories,77,Florida,M,Olive,Fall,2.7,0,2-Day Shipping,0,0,45,Cash,Annually,1,0.40104112560612165,1.7472194117937194,2.3996554557680767,0.4080543789673782,1.2867924528301888,Platinum,5,1,4,10,Organic Loyalist
3806,48,Female,Scarf,Accessories,57,New Jersey,M,Green,Fall,3.1,0,Standard,0,0,31,Credit Card,Quarterly,4,0.3987367149316104,6.476190828769189,2.3996554557680767,0.46713195837093746,0.9525606469002695,Gold,4,1,3,8,Organic Loyalist
3807,18,Female,Boots,Footwear,71,Missouri,M,Teal,Spring,3.0,0,Standard,0,0,41,PayPal,Weekly,52,0.9802477492567311,217.99400154937638,-2.7198160345219193,0.7560495498513463,1.1783171252043332,Platinum,5,3,4,12,Champion
3808,38,Female,Blouse,Clothing,39,Michigan,L,Peach,Spring,2.9,0,Next Day Air,0,0,36,PayPal,Annually,1,0.3788912640219484,1.3976841991938243,0.4712640708417055,0.42762440665054346,0.6497256963093685,Gold,4,1,2,7,Occasional Buyer
3809,33,Female,Socks,Clothing,28,Washington,M,Pink,Winter,4.7,0,Express,0,0,6,Debit Card,Bi-Weekly,26,0.49796505041928935,43.59668658165281,0.4712640708417055,0.7635930100838579,0.4664697306836492,Bronze,1,2,1,4,At-Risk / One-Timer
3810,57,Female,Shoes,Footwear,33,New York,S,Maroon,Winter,3.7,0,Standard,0,0,28,Credit Card,Annually,1,0.354106636684449,1.2487076651086382,-2.7198160345219193,0.5186674811830436,0.5476685229822957,Gold,3,1,1,5,At-Risk / One-Timer
3811,46,Female,Skirt,Clothing,79,Wisconsin,L,Peach,Fall,3.9,0,Free Shipping,0,0,29,Venmo,Monthly,12,0.4844786510571952,25.47598023436203,0.4712640708417055,0.6110495763652852,1.3161110258574389,Gold,3,2,4,9,Organic Loyalist
3812,46,Female,Belt,Accessories,30,Idaho,M,Maroon,Winter,4.0,0,Standard,0,0,14,Cash,Monthly,12,0.41396207730164236,17.05848571915117,2.3996554557680767,0.6089462616141746,0.5013477088948787,Silver,2,2,1,5,At-Risk / One-Timer
3813,50,Female,Skirt,Clothing,75,Michigan,M,Pink,Spring,2.8,0,Next Day Air,0,0,7,Bank Transfer,Every 3 Months,4,0.2577035674205047,4.464181725354824,0.4712640708417055,0.4029253288687163,1.2494724929026317,Bronze,1,1,4,6,Occasional Buyer
3814,61,Female,Pants,Clothing,89,Georgia,M,Orange,Summer,4.1,0,Express,0,0,31,Venmo,Bi-Weekly,26,0.6525828687777642,76.34896629406929,0.4712640708417055,0.7225165737555528,1.4827073582444563,Gold,4,2,5,11,Champion
3815,45,Female,Dress,Clothing,95,Michigan,M,Orange,Winter,4.2,0,Free Shipping,0,0,26,Bank Transfer,Every 3 Months,4,0.3814522213995128,6.964323027505019,0.4712640708417055,0.595675059664518,1.582665157676667,Gold,3,1,5,9,Organic Loyalist
3816,32,Female,Hat,Accessories,44,Maine,M,Brown,Fall,4.3,0,Express,0,0,12,Venmo,Fortnightly,26,0.5609423303122735,55.51827132082618,2.3996554557680767,0.7281884660624547,0.7353099730458221,Bronze,2,2,2,6,Occasional Buyer
3817,29,Female,Coat,Outerwear,86,Maryland,S,Silver,Summer,4.3,0,Store Pickup,0,0,45,Credit Card,Fortnightly,26,0.68950266406766,80.0606441776369,3.3361111111111157,0.753900532813532,1.5042107536169294,Platinum,5,2,5,12,Champion
3818,66,Female,Scarf,Accessories,91,Missouri,M,Magenta,Fall,2.6,0,Express,0,0,40,PayPal,Annually,1,0.38933467262132265,1.7604890753082245,2.3996554557680767,0.39371308837041835,1.5207547169811322,Platinum,4,1,5,10,Organic Loyalist
3819,70,Female,Sneakers,Footwear,41,Oregon,XL,Indigo,Winter,3.8,0,Free Shipping,0,0,42,Cash,Monthly,12,0.5211031372536459,23.372536369261205,-2.7198160345219193,0.6063744736045753,0.6804366497658826,Platinum,5,2,2,9,Organic Loyalist
3820,36,Female,Pants,Clothing,99,Arkansas,S,Gold,Spring,2.9,0,Express,0,0,45,Cash,Quarterly,4,0.43565651022150625,8.025089488814787,0.4712640708417055,0.4505159174289166,1.649303690631474,Platinum,5,1,5,11,Champion
3821,34,Female,Belt,Accessories,65,New Hampshire,M,Purple,Winter,5.0,0,Standard,0,0,34,Debit Card,Quarterly,4,0.40785331033135047,6.835058222723671,2.3996554557680767,0.6969552774508855,1.0862533692722371,Gold,4,1,3,8,Organic Loyalist
3822,20,Female,Sneakers,Footwear,48,Oregon,M,Gold,Summer,4.6,0,Free Shipping,0,0,34,Credit Card,Every 3 Months,4,0.40785331033135047,6.349167167196649,-2.7198160345219193,0.6489552774508854,0.7966087607015211,Gold,4,1,2,7,Occasional Buyer
3823,70,Female,Hat,Accessories,41,Kansas,S,Gold,Spring,3.2,0,Free Shipping,0,0,17,PayPal,Every 3 Months,4,0.3402026700731767,5.086260735965573,2.3996554557680767,0.46742514939925073,0.6851752021563342,Silver,2,1,2,5,At-Risk / One-Timer
3824,50,Female,Shirt,Clothing,42,California,M,Gold,Summer,3.0,0,Standard,0,0,27,Bank Transfer,Weekly,52,0.938998197930395,183.6515267959761,0.4712640708417055,0.7477996395860791,0.6997045960254739,Gold,3,3,2,8,Organic Loyalist
3825,54,Female,Shorts,Clothing,26,Georgia,M,Olive,Summer,4.0,0,Free Shipping,0,0,31,Credit Card,Quarterly,4,0.3987367149316104,5.256684659604241,0.4712640708417055,0.5751319583709374,0.4331504642062457,Gold,4,1,1,6,Occasional Buyer
3826,49,Female,Shorts,Clothing,35,Hawaii,L,Green,Fall,4.1,0,Express,0,0,47,Debit Card,Fortnightly,26,0.6938324201041003,64.64540205650486,0.4712640708417055,0.73076648402082,0.5830871633545616,Platinum,5,2,1,8,Organic Loyalist
3827,50,Female,Jacket,Outerwear,31,Montana,M,Gray,Summer,4.0,0,Express,0,0,25,Bank Transfer,Annually,1,0.3429973656062879,1.1887382845474361,3.3361111111111157,0.5524456269674114,0.5422155042107536,Silver,3,1,1,5,At-Risk / One-Timer
3828,62,Female,Jewelry,Accessories,73,Montana,M,Red,Summer,4.1,0,Standard,0,0,47,Cash,Fortnightly,26,0.6938324201041003,77.64379739748917,2.3996554557680767,0.73076648402082,1.2199460916442049,Platinum,5,2,4,11,Champion
3829,42,Female,Blouse,Clothing,82,Mississippi,M,Charcoal,Spring,3.4,0,Free Shipping,0,0,8,Cash,Weekly,52,0.8235322501637777,189.231002940398,0.4712640708417055,0.7727064500327555,1.3660899255735441,Bronze,1,3,4,8,Organic Loyalist
3830,69,Female,Pants,Clothing,32,Washington,M,Indigo,Spring,2.9,0,Free Shipping,0,0,32,Debit Card,Fortnightly,26,0.6557133899698174,59.61037748079143,0.4712640708417055,0.5791426779939635,0.5331082636384562,Gold,4,2,1,7,Occasional Buyer
3831,22,Female,Hat,Accessories,27,Pennsylvania,M,Indigo,Summer,3.0,0,2-Day Shipping,0,0,33,Bank Transfer,Every 3 Months,4,0.40490429482751017,5.3968956696541595,2.3996554557680767,0.45636547435011743,0.45121293800539086,Gold,4,1,1,6,Occasional Buyer
3832,36,Female,Backpack,Accessories,86,Nevada,L,Silver,Spring,4.0,0,Next Day Air,0,0,16,Debit Card,Every 3 Months,4,0.3343877210719573,5.973379353254634,2.3996554557680767,0.5622621595990068,1.4371967654986524,Silver,2,1,5,8,Organic Loyalist
3833,64,Female,Boots,Footwear,38,Kansas,XL,Purple,Winter,4.8,0,2-Day Shipping,0,0,27,Cash,Weekly,52,0.938998197930395,178.88404475357777,-2.7198160345219193,0.9637996395860791,0.6306486022220374,Gold,3,3,2,8,Organic Loyalist
3834,44,Female,Jacket,Outerwear,93,Arizona,L,Gray,Summer,4.6,0,Free Shipping,0,0,17,PayPal,Every 3 Months,4,0.3402026700731767,6.182564063431149,3.3361111111111157,0.6354251493992508,1.6266465126322607,Silver,2,1,5,8,Organic Loyalist
3835,43,Female,Hoodie,Clothing,59,Tennessee,M,Magenta,Winter,4.1,0,2-Day Shipping,0,0,17,Cash,Quarterly,4,0.3402026700731767,5.571627809070201,0.4712640708417055,0.5754251493992507,0.9829183610834037,Silver,2,1,3,6,Occasional Buyer
3836,58,Female,Sandals,Footwear,58,Pennsylvania,L,Silver,Winter,2.6,0,Express,0,0,28,PayPal,Bi-Weekly,26,0.6425681751459875,68.12249065491825,-2.7198160345219193,0.5405136350291976,0.9625689191810046,Gold,3,2,3,8,Organic Loyalist
3837,62,Female,Skirt,Clothing,84,Alaska,M,Violet,Spring,2.5,0,Free Shipping,0,0,38,PayPal,Fortnightly,26,0.6727084553941624,77.70383567982192,0.4712640708417055,0.5345416910788325,1.3994091920509477,Gold,4,2,4,10,Organic Loyalist
3838,45,Female,Hoodie,Clothing,100,New Mexico,M,Green,Spring,4.8,0,Free Shipping,0,0,33,Bank Transfer,Fortnightly,26,0.658750448673664,79.0455304899575,0.4712640708417055,0.8077500897347327,1.6659633238701756,Gold,4,2,5,11,Champion
3839,47,Female,Dress,Clothing,25,Rhode Island,L,Green,Summer,4.2,0,Express,0,0,24,Venmo,Every 3 Months,4,0.3736226736702761,4.869194958445826,0.4712640708417055,0.5941091501186706,0.4164908309675439,Silver,3,1,1,5,At-Risk / One-Timer
3840,66,Female,Sandals,Footwear,29,Connecticut,M,Peach,Spring,3.9,0,Free Shipping,0,0,14,Venmo,Quarterly,4,0.32165438499395005,4.3760402081662955,-2.7198160345219193,0.5477154923834053,0.4812844595905023,Silver,2,1,1,4,At-Risk / One-Timer
3841,30,Female,Jeans,Clothing,42,Idaho,M,Turquoise,Spring,3.7,0,Express,0,0,5,Venmo,Fortnightly,26,0.48228269883744174,47.163005309274126,0.4712640708417055,0.6404565397674884,0.6997045960254739,Bronze,1,2,2,5,At-Risk / One-Timer
3842,68,Female,Jeans,Clothing,57,Mississippi,L,Pink,Fall,4.2,0,2-Day Shipping,0,0,8,Bank Transfer,Monthly,12,0.3619937886253162,17.6382617866186,0.4712640708417055,0.6225526038789094,0.9495990946060002,Bronze,1,2,3,6,Occasional Buyer
3843,35,Female,Jacket,Outerwear,84,Colorado,L,Lavender,Winter,4.2,0,Next Day Air,0,0,42,Debit Card,Monthly,12,0.5211031372536459,27.78095408977147,3.3361111111111157,0.6543744736045753,1.4692291081839775,Platinum,5,2,4,11,Champion
3844,64,Female,Hat,Accessories,71,Georgia,L,Silver,Winter,4.0,0,Free Shipping,0,0,48,Venmo,Every 3 Months,4,0.44208394699242487,7.562581751453573,2.3996554557680767,0.5838014047831004,1.186522911051213,Platinum,5,1,4,10,Organic Loyalist
3845,30,Female,Shorts,Clothing,87,Montana,S,Cyan,Fall,5.0,0,Next Day Air,0,0,40,Venmo,Quarterly,4,0.42395005723670726,7.59266879506421,0.4712640708417055,0.7001746268319569,1.449388091767053,Platinum,4,1,5,10,Organic Loyalist
3846,58,Female,Sweater,Clothing,52,California,M,Green,Winter,4.9,0,Standard,0,0,46,Venmo,Annually,1,0.4032290359795592,1.6009369808590617,0.4712640708417055,0.6724919610420658,0.8663009284124914,Platinum,5,1,3,9,Organic Loyalist
3847,57,Female,Blouse,Clothing,58,Pennsylvania,L,Orange,Summer,4.0,0,Express,0,0,40,PayPal,Every 3 Months,4,0.42395005723670726,6.914688930914587,0.4712640708417055,0.5801746268319569,0.9662587278447019,Platinum,4,1,3,8,Organic Loyalist
3848,60,Female,Sweater,Clothing,34,Delaware,S,Blue,Fall,3.2,0,2-Day Shipping,0,0,31,PayPal,Fortnightly,26,0.6525828687777642,60.324140174225825,0.4712640708417055,0.6145165737555528,0.5664275301158598,Gold,4,2,1,7,Occasional Buyer
3849,22,Female,Jewelry,Accessories,60,New Hampshire,M,Magenta,Winter,3.0,0,Next Day Air,0,0,39,Cash,Every 3 Months,4,0.42143798117871967,6.929913528790251,2.3996554557680767,0.4596722116203593,1.0026954177897573,Platinum,4,1,3,8,Organic Loyalist
3850,46,Female,Hoodie,Clothing,68,Florida,S,Cyan,Winter,2.6,0,Express,0,0,36,PayPal,Fortnightly,26,0.6673528024834868,73.46671388827009,0.4712640708417055,0.5454705604966974,1.1328550602317196,Gold,4,2,3,9,Organic Loyalist
3851,27,Female,Jewelry,Accessories,74,Mississippi,L,Indigo,Summer,4.4,0,2-Day Shipping,0,0,25,Debit Card,Every 3 Months,4,0.3776127502216725,6.521354242407307,2.3996554557680767,0.6189071654289499,1.236657681940701,Silver,3,1,4,8,Organic Loyalist
3852,50,Female,Scarf,Accessories,83,Montana,M,Pink,Summer,3.9,0,Free Shipping,0,0,24,Debit Card,Annually,1,0.33900728905489147,1.502079191274744,2.3996554557680767,0.539647611657132,1.3870619946091645,Silver,3,1,4,8,Organic Loyalist
3853,65,Female,Hat,Accessories,79,Mississippi,M,Peach,Fall,4.0,0,2-Day Shipping,0,0,19,PayPal,Weekly,52,0.9047675612693207,206.16520868689696,2.3996554557680767,0.8609535122538641,1.3202156334231807,Silver,2,3,4,9,Organic Loyalist
3854,61,Female,Sunglasses,Accessories,76,Tennessee,M,Lavender,Fall,4.0,0,Store Pickup,0,0,49,Debit Card,Bi-Weekly,26,0.6979854012719828,78.82973203091892,2.3996554557680767,0.7195970802543965,1.2700808625336928,Platinum,5,2,4,11,Champion
3855,57,Female,T-shirt,Clothing,20,Florida,M,Black,Spring,4.2,0,Free Shipping,0,0,4,Venmo,Annually,1,0.1752728752966765,0.5336222015650312,0.4712640708417055,0.5429007289054891,0.33319266477403514,Bronze,1,1,1,3,At-Risk / One-Timer
3856,40,Female,Shirt,Clothing,61,Illinois,XL,Lavender,Summer,4.4,0,Next Day Air,0,0,36,Cash,Quarterly,4,0.413506648637333,6.826390032143585,0.4712640708417055,0.6260859451120819,1.0162376275608072,Gold,4,1,3,8,Organic Loyalist
3857,39,Female,Sandals,Footwear,78,Virginia,S,Brown,Summer,2.5,0,Free Shipping,0,0,8,Debit Card,Quarterly,4,0.2696860963176239,4.713517337581025,-2.7198160345219193,0.36932183464814017,1.2944892361399718,Bronze,1,1,4,6,Occasional Buyer
3858,42,Female,Hat,Accessories,21,Texas,S,Yellow,Summer,3.1,0,Store Pickup,0,0,29,Credit Card,Every 3 Months,4,0.39217095874950286,4.848868329875785,2.3996554557680767,0.46581880713451596,0.3509433962264151,Gold,3,1,1,5,At-Risk / One-Timer
3859,30,Female,T-shirt,Clothing,77,Missouri,M,Olive,Winter,3.5,0,Store Pickup,0,0,26,Credit Card,Quarterly,4,0.3814522213995128,6.647505039726439,0.4712640708417055,0.5116750596645179,1.2827917593800353,Gold,3,1,4,8,Organic Loyalist
3860,65,Female,Shorts,Clothing,88,Mississippi,S,Blue,Fall,3.0,0,2-Day Shipping,0,0,47,Bank Transfer,Bi-Weekly,26,0.6938324201041003,80.97339731984188,0.4712640708417055,0.59876648402082,1.4660477250057546,Platinum,5,2,5,12,Champion
3861,57,Female,Sunglasses,Accessories,64,Pennsylvania,M,Turquoise,Summer,4.4,0,Next Day Air,0,0,44,Cash,Annually,1,0.3988051254604543,1.6647670388912528,2.3996554557680767,0.6116071789382447,1.0695417789757413,Platinum,5,1,3,9,Organic Loyalist
3862,64,Female,Jacket,Outerwear,57,Wyoming,M,Yellow,Spring,4.9,0,Standard,0,0,49,Credit Card,Monthly,12,0.5364469397335212,26.13854672363991,3.3361111111111157,0.7414432341005506,0.9969768948391275,Platinum,5,2,3,10,Organic Loyalist
3863,56,Female,Shirt,Clothing,49,Idaho,L,Turquoise,Winter,2.8,0,Next Day Air,0,0,9,Venmo,Monthly,12,0.37271252597530635,17.496719712319607,0.4712640708417055,0.4566963513489074,0.8163220286963861,Bronze,1,2,2,5,At-Risk / One-Timer
3864,40,Female,Scarf,Accessories,35,New Hampshire,M,Orange,Summer,3.3,0,Free Shipping,0,0,28,Cash,Fortnightly,26,0.6425681751459875,59.869035847005556,2.3996554557680767,0.6245136350291975,0.5849056603773585,Gold,3,2,1,6,Occasional Buyer
3865,55,Female,T-shirt,Clothing,99,Wyoming,S,Blue,Winter,4.9,0,Express,0,0,1,Debit Card,Fortnightly,26,0.3705165737555528,44.36358885071177,0.4712640708417055,0.7621033147511106,1.649303690631474,Bronze,1,2,5,8,Organic Loyalist
3866,25,Female,Shorts,Clothing,42,Nebraska,M,Olive,Spring,4.2,0,Store Pickup,0,0,28,Cash,Every 3 Months,4,0.38872202129983363,5.8482452459422785,0.4712640708417055,0.5971290196445821,0.6997045960254739,Gold,3,1,2,6,Occasional Buyer
3867,58,Female,Hat,Accessories,32,Alaska,M,Beige,Winter,3.3,0,2-Day Shipping,0,0,33,Credit Card,Fortnightly,26,0.658750448673664,59.88647404757947,2.3996554557680767,0.6277500897347328,0.5347708894878707,Gold,4,2,1,7,Occasional Buyer
3868,46,Female,Jacket,Outerwear,21,Maryland,L,Lavender,Summer,2.7,0,Standard,0,0,28,Credit Card,Monthly,12,0.48102971360752594,17.84259919305186,3.3361111111111157,0.46635978887535134,0.36730727704599436,Gold,3,2,1,6,Occasional Buyer
3869,18,Female,Dress,Clothing,29,Maryland,XL,Magenta,Winter,3.3,0,2-Day Shipping,0,0,9,Cash,Annually,1,0.24578944905222938,0.8359784305566264,0.4712640708417055,0.4490040436565997,0.48312936392235095,Bronze,1,1,1,3,At-Risk / One-Timer
3870,26,Female,Coat,Outerwear,64,Arizona,L,Cyan,Spring,3.8,0,Free Shipping,0,0,28,Bank Transfer,Annually,1,0.354106636684449,1.4781782363611233,3.3361111111111157,0.5306674811830436,1.119412653854459,Gold,3,1,3,7,Occasional Buyer
3871,61,Female,Sandals,Footwear,46,Ohio,L,Lavender,Fall,3.2,0,Next Day Air,0,0,19,Cash,Every 3 Months,4,0.3509214074231668,5.404396860716096,-2.7198160345219193,0.46956889686924874,0.7634167290056243,Silver,2,1,2,5,At-Risk / One-Timer
3872,55,Female,T-shirt,Clothing,97,Minnesota,M,Black,Fall,4.1,0,2-Day Shipping,0,0,20,Bank Transfer,Every 3 Months,4,0.3558850216550244,6.526885001737037,0.4712640708417055,0.5785616197156203,1.6159844241540704,Silver,2,1,5,8,Organic Loyalist
3873,41,Female,Jacket,Outerwear,94,New Hampshire,M,Green,Spring,4.3,0,Standard,0,0,3,Cash,Monthly,12,0.27949468597264415,15.273412701311686,3.3361111111111157,0.6180527833483751,1.6441373353487367,Bronze,1,2,5,8,Organic Loyalist
3874,42,Female,Sandals,Footwear,43,Louisiana,L,Silver,Summer,4.0,0,Standard,0,0,22,Credit Card,Weekly,52,0.9189860903121072,180.83611710705563,-2.7198160345219193,0.8637972180624214,0.7136286814617793,Silver,3,3,2,8,Organic Loyalist
3875,70,Female,Sweater,Clothing,54,Nevada,XL,Beige,Summer,3.9,0,2-Day Shipping,0,0,33,Credit Card,Bi-Weekly,26,0.658750448673664,68.63564587767559,0.4712640708417055,0.6997500897347327,0.8996201948898949,Gold,4,2,3,9,Organic Loyalist
3876,63,Female,Hat,Accessories,51,New Hampshire,M,Pink,Winter,3.3,0,2-Day Shipping,0,0,21,Credit Card,Annually,1,0.32600230018194293,1.288114540836999,2.3996554557680767,0.46504661388254237,0.8522911051212938,Silver,3,1,2,6,Occasional Buyer
3877,60,Female,Shoes,Footwear,85,Wisconsin,S,Cyan,Fall,2.6,0,2-Day Shipping,0,0,7,Cash,Annually,1,0.22308818280512005,0.9937122439040946,-2.7198160345219193,0.36046379040717785,1.4106613470756102,Bronze,1,1,5,7,Occasional Buyer
3878,28,Female,Hoodie,Clothing,96,Nevada,M,Olive,Spring,4.2,0,Next Day Air,0,0,46,Debit Card,Monthly,12,0.5301521129026361,29.10351229406945,0.4712640708417055,0.6561842687343734,1.5993247909153687,Platinum,5,2,5,12,Champion
3879,60,Female,Hat,Accessories,42,South Carolina,M,Pink,Summer,3.4,0,2-Day Shipping,0,0,24,Credit Card,Annually,1,0.33900728905489147,1.2750742548142187,2.3996554557680767,0.4796476116571321,0.7018867924528303,Silver,3,1,2,6,Occasional Buyer
3880,26,Female,Skirt,Clothing,63,Florida,L,Maroon,Winter,4.1,0,Free Shipping,0,0,6,Debit Card,Quarterly,4,0.2441188965731355,4.06104779714577,0.4712640708417055,0.5562083946992424,1.0495568940382107,Bronze,1,1,3,5,At-Risk / One-Timer
3881,42,Female,Shirt,Clothing,20,Massachusetts,M,Red,Winter,3.9,0,Free Shipping,0,0,40,PayPal,Monthly,12,0.5162577495443996,18.86109962563829,0.4712640708417055,0.6174053960627262,0.33319266477403514,Platinum,4,2,1,7,Occasional Buyer
3882,56,Female,Scarf,Accessories,25,Georgia,L,Silver,Spring,2.8,0,2-Day Shipping,0,0,17,Debit Card,Weekly,52,0.8940488239193305,151.47066365775493,2.3996554557680767,0.7148097647838662,0.41778975741239893,Silver,2,3,1,6,Occasional Buyer
3883,35,Female,Pants,Clothing,95,North Dakota,L,Blue,Fall,2.6,0,Free Shipping,0,0,24,Cash,Fortnightly,26,0.62746882751643,74.46364141000358,0.4712640708417055,0.5374937655032861,1.582665157676667,Silver,3,2,5,10,Organic Loyalist
3884,34,Female,Hat,Accessories,38,North Dakota,XL,Purple,Fall,4.0,0,Next Day Air,0,0,22,Cash,Fortnightly,26,0.6189860903121072,58.96003619883461,2.3996554557680767,0.7037972180624215,0.6350404312668464,Silver,3,2,2,7,Occasional Buyer
3885,47,Female,Sandals,Footwear,29,Maryland,M,Brown,Fall,4.9,0,Express,0,0,3,PayPal,Weekly,52,0.7410331475111056,131.0608000540612,-2.7198160345219193,0.9362066295022211,0.4812844595905023,Bronze,1,3,1,5,At-Risk / One-Timer
3886,49,Female,Socks,Clothing,64,New Mexico,L,Purple,Winter,3.2,0,Free Shipping,0,0,39,Cash,Quarterly,4,0.42143798117871967,7.036981374731857,0.4712640708417055,0.48367221162035934,1.0662165272769124,Platinum,4,1,3,8,Organic Loyalist
3887,37,Female,Jewelry,Accessories,92,Iowa,S,Brown,Summer,3.9,0,Express,0,0,40,Debit Card,Quarterly,4,0.42395005723670726,7.686383258213573,2.3996554557680767,0.5681746268319569,1.537466307277628,Platinum,4,1,5,10,Organic Loyalist
3888,40,Female,Shirt,Clothing,34,Kansas,M,Charcoal,Spring,2.7,0,Express,0,0,1,Credit Card,Quarterly,4,0.116670419909399,1.6592158050321504,0.4712640708417055,0.3627186993664952,0.5664275301158598,Bronze,1,1,1,3,At-Risk / One-Timer
3889,45,Female,Sneakers,Footwear,69,Virginia,M,Violet,Spring,3.4,0,Standard,0,0,14,Venmo,Bi-Weekly,26,0.5755005388401039,63.57029382753463,-2.7198160345219193,0.6231001077680208,1.1451250935084365,Silver,2,2,4,8,Organic Loyalist
3890,57,Female,Dress,Clothing,65,Alaska,S,Yellow,Spring,3.5,0,Express,0,0,49,Bank Transfer,Annually,1,0.40952386281044434,1.7157635937967572,0.4712640708417055,0.5057509264082427,1.0828761605156143,Platinum,5,1,3,9,Organic Loyalist
3891,35,Female,Shirt,Clothing,81,Nebraska,XL,Green,Winter,2.6,0,Standard,0,0,33,Debit Card,Annually,1,0.37028891021212557,1.6317592676802786,0.4712640708417055,0.38990393588857897,1.3494302923348425,Gold,4,1,4,9,Organic Loyalist
3892,36,Female,Dress,Clothing,30,Colorado,L,Peach,Winter,4.7,0,Free Shipping,0,0,6,Bank Transfer,Quarterly,4,0.2441188965731355,3.353204668820721,0.4712640708417055,0.6282083946992425,0.49978899716105274,Bronze,1,1,1,3,At-Risk / One-Timer
3893,35,Female,Jewelry,Accessories,86,Michigan,L,Indigo,Summer,3.5,0,Standard,0,0,5,PayPal,Fortnightly,26,0.48228269883744174,55.999585725844135,2.3996554557680767,0.6164565397674884,1.4371967654986524,Bronze,1,2,5,8,Organic Loyalist
3894,21,Female,Hat,Accessories,64,Massachusetts,L,White,Fall,3.3,0,Store Pickup,0,0,29,Bank Transfer,Bi-Weekly,26,0.6460171125956566,70.11486588480518,2.3996554557680767,0.6252034225191313,1.0695417789757413,Gold,3,2,3,8,Organic Loyalist
3895,66,Female,Skirt,Clothing,78,Connecticut,L,White,Spring,3.9,0,2-Day Shipping,0,0,44,Credit Card,Every 3 Months,4,0.4334205100758389,7.575233267864141,0.4712640708417055,0.5700687173997832,1.299451392618737,Platinum,5,1,4,10,Organic Loyalist
3896,40,Female,Hoodie,Clothing,28,Virginia,L,Turquoise,Summer,4.2,0,2-Day Shipping,0,0,32,Venmo,Weekly,52,0.9557133899698174,167.34482506079536,0.4712640708417055,0.8951426779939634,0.4664697306836492,Gold,4,3,1,8,Organic Loyalist
3897,52,Female,Backpack,Accessories,49,Iowa,L,White,Spring,4.5,0,Store Pickup,0,0,41,Bank Transfer,Bi-Weekly,26,0.6802477492567311,69.18976595655928,2.3996554557680767,0.7760495498513462,0.8188679245283019,Platinum,5,2,2,9,Organic Loyalist
3898,46,Female,Belt,Accessories,33,New Jersey,L,Green,Spring,2.9,0,Standard,0,0,24,Venmo,Quarterly,4,0.3736226736702761,5.270112990129631,2.3996554557680767,0.4381091501186706,0.5514824797843666,Silver,3,1,1,5,At-Risk / One-Timer
3899,44,Female,Shoes,Footwear,77,Minnesota,S,Brown,Summer,3.8,0,Express,0,0,24,Venmo,Weekly,52,0.9274688275164299,210.1170046206544,-2.7198160345219193,0.8414937655032859,1.2778932202920232,Silver,3,3,4,10,Organic Loyalist
3900,52,Female,Handbag,Accessories,81,California,M,Beige,Spring,3.1,0,Store Pickup,0,0,33,Venmo,Quarterly,4,0.40490429482751017,7.137198197265396,2.3996554557680767,0.46836547435011744,1.3536388140161726,Gold,4,1,4,9,Organic Loyalist
